period_id,origen,pais_origen,destino,pais_destino,vuelos,pasajeros
2026M01,ABBOTSFORD,Canada,PUERTO VALLARTA,Mexico,4,516
2026M01,ACAPULCO,Mexico,DALLAS-FORT WORTH,Estados Unidos,9,575
2026M01,ACAPULCO,Mexico,HOUSTON,Estados Unidos,13,812
2026M01,ACAPULCO,Mexico,MONTREAL,Canada,4,397
2026M01,AGUASCALIENTES,Mexico,CHICAGO,Estados Unidos,20,3485
2026M01,AGUASCALIENTES,Mexico,DALLAS-FORT WORTH,Estados Unidos,59,3776
2026M01,AGUASCALIENTES,Mexico,HOUSTON,Estados Unidos,53,3211
2026M01,AGUASCALIENTES,Mexico,LOS ANGELES,Estados Unidos,21,3487
2026M01,AMSTERDAM,Paises Bajos,CANCUN,Mexico,9,2162
2026M01,AMSTERDAM,Paises Bajos,MEXICO,Mexico,74,17415
2026M01,ATLANTA,Estados Unidos,CANCUN,Mexico,230,31531
2026M01,ATLANTA,Estados Unidos,COZUMEL,Mexico,29,3285
2026M01,ATLANTA,Estados Unidos,DEL BAJIO,Mexico,27,1996
2026M01,ATLANTA,Estados Unidos,GUADALAJARA,Mexico,36,5271
2026M01,ATLANTA,Estados Unidos,MEXICO,Mexico,128,17919
2026M01,ATLANTA,Estados Unidos,MONTERREY,Mexico,52,4672
2026M01,ATLANTA,Estados Unidos,PUERTO VALLARTA,Mexico,41,5591
2026M01,ATLANTA,Estados Unidos,QUERETARO,Mexico,29,2288
2026M01,ATLANTA,Estados Unidos,SAN JOSÉ DEL CABO,Mexico,58,7884
2026M01,ATLANTA,Estados Unidos,SAN LUIS POTOSI,Mexico,23,1328
2026M01,ATLANTA,Estados Unidos,TULUM,Mexico,30,4050
2026M01,AUSTIN,Estados Unidos,CANCUN,Mexico,46,4257
2026M01,AUSTIN,Estados Unidos,MEXICO,Mexico,31,4081
2026M01,AUSTIN,Estados Unidos,MONTERREY,Mexico,16,1539
2026M01,AUSTIN,Estados Unidos,PUERTO VALLARTA,Mexico,1,111
2026M01,AUSTIN,Estados Unidos,SAN JOSÉ DEL CABO,Mexico,33,1739
2026M01,BALTIMORE,Estados Unidos,CANCUN,Mexico,90,10420
2026M01,BALTIMORE,Estados Unidos,SAN JOSÉ DEL CABO,Mexico,1,73
2026M01,"BARCELONA, España",España,CANCUN,Mexico,0,0
2026M01,"BARCELONA, España",España,MEXICO,Mexico,31,7607
2026M01,BELFAST,Reino Unido,CANCUN,Mexico,0,0
2026M01,BELICE,Belice,CANCUN,Mexico,28,292
2026M01,"BIRMINGHAM, INGLATERRA",Reino Unido,CANCUN,Mexico,8,2508
2026M01,BOGOTA,Colombia,CANCUN,Mexico,120,19189
2026M01,BOGOTA,Colombia,GUADALAJARA,Mexico,19,3230
2026M01,BOGOTA,Colombia,MEXICO,Mexico,216,33369
2026M01,BOGOTA,Colombia,MONTERREY,Mexico,27,4065
2026M01,BOGOTA,Colombia,SANTA LUCÍA,Mexico,56,7639
2026M01,BOSTON,Estados Unidos,CANCUN,Mexico,91,13886
2026M01,BOSTON,Estados Unidos,MEXICO,Mexico,30,4155
2026M01,BRASILIA,Brasil,CANCUN,Mexico,18,2824
2026M01,BROWNSVILLE,Estados Unidos,MONTERREY,Mexico,31,91
2026M01,BUENOS AIRES,Argentina,CANCUN,Mexico,28,7055
2026M01,BUENOS AIRES,Argentina,MEXICO,Mexico,40,10357
2026M01,CALGARY,Canada,CANCUN,Mexico,64,14100
2026M01,CALGARY,Canada,COZUMEL,Mexico,5,586
2026M01,CALGARY,Canada,GUADALAJARA,Mexico,8,813
2026M01,CALGARY,Canada,HUATULCO,Mexico,22,3153
2026M01,CALGARY,Canada,IXTAPA ZIHUATANEJO,Mexico,18,2732
2026M01,CALGARY,Canada,LORETO,Mexico,9,1033
2026M01,CALGARY,Canada,MANZANILLO,Mexico,14,1886
2026M01,CALGARY,Canada,MAZATLAN,Mexico,23,3441
2026M01,CALGARY,Canada,MEXICO,Mexico,18,2176
2026M01,CALGARY,Canada,PUERTO ESCONDIDO,Mexico,5,826
2026M01,CALGARY,Canada,PUERTO VALLARTA,Mexico,73,15347
2026M01,CALGARY,Canada,SAN JOSÉ DEL CABO,Mexico,39,8694
2026M01,CALGARY,Canada,TEPIC,Mexico,5,285
2026M01,CALGARY,Canada,TULUM,Mexico,10,1392
2026M01,CALI,Colombia,MEXICO,Mexico,22,3242
2026M01,CAMAGUEY,Cuba,CANCUN,Mexico,4,464
2026M01,CAMPINAS,Brasil,SANTA LUCÍA,Mexico,3,0
2026M01,CANCUN,Mexico,AMSTERDAM,Paises Bajos,9,1787
2026M01,CANCUN,Mexico,ATLANTA,Estados Unidos,230,36958
2026M01,CANCUN,Mexico,AUSTIN,Estados Unidos,48,5759
2026M01,CANCUN,Mexico,BALTIMORE,Estados Unidos,89,11054
2026M01,CANCUN,Mexico,"BARCELONA, España",España,0,0
2026M01,CANCUN,Mexico,BELFAST,Reino Unido,0,0
2026M01,CANCUN,Mexico,BELICE,Belice,28,295
2026M01,CANCUN,Mexico,"BIRMINGHAM, INGLATERRA",Reino Unido,8,2553
2026M01,CANCUN,Mexico,BOGOTA,Colombia,120,18433
2026M01,CANCUN,Mexico,BOSTON,Estados Unidos,91,16229
2026M01,CANCUN,Mexico,BRASILIA,Brasil,18,2849
2026M01,CANCUN,Mexico,BUENOS AIRES,Argentina,28,6306
2026M01,CANCUN,Mexico,CALGARY,Canada,63,14044
2026M01,CANCUN,Mexico,CAMAGUEY,Cuba,4,288
2026M01,CANCUN,Mexico,CARACAS,Venezuela,9,1018
2026M01,CANCUN,Mexico,CHARLOTTE,Estados Unidos,118,20370
2026M01,CANCUN,Mexico,CHARLOTTETOWN,Canada,0,0
2026M01,CANCUN,Mexico,CHICAGO,Estados Unidos,274,50223
2026M01,CANCUN,Mexico,CLEVELAND,Estados Unidos,33,5321
2026M01,CANCUN,Mexico,COLORADO SPRINGS,Estados Unidos,1,137
2026M01,CANCUN,Mexico,"COLUMBUS, Ohio",Estados Unidos,0,0
2026M01,CANCUN,Mexico,COVINGTON,Estados Unidos,17,2146
2026M01,CANCUN,Mexico,"Cardiff, Glamorgan",Reino Unido,0,0
2026M01,CANCUN,Mexico,"Charleston, Sur de Carolina",Estados Unidos,3,139
2026M01,CANCUN,Mexico,DALLAS-FORT WORTH,Estados Unidos,240,39000
2026M01,CANCUN,Mexico,DENVER,Estados Unidos,110,22613
2026M01,CANCUN,Mexico,DETROIT,Estados Unidos,132,20827
2026M01,CANCUN,Mexico,DUBLIN,Irlanda,0,0
2026M01,CANCUN,Mexico,EDMONTON,Canada,90,14531
2026M01,CANCUN,Mexico,ESTAMBUL (ARNAVUTKOY),Turquia,40,4230
2026M01,CANCUN,Mexico,FORT LAUDERDALE,Estados Unidos,86,12488
2026M01,CANCUN,Mexico,FRANKFURT,Alemania,50,13860
2026M01,CANCUN,Mexico,"Fredericton, Canada",Canada,0,0
2026M01,CANCUN,Mexico,"GANDER, Canadá",Canada,0,0
2026M01,CANCUN,Mexico,GLASGOW,Reino Unido,0,0
2026M01,CANCUN,Mexico,GUATEMALA,Guatemala,31,3691
2026M01,CANCUN,Mexico,HALIFAX,Canada,30,4478
2026M01,CANCUN,Mexico,HAMILTON,Canada,25,2876
2026M01,CANCUN,Mexico,HARLINGEN TEXAS,Estados Unidos,0,0
2026M01,CANCUN,Mexico,HOUSTON,Estados Unidos,277,36723
2026M01,CANCUN,Mexico,INDIANAPOLIS,Estados Unidos,10,1348
2026M01,CANCUN,Mexico,KANSAS CITY,Estados Unidos,41,5498
2026M01,CANCUN,Mexico,KELOWNA,Canada,25,3739
2026M01,CANCUN,Mexico,KITCHENER,Canada,3,523
2026M01,CANCUN,Mexico,LA HABANA,Cuba,30,3260
2026M01,CANCUN,Mexico,LAS VEGAS,Estados Unidos,0,0
2026M01,CANCUN,Mexico,LIMA,Peru,124,18358
2026M01,CANCUN,Mexico,LISBON,Portugal,12,2730
2026M01,CANCUN,Mexico,"LONDON, ONTARIO",Canada,10,1632
2026M01,CANCUN,Mexico,LONDRES,Reino Unido,49,15011
2026M01,CANCUN,Mexico,LOS ANGELES,Estados Unidos,174,27049
2026M01,CANCUN,Mexico,MADRID,España,42,14598
2026M01,CANCUN,Mexico,MANCHESTER,Reino Unido,17,5195
2026M01,CANCUN,Mexico,MEDELLIN,Colombia,38,5898
2026M01,CANCUN,Mexico,MIAMI,Estados Unidos,190,25333
2026M01,CANCUN,Mexico,MILAN,Italia,4,1261
2026M01,CANCUN,Mexico,MILWAUKEE,Estados Unidos,21,2879
2026M01,CANCUN,Mexico,MINNEAPOLIS,Estados Unidos,200,31833
2026M01,CANCUN,Mexico,MONCTON,Canada,5,820
2026M01,CANCUN,Mexico,MONTREAL,Canada,191,46351
2026M01,CANCUN,Mexico,NASHVILLE,Estados Unidos,16,2111
2026M01,CANCUN,Mexico,NEWARK,Estados Unidos,132,21718
2026M01,CANCUN,Mexico,NEWCASTLE,Reino Unido,0,0
2026M01,CANCUN,Mexico,NORFOLK,Estados Unidos,4,162
2026M01,CANCUN,Mexico,NUEVA ORLEANS,Estados Unidos,10,1089
2026M01,CANCUN,Mexico,NUEVA YORK,Estados Unidos,203,32894
2026M01,CANCUN,Mexico,ORLANDO,Estados Unidos,86,10895
2026M01,CANCUN,Mexico,OTTAWA,Canada,85,13458
2026M01,CANCUN,Mexico,PANAMA,Panama,211,32437
2026M01,CANCUN,Mexico,PARIS,Francia,44,17993
2026M01,CANCUN,Mexico,PHILADELPHIA,Estados Unidos,110,18328
2026M01,CANCUN,Mexico,PHOENIX,Estados Unidos,67,9970
2026M01,CANCUN,Mexico,PITTSBURGH,Estados Unidos,0,0
2026M01,CANCUN,Mexico,"PORTLAND, OREGON",Estados Unidos,4,674
2026M01,CANCUN,Mexico,PUNTA CANA,Republica Dominicana,27,3539
2026M01,CANCUN,Mexico,"Providence, Rhode Island",Estados Unidos,0,0
2026M01,CANCUN,Mexico,QUEBEC,Canada,56,9806
2026M01,CANCUN,Mexico,RALEIGH/DURHAM,Estados Unidos,26,2617
2026M01,CANCUN,Mexico,"REGINA, Canada",Canada,26,4190
2026M01,CANCUN,Mexico,ROMA,Italia,5,1557
2026M01,CANCUN,Mexico,SALT LAKE CITY,Estados Unidos,54,8960
2026M01,CANCUN,Mexico,SAN ANTONIO,Estados Unidos,1,159
2026M01,CANCUN,Mexico,SAN FRANCISCO,Estados Unidos,80,13373
2026M01,CANCUN,Mexico,"SAN JOSE, COSTA RICA",Costa Rica,62,8963
2026M01,CANCUN,Mexico,SANTIAGO DE CHILE,Chile,9,2098
2026M01,CANCUN,Mexico,SASKATOON,Canada,17,2851
2026M01,CANCUN,Mexico,SEATTLE,Estados Unidos,67,11281
2026M01,CANCUN,Mexico,ST. JOHN'S,Canada,0,0
2026M01,CANCUN,Mexico,ST. LOUIS,Estados Unidos,66,10856
2026M01,CANCUN,Mexico,TAMPA,Estados Unidos,31,4092
2026M01,CANCUN,Mexico,THUNDER BAY,Canada,4,707
2026M01,CANCUN,Mexico,TORONTO,Canada,463,88498
2026M01,CANCUN,Mexico,TULSA,Estados Unidos,0,0
2026M01,CANCUN,Mexico,"VALENCIA, Venezuela",Venezuela,0,0
2026M01,CANCUN,Mexico,VANCOUVER,Canada,160,24479
2026M01,CANCUN,Mexico,"VICTORIA, COLUMBIA",Canada,13,2056
2026M01,CANCUN,Mexico,WASHINGTON,Estados Unidos,71,11909
2026M01,CANCUN,Mexico,WINDSOR,Canada,4,709
2026M01,CANCUN,Mexico,WINNIPEG,Canada,66,10450
2026M01,CANCUN,Mexico,ZURICH,Suiza,13,3457
2026M01,CARACAS,Venezuela,CANCUN,Mexico,9,1001
2026M01,CARACAS,Venezuela,SANTA LUCÍA,Mexico,5,1094
2026M01,CARTAGENA DE INDIAS,Colombia,MEXICO,Mexico,31,4992
2026M01,CARTAGENA DE INDIAS,Colombia,SANTA LUCÍA,Mexico,0,0
2026M01,CHARLOTTE,Estados Unidos,CANCUN,Mexico,120,17774
2026M01,CHARLOTTE,Estados Unidos,COZUMEL,Mexico,4,385
2026M01,CHARLOTTE,Estados Unidos,GUADALAJARA,Mexico,8,1227
2026M01,CHARLOTTE,Estados Unidos,MEXICO,Mexico,50,6768
2026M01,CHARLOTTE,Estados Unidos,SAN JOSÉ DEL CABO,Mexico,21,2356
2026M01,CHARLOTTETOWN,Canada,CANCUN,Mexico,0,0
2026M01,CHICAGO,Estados Unidos,AGUASCALIENTES,Mexico,20,2535
2026M01,CHICAGO,Estados Unidos,CANCUN,Mexico,273,47506
2026M01,CHICAGO,Estados Unidos,COZUMEL,Mexico,10,1079
2026M01,CHICAGO,Estados Unidos,DEL BAJIO,Mexico,36,4928
2026M01,CHICAGO,Estados Unidos,DURANGO,Mexico,15,1566
2026M01,CHICAGO,Estados Unidos,GUADALAJARA,Mexico,138,21744
2026M01,CHICAGO,Estados Unidos,IXTAPA ZIHUATANEJO,Mexico,5,577
2026M01,CHICAGO,Estados Unidos,MEXICO,Mexico,212,33306
2026M01,CHICAGO,Estados Unidos,MONTERREY,Mexico,44,4330
2026M01,CHICAGO,Estados Unidos,MORELIA,Mexico,77,10751
2026M01,CHICAGO,Estados Unidos,PUERTO VALLARTA,Mexico,83,10646
2026M01,CHICAGO,Estados Unidos,QUERETARO,Mexico,21,2116
2026M01,CHICAGO,Estados Unidos,SAN JOSÉ DEL CABO,Mexico,90,11099
2026M01,CHICAGO,Estados Unidos,SAN LUIS POTOSI,Mexico,0,0
2026M01,CHICAGO,Estados Unidos,ZACATECAS,Mexico,17,2246
2026M01,CHIHUAHUA,Mexico,DALLAS-FORT WORTH,Estados Unidos,89,4431
2026M01,CHIHUAHUA,Mexico,DENVER,Estados Unidos,11,1432
2026M01,CLEVELAND,Estados Unidos,CANCUN,Mexico,35,4181
2026M01,COLORADO SPRINGS,Estados Unidos,CANCUN,Mexico,1,14
2026M01,"COLUMBUS, Ohio",Estados Unidos,CANCUN,Mexico,0,0
2026M01,COMAYAGUA,Honduras,MEXICO,Mexico,0,0
2026M01,COMOX,Canada,PUERTO VALLARTA,Mexico,9,1254
2026M01,COVINGTON,Estados Unidos,CANCUN,Mexico,16,1719
2026M01,COZUMEL,Mexico,ATLANTA,Estados Unidos,29,3589
2026M01,COZUMEL,Mexico,CALGARY,Canada,5,577
2026M01,COZUMEL,Mexico,CHARLOTTE,Estados Unidos,4,463
2026M01,COZUMEL,Mexico,CHICAGO,Estados Unidos,10,1168
2026M01,COZUMEL,Mexico,DALLAS-FORT WORTH,Estados Unidos,35,5212
2026M01,COZUMEL,Mexico,DENVER,Estados Unidos,5,767
2026M01,COZUMEL,Mexico,HOUSTON,Estados Unidos,31,3489
2026M01,COZUMEL,Mexico,MIAMI,Estados Unidos,31,2257
2026M01,COZUMEL,Mexico,MINNEAPOLIS,Estados Unidos,19,2428
2026M01,COZUMEL,Mexico,MONTREAL,Canada,9,1477
2026M01,COZUMEL,Mexico,TORONTO,Canada,17,2186
2026M01,CULIACAN,Mexico,PHOENIX,Estados Unidos,11,1344
2026M01,"Cardiff, Glamorgan",Reino Unido,CANCUN,Mexico,0,0
2026M01,"Charleston, Sur de Carolina",Estados Unidos,CANCUN,Mexico,3,155
2026M01,DALLAS-FORT WORTH,Estados Unidos,ACAPULCO,Mexico,9,500
2026M01,DALLAS-FORT WORTH,Estados Unidos,AGUASCALIENTES,Mexico,59,3610
2026M01,DALLAS-FORT WORTH,Estados Unidos,CANCUN,Mexico,242,33418
2026M01,DALLAS-FORT WORTH,Estados Unidos,CHIHUAHUA,Mexico,90,4092
2026M01,DALLAS-FORT WORTH,Estados Unidos,COZUMEL,Mexico,35,4572
2026M01,DALLAS-FORT WORTH,Estados Unidos,DEL BAJIO,Mexico,99,12242
2026M01,DALLAS-FORT WORTH,Estados Unidos,DURANGO,Mexico,34,2463
2026M01,DALLAS-FORT WORTH,Estados Unidos,GUADALAJARA,Mexico,122,18029
2026M01,DALLAS-FORT WORTH,Estados Unidos,HUATULCO,Mexico,30,2153
2026M01,DALLAS-FORT WORTH,Estados Unidos,IXTAPA ZIHUATANEJO,Mexico,22,1399
2026M01,DALLAS-FORT WORTH,Estados Unidos,LORETO,Mexico,9,396
2026M01,DALLAS-FORT WORTH,Estados Unidos,MANZANILLO,Mexico,5,291
2026M01,DALLAS-FORT WORTH,Estados Unidos,MAZATLAN,Mexico,22,1781
2026M01,DALLAS-FORT WORTH,Estados Unidos,MERIDA,Mexico,20,2585
2026M01,DALLAS-FORT WORTH,Estados Unidos,MEXICO,Mexico,173,25078
2026M01,DALLAS-FORT WORTH,Estados Unidos,MONTERREY,Mexico,187,14527
2026M01,DALLAS-FORT WORTH,Estados Unidos,MORELIA,Mexico,57,5302
2026M01,DALLAS-FORT WORTH,Estados Unidos,OAXACA,Mexico,41,5077
2026M01,DALLAS-FORT WORTH,Estados Unidos,PUERTO ESCONDIDO,Mexico,9,532
2026M01,DALLAS-FORT WORTH,Estados Unidos,PUERTO VALLARTA,Mexico,118,16315
2026M01,DALLAS-FORT WORTH,Estados Unidos,QUERETARO,Mexico,90,12091
2026M01,DALLAS-FORT WORTH,Estados Unidos,SAN JOSÉ DEL CABO,Mexico,124,16645
2026M01,DALLAS-FORT WORTH,Estados Unidos,SAN LUIS POTOSI,Mexico,64,6469
2026M01,DALLAS-FORT WORTH,Estados Unidos,TAMPICO,Mexico,29,1429
2026M01,DALLAS-FORT WORTH,Estados Unidos,TORREON,Mexico,59,3150
2026M01,DALLAS-FORT WORTH,Estados Unidos,TULUM,Mexico,25,3066
2026M01,DALLAS-FORT WORTH,Estados Unidos,VERACRUZ,Mexico,29,1577
2026M01,DALLAS-FORT WORTH,Estados Unidos,ZACATECAS,Mexico,30,1600
2026M01,DEER LAKE,Canada,CANCUN,Mexico,0,0
2026M01,DEL BAJIO,Mexico,ATLANTA,Estados Unidos,27,2414
2026M01,DEL BAJIO,Mexico,CHICAGO,Estados Unidos,36,6016
2026M01,DEL BAJIO,Mexico,DALLAS-FORT WORTH,Estados Unidos,100,15411
2026M01,DEL BAJIO,Mexico,FRESNO,Estados Unidos,15,2529
2026M01,DEL BAJIO,Mexico,HOUSTON,Estados Unidos,135,9612
2026M01,DEL BAJIO,Mexico,LOS ANGELES,Estados Unidos,30,4735
2026M01,DEL BAJIO,Mexico,OAKLAND,Estados Unidos,43,6744
2026M01,DEL BAJIO,Mexico,ONTARIO,Estados Unidos,14,1991
2026M01,DEL BAJIO,Mexico,SACRAMENTO,Estados Unidos,19,3343
2026M01,DEL BAJIO,Mexico,SAN ANTONIO,Estados Unidos,9,1239
2026M01,DEL BAJIO,Mexico,"SAN JOSE, CALIFORNIA",Estados Unidos,13,2102
2026M01,DENVER,Estados Unidos,CANCUN,Mexico,111,19527
2026M01,DENVER,Estados Unidos,CHIHUAHUA,Mexico,11,1256
2026M01,DENVER,Estados Unidos,COZUMEL,Mexico,5,752
2026M01,DENVER,Estados Unidos,GUADALAJARA,Mexico,43,5353
2026M01,DENVER,Estados Unidos,MEXICO,Mexico,108,15709
2026M01,DENVER,Estados Unidos,MONTERREY,Mexico,17,2407
2026M01,DENVER,Estados Unidos,PUERTO VALLARTA,Mexico,82,9761
2026M01,DENVER,Estados Unidos,QUERETARO,Mexico,0,0
2026M01,DENVER,Estados Unidos,SAN JOSÉ DEL CABO,Mexico,87,10723
2026M01,DETROIT,Estados Unidos,CANCUN,Mexico,131,18350
2026M01,DETROIT,Estados Unidos,GUADALAJARA,Mexico,0,0
2026M01,DETROIT,Estados Unidos,MEXICO,Mexico,31,3546
2026M01,DETROIT,Estados Unidos,MONTERREY,Mexico,25,1172
2026M01,DETROIT,Estados Unidos,PUERTO VALLARTA,Mexico,31,4047
2026M01,DETROIT,Estados Unidos,QUERETARO,Mexico,18,974
2026M01,DETROIT,Estados Unidos,SAN JOSÉ DEL CABO,Mexico,36,4273
2026M01,DOHA,Qatar,SANTA LUCÍA,Mexico,5,0
2026M01,DUBAI,Emiratos Arabes,MEXICO,Mexico,31,2826
2026M01,DUBLIN,Irlanda,CANCUN,Mexico,0,0
2026M01,DURANGO,Mexico,CHICAGO,Estados Unidos,15,1974
2026M01,DURANGO,Mexico,DALLAS-FORT WORTH,Estados Unidos,35,3806
2026M01,EDMONTON,Canada,CANCUN,Mexico,90,14771
2026M01,EDMONTON,Canada,HUATULCO,Mexico,14,2083
2026M01,EDMONTON,Canada,MAZATLAN,Mexico,18,2547
2026M01,EDMONTON,Canada,PUERTO VALLARTA,Mexico,62,9962
2026M01,EDMONTON,Canada,SAN JOSÉ DEL CABO,Mexico,19,2544
2026M01,ESTAMBUL (ARNAVUTKOY),Turquia,CANCUN,Mexico,40,2647
2026M01,ESTAMBUL (ARNAVUTKOY),Turquia,MEXICO,Mexico,40,7913
2026M01,ESTAMBUL (ARNAVUTKOY),Turquia,SANTA LUCÍA,Mexico,7,0
2026M01,FORT LAUDERDALE,Estados Unidos,CANCUN,Mexico,88,10975
2026M01,FRANKFURT,Alemania,CANCUN,Mexico,50,13844
2026M01,FRANKFURT,Alemania,MEXICO,Mexico,31,10492
2026M01,FRANKFURT,Alemania,SAN JOSÉ DEL CABO,Mexico,8,1823
2026M01,FRANKFURT,Alemania,SANTA LUCÍA,Mexico,28,0
2026M01,FRESNO,Estados Unidos,DEL BAJIO,Mexico,14,1633
2026M01,FRESNO,Estados Unidos,GUADALAJARA,Mexico,107,16270
2026M01,FRESNO,Estados Unidos,MORELIA,Mexico,20,2302
2026M01,"Fredericton, Canada",Canada,CANCUN,Mexico,0,0
2026M01,GLASGOW,Reino Unido,CANCUN,Mexico,0,0
2026M01,GUADALAJARA,Mexico,ATLANTA,Estados Unidos,37,5863
2026M01,GUADALAJARA,Mexico,BOGOTA,Colombia,29,2612
2026M01,GUADALAJARA,Mexico,CALGARY,Canada,8,757
2026M01,GUADALAJARA,Mexico,CHARLOTTE,Estados Unidos,8,1469
2026M01,GUADALAJARA,Mexico,CHICAGO,Estados Unidos,137,24789
2026M01,GUADALAJARA,Mexico,DALLAS-FORT WORTH,Estados Unidos,122,20644
2026M01,GUADALAJARA,Mexico,DENVER,Estados Unidos,43,6542
2026M01,GUADALAJARA,Mexico,DETROIT,Estados Unidos,0,0
2026M01,GUADALAJARA,Mexico,FRESNO,Estados Unidos,106,19309
2026M01,GUADALAJARA,Mexico,HONG KONG,HONG KONG,15,0
2026M01,GUADALAJARA,Mexico,HOUSTON,Estados Unidos,127,17722
2026M01,GUADALAJARA,Mexico,LAS VEGAS,Estados Unidos,80,14777
2026M01,GUADALAJARA,Mexico,LOS ANGELES,Estados Unidos,334,57733
2026M01,GUADALAJARA,Mexico,"LOUISVILLE, KENTUCKY",Estados Unidos,21,0
2026M01,GUADALAJARA,Mexico,LUXEMBURGO,Luxemburgo,20,0
2026M01,GUADALAJARA,Mexico,MADRID,España,16,3959
2026M01,GUADALAJARA,Mexico,MEMPHIS,Estados Unidos,42,0
2026M01,GUADALAJARA,Mexico,MIAMI,Estados Unidos,22,3179
2026M01,GUADALAJARA,Mexico,MONTREAL,Canada,6,866
2026M01,GUADALAJARA,Mexico,NEWARK,Estados Unidos,33,5204
2026M01,GUADALAJARA,Mexico,OAKLAND,Estados Unidos,118,20719
2026M01,GUADALAJARA,Mexico,ONTARIO,Estados Unidos,62,11776
2026M01,GUADALAJARA,Mexico,ORLANDO,Estados Unidos,28,4615
2026M01,GUADALAJARA,Mexico,PANAMA,Panama,36,4175
2026M01,GUADALAJARA,Mexico,PARIS,Francia,3,0
2026M01,GUADALAJARA,Mexico,PHOENIX,Estados Unidos,99,11246
2026M01,GUADALAJARA,Mexico,"PORTLAND, OREGON",Estados Unidos,37,6402
2026M01,GUADALAJARA,Mexico,RENO,Estados Unidos,22,3743
2026M01,GUADALAJARA,Mexico,SACRAMENTO,Estados Unidos,85,16412
2026M01,GUADALAJARA,Mexico,SALT LAKE CITY,Estados Unidos,31,4776
2026M01,GUADALAJARA,Mexico,SAN ANTONIO,Estados Unidos,41,6187
2026M01,GUADALAJARA,Mexico,SAN FRANCISCO,Estados Unidos,25,3581
2026M01,GUADALAJARA,Mexico,"SAN JOSE, CALIFORNIA",Estados Unidos,80,14352
2026M01,GUADALAJARA,Mexico,"SAN JOSE, COSTA RICA",Costa Rica,16,1472
2026M01,GUADALAJARA,Mexico,SEATTLE,Estados Unidos,41,7086
2026M01,GUADALAJARA,Mexico,Seoul,COREA DEL SUR,13,0
2026M01,GUADALAJARA,Mexico,TORONTO,Canada,21,2739
2026M01,GUADALAJARA,Mexico,VANCOUVER,Canada,21,3257
2026M01,GUATEMALA,Guatemala,CANCUN,Mexico,31,3951
2026M01,GUATEMALA,Guatemala,MERIDA,Mexico,4,92
2026M01,GUATEMALA,Guatemala,MEXICO,Mexico,132,18231
2026M01,GUATEMALA,Guatemala,SANTA LUCÍA,Mexico,13,0
2026M01,HALIFAX,Canada,CANCUN,Mexico,30,4804
2026M01,HAMILTON,Canada,CANCUN,Mexico,25,3060
2026M01,HAMILTON,Canada,PUERTO VALLARTA,Mexico,9,957
2026M01,"HANGZHOU, China",China,SANTA LUCÍA,Mexico,1,0
2026M01,HARLINGEN TEXAS,Estados Unidos,CANCUN,Mexico,0,0
2026M01,HERMOSILLO,Mexico,PHOENIX,Estados Unidos,30,3161
2026M01,HONG KONG,HONG KONG,GUADALAJARA,Mexico,28,0
2026M01,HONG KONG,HONG KONG,SANTA LUCÍA,Mexico,37,0
2026M01,HOUSTON,Estados Unidos,ACAPULCO,Mexico,13,762
2026M01,HOUSTON,Estados Unidos,AGUASCALIENTES,Mexico,53,2861
2026M01,HOUSTON,Estados Unidos,CANCUN,Mexico,277,29996
2026M01,HOUSTON,Estados Unidos,COZUMEL,Mexico,31,2777
2026M01,HOUSTON,Estados Unidos,DEL BAJIO,Mexico,106,7267
2026M01,HOUSTON,Estados Unidos,GUADALAJARA,Mexico,126,14923
2026M01,HOUSTON,Estados Unidos,IXTAPA ZIHUATANEJO,Mexico,30,1743
2026M01,HOUSTON,Estados Unidos,MANZANILLO,Mexico,5,342
2026M01,HOUSTON,Estados Unidos,MAZATLAN,Mexico,5,322
2026M01,HOUSTON,Estados Unidos,MERIDA,Mexico,31,4671
2026M01,HOUSTON,Estados Unidos,MEXICO,Mexico,304,35397
2026M01,HOUSTON,Estados Unidos,MONTERREY,Mexico,240,15739
2026M01,HOUSTON,Estados Unidos,MORELIA,Mexico,45,2533
2026M01,HOUSTON,Estados Unidos,OAXACA,Mexico,39,2222
2026M01,HOUSTON,Estados Unidos,PUEBLA,Mexico,27,1012
2026M01,HOUSTON,Estados Unidos,PUERTO ESCONDIDO,Mexico,14,809
2026M01,HOUSTON,Estados Unidos,PUERTO VALLARTA,Mexico,86,8763
2026M01,HOUSTON,Estados Unidos,QUERETARO,Mexico,106,8906
2026M01,HOUSTON,Estados Unidos,SAN JOSÉ DEL CABO,Mexico,134,13013
2026M01,HOUSTON,Estados Unidos,SAN LUIS POTOSI,Mexico,66,4023
2026M01,HOUSTON,Estados Unidos,TAMPICO,Mexico,35,1427
2026M01,HOUSTON,Estados Unidos,TEPIC,Mexico,5,126
2026M01,HOUSTON,Estados Unidos,TULUM,Mexico,33,3226
2026M01,HOUSTON,Estados Unidos,VERACRUZ,Mexico,31,2562
2026M01,HUATULCO,Mexico,CALGARY,Canada,21,2987
2026M01,HUATULCO,Mexico,DALLAS-FORT WORTH,Estados Unidos,30,2285
2026M01,HUATULCO,Mexico,EDMONTON,Canada,13,1817
2026M01,HUATULCO,Mexico,TORONTO,Canada,12,1510
2026M01,HUATULCO,Mexico,VANCOUVER,Canada,26,3351
2026M01,HUATULCO,Mexico,WINNIPEG,Canada,9,1253
2026M01,INDIANAPOLIS,Estados Unidos,CANCUN,Mexico,10,1246
2026M01,INDIANAPOLIS,Estados Unidos,SAN JOSÉ DEL CABO,Mexico,0,0
2026M01,IXTAPA ZIHUATANEJO,Mexico,CALGARY,Canada,18,2116
2026M01,IXTAPA ZIHUATANEJO,Mexico,CHICAGO,Estados Unidos,5,575
2026M01,IXTAPA ZIHUATANEJO,Mexico,DALLAS-FORT WORTH,Estados Unidos,22,1703
2026M01,IXTAPA ZIHUATANEJO,Mexico,HOUSTON,Estados Unidos,30,1987
2026M01,IXTAPA ZIHUATANEJO,Mexico,LOS ANGELES,Estados Unidos,28,4336
2026M01,IXTAPA ZIHUATANEJO,Mexico,MINNEAPOLIS,Estados Unidos,13,1879
2026M01,IXTAPA ZIHUATANEJO,Mexico,MONTREAL,Canada,5,554
2026M01,IXTAPA ZIHUATANEJO,Mexico,PHOENIX,Estados Unidos,16,1053
2026M01,IXTAPA ZIHUATANEJO,Mexico,SAN FRANCISCO,Estados Unidos,5,773
2026M01,IXTAPA ZIHUATANEJO,Mexico,TORONTO,Canada,4,435
2026M01,IXTAPA ZIHUATANEJO,Mexico,VANCOUVER,Canada,14,1620
2026M01,JEBEL ALI,Emiratos Arabes,SANTA LUCÍA,Mexico,16,0
2026M01,KANSAS CITY,Estados Unidos,CANCUN,Mexico,41,5968
2026M01,KANSAS CITY,Estados Unidos,SAN JOSÉ DEL CABO,Mexico,5,799
2026M01,KELOWNA,Canada,CANCUN,Mexico,26,3696
2026M01,KELOWNA,Canada,MAZATLAN,Mexico,4,670
2026M01,KELOWNA,Canada,PUERTO VALLARTA,Mexico,17,2713
2026M01,KELOWNA,Canada,SAN JOSÉ DEL CABO,Mexico,10,1557
2026M01,KITCHENER,Canada,CANCUN,Mexico,3,544
2026M01,LA HABANA,Cuba,CANCUN,Mexico,30,3498
2026M01,LA HABANA,Cuba,MERIDA,Mexico,9,801
2026M01,LA HABANA,Cuba,MEXICO,Mexico,31,4342
2026M01,LA HABANA,Cuba,MONTERREY,Mexico,9,1261
2026M01,LA HABANA,Cuba,SANTA LUCÍA,Mexico,13,1932
2026M01,LA PAZ,Mexico,LOS ANGELES,Estados Unidos,24,1577
2026M01,LAREDO,Estados Unidos,MONTERREY,Mexico,11,32
2026M01,LAS VEGAS,Estados Unidos,CANCUN,Mexico,0,0
2026M01,LAS VEGAS,Estados Unidos,GUADALAJARA,Mexico,80,12831
2026M01,LAS VEGAS,Estados Unidos,MEXICO,Mexico,108,18312
2026M01,LAS VEGAS,Estados Unidos,MONTERREY,Mexico,37,6870
2026M01,LAS VEGAS,Estados Unidos,PUERTO VALLARTA,Mexico,5,315
2026M01,LAS VEGAS,Estados Unidos,SAN JOSÉ DEL CABO,Mexico,32,2250
2026M01,LIMA,Peru,CANCUN,Mexico,124,20089
2026M01,LIMA,Peru,MEXICO,Mexico,86,12900
2026M01,LIMA,Peru,SANTA LUCÍA,Mexico,0,0
2026M01,LISBON,Portugal,CANCUN,Mexico,12,2987
2026M01,LIÈGE,Belgica,SANTA LUCÍA,Mexico,0,0
2026M01,"LONDON, ONTARIO",Canada,CANCUN,Mexico,10,1743
2026M01,LONDRES,Reino Unido,CANCUN,Mexico,49,14765
2026M01,LONDRES,Reino Unido,MEXICO,Mexico,58,12702
2026M01,LORETO,Mexico,CALGARY,Canada,9,896
2026M01,LORETO,Mexico,DALLAS-FORT WORTH,Estados Unidos,9,514
2026M01,LORETO,Mexico,LOS ANGELES,Estados Unidos,28,2358
2026M01,LORETO,Mexico,PHOENIX,Estados Unidos,31,1936
2026M01,LORETO,Mexico,SAN FRANCISCO,Estados Unidos,4,346
2026M01,LOS ANGELES,Estados Unidos,AGUASCALIENTES,Mexico,21,2773
2026M01,LOS ANGELES,Estados Unidos,CANCUN,Mexico,170,24176
2026M01,LOS ANGELES,Estados Unidos,DEL BAJIO,Mexico,31,3881
2026M01,LOS ANGELES,Estados Unidos,GUADALAJARA,Mexico,366,50487
2026M01,LOS ANGELES,Estados Unidos,IXTAPA ZIHUATANEJO,Mexico,28,3784
2026M01,LOS ANGELES,Estados Unidos,LA PAZ,Mexico,24,1552
2026M01,LOS ANGELES,Estados Unidos,LORETO,Mexico,28,2062
2026M01,LOS ANGELES,Estados Unidos,MANZANILLO,Mexico,25,3054
2026M01,LOS ANGELES,Estados Unidos,MAZATLAN,Mexico,24,3060
2026M01,LOS ANGELES,Estados Unidos,MERIDA,Mexico,2,270
2026M01,LOS ANGELES,Estados Unidos,MEXICO,Mexico,228,38084
2026M01,LOS ANGELES,Estados Unidos,MONTERREY,Mexico,24,2605
2026M01,LOS ANGELES,Estados Unidos,MORELIA,Mexico,25,3099
2026M01,LOS ANGELES,Estados Unidos,OAXACA,Mexico,25,3035
2026M01,LOS ANGELES,Estados Unidos,PUEBLA,Mexico,0,0
2026M01,LOS ANGELES,Estados Unidos,PUERTO VALLARTA,Mexico,135,16170
2026M01,LOS ANGELES,Estados Unidos,QUERETARO,Mexico,13,1291
2026M01,LOS ANGELES,Estados Unidos,SAN JOSÉ DEL CABO,Mexico,171,16522
2026M01,LOS ANGELES,Estados Unidos,SANTA LUCÍA,Mexico,37,0
2026M01,LOS ANGELES,Estados Unidos,TEPIC,Mexico,13,1464
2026M01,LOS ANGELES,Estados Unidos,URUAPAN,Mexico,9,971
2026M01,LOS ANGELES,Estados Unidos,ZACATECAS,Mexico,19,2362
2026M01,"LOUISVILLE, KENTUCKY",Estados Unidos,GUADALAJARA,Mexico,4,0
2026M01,"LOUISVILLE, KENTUCKY",Estados Unidos,MONTERREY,Mexico,21,0
2026M01,"LOUISVILLE, KENTUCKY",Estados Unidos,SANTA LUCÍA,Mexico,21,0
2026M01,LUXEMBURGO,Luxemburgo,GUADALAJARA,Mexico,9,0
2026M01,LUXEMBURGO,Luxemburgo,SANTA LUCÍA,Mexico,14,0
2026M01,MADRID,España,CANCUN,Mexico,42,15297
2026M01,MADRID,España,GUADALAJARA,Mexico,16,4144
2026M01,MADRID,España,MEXICO,Mexico,172,50802
2026M01,MADRID,España,MONTERREY,Mexico,16,4024
2026M01,MADRID,España,QUERETARO,Mexico,4,1411
2026M01,MANAGUA,Nicaragua,MEXICO,Mexico,15,1198
2026M01,MANCHESTER,Reino Unido,CANCUN,Mexico,17,5090
2026M01,MANZANILLO,Mexico,CALGARY,Canada,14,1551
2026M01,MANZANILLO,Mexico,DALLAS-FORT WORTH,Estados Unidos,5,324
2026M01,MANZANILLO,Mexico,HOUSTON,Estados Unidos,5,345
2026M01,MANZANILLO,Mexico,LOS ANGELES,Estados Unidos,25,3195
2026M01,MANZANILLO,Mexico,PHOENIX,Estados Unidos,6,413
2026M01,MAZATLAN,Mexico,CALGARY,Canada,23,3131
2026M01,MAZATLAN,Mexico,DALLAS-FORT WORTH,Estados Unidos,22,2055
2026M01,MAZATLAN,Mexico,EDMONTON,Canada,18,2162
2026M01,MAZATLAN,Mexico,HOUSTON,Estados Unidos,5,340
2026M01,MAZATLAN,Mexico,KELOWNA,Canada,4,515
2026M01,MAZATLAN,Mexico,LOS ANGELES,Estados Unidos,24,3202
2026M01,MAZATLAN,Mexico,MINNEAPOLIS,Estados Unidos,9,1159
2026M01,MAZATLAN,Mexico,MONTREAL,Canada,5,768
2026M01,MAZATLAN,Mexico,PHOENIX,Estados Unidos,30,3691
2026M01,MAZATLAN,Mexico,"REGINA, Canada",Canada,5,765
2026M01,MAZATLAN,Mexico,TORONTO,Canada,5,788
2026M01,MAZATLAN,Mexico,VANCOUVER,Canada,18,2393
2026M01,MAZATLAN,Mexico,WINNIPEG,Canada,5,809
2026M01,MC ALLEN,Estados Unidos,MONTERREY,Mexico,0,0
2026M01,MEDELLIN,Colombia,CANCUN,Mexico,38,6128
2026M01,MEDELLIN,Colombia,MEXICO,Mexico,62,10097
2026M01,MEDELLIN,Colombia,SANTA LUCÍA,Mexico,0,0
2026M01,MEMPHIS,Estados Unidos,GUADALAJARA,Mexico,50,0
2026M01,MEMPHIS,Estados Unidos,MONTERREY,Mexico,24,0
2026M01,MEMPHIS,Estados Unidos,QUERETARO,Mexico,19,0
2026M01,MEMPHIS,Estados Unidos,TOLUCA,Mexico,23,0
2026M01,MERIDA,Mexico,DALLAS-FORT WORTH,Estados Unidos,20,2156
2026M01,MERIDA,Mexico,GUATEMALA,Guatemala,4,97
2026M01,MERIDA,Mexico,HOUSTON,Estados Unidos,31,4745
2026M01,MERIDA,Mexico,LA HABANA,Cuba,9,651
2026M01,MERIDA,Mexico,LOS ANGELES,Estados Unidos,2,276
2026M01,MERIDA,Mexico,MIAMI,Estados Unidos,45,5506
2026M01,MERIDA,Mexico,ORLANDO,Estados Unidos,9,1545
2026M01,MERIDA,Mexico,TORONTO,Canada,10,1403
2026M01,MEXICO,Mexico,AMSTERDAM,Paises Bajos,73,17309
2026M01,MEXICO,Mexico,ATLANTA,Estados Unidos,129,18904
2026M01,MEXICO,Mexico,AUSTIN,Estados Unidos,42,4782
2026M01,MEXICO,Mexico,"BARCELONA, España",España,31,5083
2026M01,MEXICO,Mexico,BOGOTA,Colombia,216,30349
2026M01,MEXICO,Mexico,BOSTON,Estados Unidos,30,4718
2026M01,MEXICO,Mexico,BUENOS AIRES,Argentina,39,8079
2026M01,MEXICO,Mexico,CALGARY,Canada,18,1999
2026M01,MEXICO,Mexico,CALI,Colombia,22,2520
2026M01,MEXICO,Mexico,CARTAGENA DE INDIAS,Colombia,31,4275
2026M01,MEXICO,Mexico,CHARLOTTE,Estados Unidos,50,7310
2026M01,MEXICO,Mexico,CHICAGO,Estados Unidos,212,36004
2026M01,MEXICO,Mexico,COMAYAGUA,Honduras,0,0
2026M01,MEXICO,Mexico,DALLAS-FORT WORTH,Estados Unidos,173,26301
2026M01,MEXICO,Mexico,DENVER,Estados Unidos,107,17467
2026M01,MEXICO,Mexico,DETROIT,Estados Unidos,31,3693
2026M01,MEXICO,Mexico,DUBAI,Emiratos Arabes,31,2839
2026M01,MEXICO,Mexico,ESTAMBUL (ARNAVUTKOY),Turquia,40,6877
2026M01,MEXICO,Mexico,FRANKFURT,Alemania,31,10383
2026M01,MEXICO,Mexico,FRESNO,Estados Unidos,1,1
2026M01,MEXICO,Mexico,GUATEMALA,Guatemala,132,16741
2026M01,MEXICO,Mexico,HOUSTON,Estados Unidos,302,37231
2026M01,MEXICO,Mexico,LA HABANA,Cuba,31,3783
2026M01,MEXICO,Mexico,LAS VEGAS,Estados Unidos,108,19306
2026M01,MEXICO,Mexico,LIMA,Peru,86,9493
2026M01,MEXICO,Mexico,LONDRES,Reino Unido,48,10420
2026M01,MEXICO,Mexico,LOS ANGELES,Estados Unidos,228,40987
2026M01,MEXICO,Mexico,MADRID,España,185,47902
2026M01,MEXICO,Mexico,MANAGUA,Nicaragua,15,991
2026M01,MEXICO,Mexico,MEDELLIN,Colombia,62,8893
2026M01,MEXICO,Mexico,MIAMI,Estados Unidos,248,35994
2026M01,MEXICO,Mexico,MINNEAPOLIS,Estados Unidos,31,3517
2026M01,MEXICO,Mexico,MONTREAL,Canada,62,8511
2026M01,MEXICO,Mexico,MUNICH,Alemania,13,3341
2026M01,MEXICO,Mexico,NEWARK,Estados Unidos,91,14030
2026M01,MEXICO,Mexico,NUEVA YORK,Estados Unidos,157,28557
2026M01,MEXICO,Mexico,OAKLAND,Estados Unidos,31,5685
2026M01,MEXICO,Mexico,ORLANDO,Estados Unidos,104,17846
2026M01,MEXICO,Mexico,PANAMA,Panama,202,24302
2026M01,MEXICO,Mexico,PARIS,Francia,92,25190
2026M01,MEXICO,Mexico,PHILADELPHIA,Estados Unidos,28,3967
2026M01,MEXICO,Mexico,PHOENIX,Estados Unidos,65,8640
2026M01,MEXICO,Mexico,PUNTA CANA,Republica Dominicana,31,3995
2026M01,MEXICO,Mexico,QUITO,Ecuador,0,0
2026M01,MEXICO,Mexico,RALEIGH/DURHAM,Estados Unidos,24,2033
2026M01,MEXICO,Mexico,ROMA,Italia,15,3113
2026M01,MEXICO,Mexico,SACRAMENTO,Estados Unidos,14,2122
2026M01,MEXICO,Mexico,SALT LAKE CITY,Estados Unidos,42,5361
2026M01,MEXICO,Mexico,SAN ANTONIO,Estados Unidos,88,11980
2026M01,MEXICO,Mexico,SAN FRANCISCO,Estados Unidos,165,23066
2026M01,MEXICO,Mexico,"SAN JOSE, COSTA RICA",Costa Rica,124,19260
2026M01,MEXICO,Mexico,SAN PEDRO SULA,Honduras,16,1139
2026M01,MEXICO,Mexico,SAN SALVADOR,El Salvador,84,9570
2026M01,MEXICO,Mexico,SANTIAGO DE CHILE,Chile,58,10525
2026M01,MEXICO,Mexico,"SANTO DOMINGO,REP DOM",Republica Dominicana,31,3406
2026M01,MEXICO,Mexico,SAO PAULO,Brasil,62,14288
2026M01,MEXICO,Mexico,SEATTLE,Estados Unidos,31,4656
2026M01,MEXICO,Mexico,SHENZHEN,China,13,1257
2026M01,MEXICO,Mexico,Seoul,COREA DEL SUR,23,2908
2026M01,MEXICO,Mexico,TAMPA,Estados Unidos,28,4357
2026M01,MEXICO,Mexico,TOKYO,Japon,62,10471
2026M01,MEXICO,Mexico,TORONTO,Canada,102,14203
2026M01,MEXICO,Mexico,VANCOUVER,Canada,104,14255
2026M01,MEXICO,Mexico,WASHINGTON,Estados Unidos,60,7737
2026M01,MIAMI,Estados Unidos,CANCUN,Mexico,190,22454
2026M01,MIAMI,Estados Unidos,COZUMEL,Mexico,31,1836
2026M01,MIAMI,Estados Unidos,GUADALAJARA,Mexico,20,2942
2026M01,MIAMI,Estados Unidos,MERIDA,Mexico,44,5415
2026M01,MIAMI,Estados Unidos,MEXICO,Mexico,249,36388
2026M01,MIAMI,Estados Unidos,MONTERREY,Mexico,45,3717
2026M01,MIAMI,Estados Unidos,SANTA LUCÍA,Mexico,2,0
2026M01,MIAMI,Estados Unidos,TULUM,Mexico,23,2285
2026M01,MILAN,Italia,CANCUN,Mexico,4,1344
2026M01,MILWAUKEE,Estados Unidos,CANCUN,Mexico,21,3192
2026M01,MINNEAPOLIS,Estados Unidos,CANCUN,Mexico,200,31174
2026M01,MINNEAPOLIS,Estados Unidos,COZUMEL,Mexico,18,2508
2026M01,MINNEAPOLIS,Estados Unidos,IXTAPA ZIHUATANEJO,Mexico,13,2081
2026M01,MINNEAPOLIS,Estados Unidos,MAZATLAN,Mexico,9,1344
2026M01,MINNEAPOLIS,Estados Unidos,MEXICO,Mexico,31,3572
2026M01,MINNEAPOLIS,Estados Unidos,PUERTO VALLARTA,Mexico,80,12044
2026M01,MINNEAPOLIS,Estados Unidos,SAN JOSÉ DEL CABO,Mexico,55,7616
2026M01,MONCTON,Canada,CANCUN,Mexico,5,881
2026M01,MONTERREY,Mexico,ATLANTA,Estados Unidos,52,5032
2026M01,MONTERREY,Mexico,AUSTIN,Estados Unidos,16,1694
2026M01,MONTERREY,Mexico,BOGOTA,Colombia,27,2794
2026M01,MONTERREY,Mexico,BROWNSVILLE,Estados Unidos,32,138
2026M01,MONTERREY,Mexico,CHICAGO,Estados Unidos,44,5957
2026M01,MONTERREY,Mexico,DALLAS-FORT WORTH,Estados Unidos,191,17109
2026M01,MONTERREY,Mexico,DENVER,Estados Unidos,17,3008
2026M01,MONTERREY,Mexico,DETROIT,Estados Unidos,26,1742
2026M01,MONTERREY,Mexico,HOUSTON,Estados Unidos,241,17247
2026M01,MONTERREY,Mexico,LA HABANA,Cuba,9,973
2026M01,MONTERREY,Mexico,LAREDO,Estados Unidos,11,28
2026M01,MONTERREY,Mexico,LAS VEGAS,Estados Unidos,37,7133
2026M01,MONTERREY,Mexico,LOS ANGELES,Estados Unidos,20,3601
2026M01,MONTERREY,Mexico,"LOUISVILLE, KENTUCKY",Estados Unidos,21,0
2026M01,MONTERREY,Mexico,MADRID,España,16,3461
2026M01,MONTERREY,Mexico,MC ALLEN,Estados Unidos,0,0
2026M01,MONTERREY,Mexico,MEMPHIS,Estados Unidos,24,0
2026M01,MONTERREY,Mexico,MIAMI,Estados Unidos,45,3780
2026M01,MONTERREY,Mexico,NUEVA YORK,Estados Unidos,14,2119
2026M01,MONTERREY,Mexico,OAKLAND,Estados Unidos,4,618
2026M01,MONTERREY,Mexico,ORLANDO,Estados Unidos,22,3498
2026M01,MONTERREY,Mexico,PANAMA,Panama,34,2968
2026M01,MONTERREY,Mexico,PARIS,Francia,0,0
2026M01,MONTERREY,Mexico,PHOENIX,Estados Unidos,31,1490
2026M01,MONTERREY,Mexico,SALT LAKE CITY,Estados Unidos,4,347
2026M01,MONTERREY,Mexico,SAN ANTONIO,Estados Unidos,54,6498
2026M01,MONTERREY,Mexico,SAN FRANCISCO,Estados Unidos,31,1632
2026M01,MONTERREY,Mexico,"SAN JOSE, COSTA RICA",Costa Rica,4,392
2026M01,MONTERREY,Mexico,Seoul,COREA DEL SUR,23,1621
2026M01,MONTERREY,Mexico,TOKYO,Japon,31,1491
2026M01,MONTERREY,Mexico,TORONTO,Canada,16,1702
2026M01,MONTREAL,Canada,ACAPULCO,Mexico,4,738
2026M01,MONTREAL,Canada,CANCUN,Mexico,191,48506
2026M01,MONTREAL,Canada,COZUMEL,Mexico,9,1499
2026M01,MONTREAL,Canada,GUADALAJARA,Mexico,6,772
2026M01,MONTREAL,Canada,IXTAPA ZIHUATANEJO,Mexico,5,821
2026M01,MONTREAL,Canada,MAZATLAN,Mexico,5,818
2026M01,MONTREAL,Canada,MEXICO,Mexico,62,8885
2026M01,MONTREAL,Canada,PUERTO VALLARTA,Mexico,47,8148
2026M01,MONTREAL,Canada,SAN JOSÉ DEL CABO,Mexico,10,1547
2026M01,MONTREAL,Canada,TULUM,Mexico,45,7680
2026M01,MORELIA,Mexico,CHICAGO,Estados Unidos,76,13261
2026M01,MORELIA,Mexico,DALLAS-FORT WORTH,Estados Unidos,58,7350
2026M01,MORELIA,Mexico,FRESNO,Estados Unidos,19,3054
2026M01,MORELIA,Mexico,HOUSTON,Estados Unidos,44,3216
2026M01,MORELIA,Mexico,LOS ANGELES,Estados Unidos,25,4294
2026M01,MORELIA,Mexico,OAKLAND,Estados Unidos,35,5907
2026M01,MORELIA,Mexico,ONTARIO,Estados Unidos,17,2644
2026M01,MORELIA,Mexico,SACRAMENTO,Estados Unidos,14,2309
2026M01,MORELIA,Mexico,SAN ANTONIO,Estados Unidos,13,928
2026M01,MORELIA,Mexico,"SAN JOSE, CALIFORNIA",Estados Unidos,22,3728
2026M01,MUNICH,Alemania,MEXICO,Mexico,13,3494
2026M01,NASHVILLE,Estados Unidos,CANCUN,Mexico,17,1963
2026M01,NASHVILLE,Estados Unidos,SAN JOSÉ DEL CABO,Mexico,1,56
2026M01,NEWARK,Estados Unidos,CANCUN,Mexico,131,18981
2026M01,NEWARK,Estados Unidos,GUADALAJARA,Mexico,33,4416
2026M01,NEWARK,Estados Unidos,MEXICO,Mexico,91,13107
2026M01,NEWARK,Estados Unidos,PUEBLA,Mexico,0,0
2026M01,NEWARK,Estados Unidos,PUERTO VALLARTA,Mexico,9,1101
2026M01,NEWARK,Estados Unidos,SAN JOSÉ DEL CABO,Mexico,22,3017
2026M01,NEWARK,Estados Unidos,TULUM,Mexico,5,548
2026M01,NEWCASTLE,Reino Unido,CANCUN,Mexico,0,0
2026M01,NORFOLK,Estados Unidos,CANCUN,Mexico,4,275
2026M01,NUEVA ORLEANS,Estados Unidos,CANCUN,Mexico,10,694
2026M01,NUEVA YORK,Estados Unidos,CANCUN,Mexico,202,32069
2026M01,NUEVA YORK,Estados Unidos,MEXICO,Mexico,159,27772
2026M01,NUEVA YORK,Estados Unidos,MONTERREY,Mexico,14,1886
2026M01,NUEVA YORK,Estados Unidos,PUERTO VALLARTA,Mexico,23,2486
2026M01,NUEVA YORK,Estados Unidos,SAN JOSÉ DEL CABO,Mexico,23,3086
2026M01,NUEVA YORK,Estados Unidos,TULUM,Mexico,17,1925
2026M01,OAKLAND,Estados Unidos,DEL BAJIO,Mexico,43,4218
2026M01,OAKLAND,Estados Unidos,GUADALAJARA,Mexico,119,14758
2026M01,OAKLAND,Estados Unidos,MEXICO,Mexico,31,4626
2026M01,OAKLAND,Estados Unidos,MONTERREY,Mexico,5,524
2026M01,OAKLAND,Estados Unidos,MORELIA,Mexico,35,4395
2026M01,OAKLAND,Estados Unidos,SAN JOSÉ DEL CABO,Mexico,32,1019
2026M01,OAKLAND,Estados Unidos,ZACATECAS,Mexico,14,815
2026M01,OAXACA,Mexico,DALLAS-FORT WORTH,Estados Unidos,42,5823
2026M01,OAXACA,Mexico,HOUSTON,Estados Unidos,39,2285
2026M01,OAXACA,Mexico,LOS ANGELES,Estados Unidos,25,4087
2026M01,ONTARIO,Estados Unidos,DEL BAJIO,Mexico,13,1562
2026M01,ONTARIO,Estados Unidos,GUADALAJARA,Mexico,62,9946
2026M01,ONTARIO,Estados Unidos,MORELIA,Mexico,18,1902
2026M01,ONTARIO,Estados Unidos,SAN JOSÉ DEL CABO,Mexico,31,1037
2026M01,ORLANDO,Estados Unidos,CANCUN,Mexico,86,9604
2026M01,ORLANDO,Estados Unidos,GUADALAJARA,Mexico,28,3918
2026M01,ORLANDO,Estados Unidos,MERIDA,Mexico,9,1642
2026M01,ORLANDO,Estados Unidos,MEXICO,Mexico,104,17192
2026M01,ORLANDO,Estados Unidos,MONTERREY,Mexico,22,3161
2026M01,ORLANDO,Estados Unidos,QUERETARO,Mexico,0,0
2026M01,OTTAWA,Canada,CANCUN,Mexico,86,13906
2026M01,OTTAWA,Canada,PUERTO VALLARTA,Mexico,27,3093
2026M01,PANAMA,Panama,CANCUN,Mexico,211,32156
2026M01,PANAMA,Panama,GUADALAJARA,Mexico,35,4790
2026M01,PANAMA,Panama,MEXICO,Mexico,202,28690
2026M01,PANAMA,Panama,MONTERREY,Mexico,35,4471
2026M01,PANAMA,Panama,SAN JOSÉ DEL CABO,Mexico,14,1994
2026M01,PANAMA,Panama,SANTA LUCÍA,Mexico,0,0
2026M01,PARIS,Francia,CANCUN,Mexico,44,17328
2026M01,PARIS,Francia,GUADALAJARA,Mexico,3,0
2026M01,PARIS,Francia,MEXICO,Mexico,92,25425
2026M01,PARIS,Francia,MONTERREY,Mexico,0,0
2026M01,PARIS,Francia,SANTA LUCÍA,Mexico,4,0
2026M01,PHILADELPHIA,Estados Unidos,CANCUN,Mexico,110,15780
2026M01,PHILADELPHIA,Estados Unidos,MEXICO,Mexico,28,3954
2026M01,PHOENIX,Estados Unidos,CANCUN,Mexico,68,8615
2026M01,PHOENIX,Estados Unidos,CULIACAN,Mexico,11,1215
2026M01,PHOENIX,Estados Unidos,GUADALAJARA,Mexico,99,9098
2026M01,PHOENIX,Estados Unidos,HERMOSILLO,Mexico,30,2797
2026M01,PHOENIX,Estados Unidos,IXTAPA ZIHUATANEJO,Mexico,16,886
2026M01,PHOENIX,Estados Unidos,LORETO,Mexico,31,1893
2026M01,PHOENIX,Estados Unidos,MANZANILLO,Mexico,6,411
2026M01,PHOENIX,Estados Unidos,MAZATLAN,Mexico,30,3500
2026M01,PHOENIX,Estados Unidos,MEXICO,Mexico,65,8795
2026M01,PHOENIX,Estados Unidos,MONTERREY,Mexico,31,1105
2026M01,PHOENIX,Estados Unidos,PUERTO VALLARTA,Mexico,102,13331
2026M01,PHOENIX,Estados Unidos,SAN JOSÉ DEL CABO,Mexico,160,16346
2026M01,PHOENIX,Estados Unidos,TIJUANA,Mexico,22,723
2026M01,PITTSBURGH,Estados Unidos,CANCUN,Mexico,0,0
2026M01,"PORTLAND, OREGON",Estados Unidos,CANCUN,Mexico,5,751
2026M01,"PORTLAND, OREGON",Estados Unidos,GUADALAJARA,Mexico,37,5252
2026M01,"PORTLAND, OREGON",Estados Unidos,PUERTO VALLARTA,Mexico,35,5446
2026M01,"PORTLAND, OREGON",Estados Unidos,SAN JOSÉ DEL CABO,Mexico,35,5128
2026M01,PRINCE GEORGE,Canada,PUERTO VALLARTA,Mexico,5,814
2026M01,PUEBLA,Mexico,HOUSTON,Estados Unidos,27,1161
2026M01,PUEBLA,Mexico,LOS ANGELES,Estados Unidos,0,0
2026M01,PUEBLA,Mexico,NEWARK,Estados Unidos,0,0
2026M01,PUERTO ESCONDIDO,Mexico,CALGARY,Canada,5,714
2026M01,PUERTO ESCONDIDO,Mexico,DALLAS-FORT WORTH,Estados Unidos,9,632
2026M01,PUERTO ESCONDIDO,Mexico,HOUSTON,Estados Unidos,14,876
2026M01,PUERTO ESCONDIDO,Mexico,TORONTO,Canada,4,403
2026M01,PUERTO VALLARTA,Mexico,ABBOTSFORD,Canada,4,406
2026M01,PUERTO VALLARTA,Mexico,ATLANTA,Estados Unidos,40,5787
2026M01,PUERTO VALLARTA,Mexico,AUSTIN,Estados Unidos,1,143
2026M01,PUERTO VALLARTA,Mexico,CALGARY,Canada,73,13907
2026M01,PUERTO VALLARTA,Mexico,CHICAGO,Estados Unidos,83,11739
2026M01,PUERTO VALLARTA,Mexico,COMOX,Canada,9,1130
2026M01,PUERTO VALLARTA,Mexico,DALLAS-FORT WORTH,Estados Unidos,116,17021
2026M01,PUERTO VALLARTA,Mexico,DENVER,Estados Unidos,82,12028
2026M01,PUERTO VALLARTA,Mexico,DETROIT,Estados Unidos,31,4292
2026M01,PUERTO VALLARTA,Mexico,EDMONTON,Canada,59,8564
2026M01,PUERTO VALLARTA,Mexico,HAMILTON,Canada,9,629
2026M01,PUERTO VALLARTA,Mexico,HOUSTON,Estados Unidos,86,10180
2026M01,PUERTO VALLARTA,Mexico,KELOWNA,Canada,17,2427
2026M01,PUERTO VALLARTA,Mexico,LAS VEGAS,Estados Unidos,5,351
2026M01,PUERTO VALLARTA,Mexico,LOS ANGELES,Estados Unidos,134,18570
2026M01,PUERTO VALLARTA,Mexico,MINNEAPOLIS,Estados Unidos,80,12057
2026M01,PUERTO VALLARTA,Mexico,MONTREAL,Canada,46,6275
2026M01,PUERTO VALLARTA,Mexico,NEWARK,Estados Unidos,9,1408
2026M01,PUERTO VALLARTA,Mexico,NUEVA YORK,Estados Unidos,23,1947
2026M01,PUERTO VALLARTA,Mexico,OTTAWA,Canada,27,2548
2026M01,PUERTO VALLARTA,Mexico,PHOENIX,Estados Unidos,102,14807
2026M01,PUERTO VALLARTA,Mexico,"PORTLAND, OREGON",Estados Unidos,35,5641
2026M01,PUERTO VALLARTA,Mexico,PRINCE GEORGE,Canada,5,636
2026M01,PUERTO VALLARTA,Mexico,QUEBEC,Canada,14,1892
2026M01,PUERTO VALLARTA,Mexico,"REGINA, Canada",Canada,22,3260
2026M01,PUERTO VALLARTA,Mexico,SACRAMENTO,Estados Unidos,5,781
2026M01,PUERTO VALLARTA,Mexico,SALT LAKE CITY,Estados Unidos,32,5369
2026M01,PUERTO VALLARTA,Mexico,SAN DIEGO,Estados Unidos,31,4763
2026M01,PUERTO VALLARTA,Mexico,SAN FRANCISCO,Estados Unidos,91,13326
2026M01,PUERTO VALLARTA,Mexico,"SAN JOSE, CALIFORNIA",Estados Unidos,6,1041
2026M01,PUERTO VALLARTA,Mexico,"SANTA ANA, CALIFORNIA",Estados Unidos,10,1137
2026M01,PUERTO VALLARTA,Mexico,SASKATOON,Canada,18,2745
2026M01,PUERTO VALLARTA,Mexico,SEATTLE,Estados Unidos,72,11254
2026M01,PUERTO VALLARTA,Mexico,ST. LOUIS,Estados Unidos,4,170
2026M01,PUERTO VALLARTA,Mexico,TORONTO,Canada,109,14138
2026M01,PUERTO VALLARTA,Mexico,VANCOUVER,Canada,122,17457
2026M01,PUERTO VALLARTA,Mexico,"VICTORIA, COLUMBIA",Canada,14,2175
2026M01,PUERTO VALLARTA,Mexico,WINNIPEG,Canada,45,6053
2026M01,PUNTA CANA,Republica Dominicana,CANCUN,Mexico,27,4265
2026M01,PUNTA CANA,Republica Dominicana,MEXICO,Mexico,31,4383
2026M01,PUNTA CANA,Republica Dominicana,SANTA LUCÍA,Mexico,22,2876
2026M01,"Providence, Rhode Island",Estados Unidos,CANCUN,Mexico,0,0
2026M01,QUEBEC,Canada,CANCUN,Mexico,56,9977
2026M01,QUEBEC,Canada,PUERTO VALLARTA,Mexico,14,2505
2026M01,QUEBEC,Canada,TULUM,Mexico,5,904
2026M01,QUERETARO,Mexico,ATLANTA,Estados Unidos,29,2662
2026M01,QUERETARO,Mexico,CHICAGO,Estados Unidos,22,3478
2026M01,QUERETARO,Mexico,DALLAS-FORT WORTH,Estados Unidos,90,14406
2026M01,QUERETARO,Mexico,DENVER,Estados Unidos,0,0
2026M01,QUERETARO,Mexico,DETROIT,Estados Unidos,18,1425
2026M01,QUERETARO,Mexico,HOUSTON,Estados Unidos,107,11080
2026M01,QUERETARO,Mexico,LOS ANGELES,Estados Unidos,13,1589
2026M01,QUERETARO,Mexico,MADRID,España,4,1409
2026M01,QUERETARO,Mexico,MEMPHIS,Estados Unidos,19,0
2026M01,QUERETARO,Mexico,ORLANDO,Estados Unidos,0,0
2026M01,QUERETARO,Mexico,SAN ANTONIO,Estados Unidos,35,1576
2026M01,QUITO,Ecuador,MEXICO,Mexico,0,0
2026M01,QUITO,Ecuador,SANTA LUCÍA,Mexico,17,0
2026M01,RALEIGH/DURHAM,Estados Unidos,CANCUN,Mexico,26,2261
2026M01,RALEIGH/DURHAM,Estados Unidos,MEXICO,Mexico,24,2025
2026M01,"REGINA, Canada",Canada,CANCUN,Mexico,26,4334
2026M01,"REGINA, Canada",Canada,MAZATLAN,Mexico,5,768
2026M01,"REGINA, Canada",Canada,PUERTO VALLARTA,Mexico,23,3901
2026M01,RENO,Estados Unidos,GUADALAJARA,Mexico,22,3048
2026M01,ROMA,Italia,CANCUN,Mexico,5,1683
2026M01,ROMA,Italia,MEXICO,Mexico,15,3370
2026M01,SACRAMENTO,Estados Unidos,DEL BAJIO,Mexico,19,2246
2026M01,SACRAMENTO,Estados Unidos,GUADALAJARA,Mexico,86,14754
2026M01,SACRAMENTO,Estados Unidos,MEXICO,Mexico,14,1578
2026M01,SACRAMENTO,Estados Unidos,MORELIA,Mexico,14,1716
2026M01,SACRAMENTO,Estados Unidos,PUERTO VALLARTA,Mexico,5,688
2026M01,SACRAMENTO,Estados Unidos,SAN JOSÉ DEL CABO,Mexico,31,3296
2026M01,SALT LAKE CITY,Estados Unidos,CANCUN,Mexico,54,8422
2026M01,SALT LAKE CITY,Estados Unidos,GUADALAJARA,Mexico,31,4325
2026M01,SALT LAKE CITY,Estados Unidos,MEXICO,Mexico,42,5235
2026M01,SALT LAKE CITY,Estados Unidos,MONTERREY,Mexico,4,320
2026M01,SALT LAKE CITY,Estados Unidos,PUERTO VALLARTA,Mexico,32,4591
2026M01,SALT LAKE CITY,Estados Unidos,SAN JOSÉ DEL CABO,Mexico,54,6595
2026M01,SAN ANTONIO,Estados Unidos,CANCUN,Mexico,1,82
2026M01,SAN ANTONIO,Estados Unidos,DEL BAJIO,Mexico,9,837
2026M01,SAN ANTONIO,Estados Unidos,GUADALAJARA,Mexico,58,6018
2026M01,SAN ANTONIO,Estados Unidos,MEXICO,Mexico,88,10940
2026M01,SAN ANTONIO,Estados Unidos,MONTERREY,Mexico,52,5577
2026M01,SAN ANTONIO,Estados Unidos,MORELIA,Mexico,13,632
2026M01,SAN ANTONIO,Estados Unidos,QUERETARO,Mexico,9,1002
2026M01,SAN ANTONIO,Estados Unidos,SAN LUIS POTOSI,Mexico,13,902
2026M01,SAN ANTONIO,Estados Unidos,TORREON,Mexico,3,216
2026M01,SAN DIEGO,Estados Unidos,PUERTO VALLARTA,Mexico,31,4131
2026M01,SAN DIEGO,Estados Unidos,SAN JOSÉ DEL CABO,Mexico,46,5007
2026M01,SAN FRANCISCO,Estados Unidos,CANCUN,Mexico,80,10698
2026M01,SAN FRANCISCO,Estados Unidos,GUADALAJARA,Mexico,25,3622
2026M01,SAN FRANCISCO,Estados Unidos,IXTAPA ZIHUATANEJO,Mexico,5,809
2026M01,SAN FRANCISCO,Estados Unidos,LORETO,Mexico,4,438
2026M01,SAN FRANCISCO,Estados Unidos,MEXICO,Mexico,166,20818
2026M01,SAN FRANCISCO,Estados Unidos,MONTERREY,Mexico,31,1597
2026M01,SAN FRANCISCO,Estados Unidos,PUERTO VALLARTA,Mexico,92,10571
2026M01,SAN FRANCISCO,Estados Unidos,SAN JOSÉ DEL CABO,Mexico,99,10920
2026M01,"SAN JOSE, CALIFORNIA",Estados Unidos,DEL BAJIO,Mexico,13,1420
2026M01,"SAN JOSE, CALIFORNIA",Estados Unidos,GUADALAJARA,Mexico,80,11858
2026M01,"SAN JOSE, CALIFORNIA",Estados Unidos,MORELIA,Mexico,22,2754
2026M01,"SAN JOSE, CALIFORNIA",Estados Unidos,PUERTO VALLARTA,Mexico,6,623
2026M01,"SAN JOSE, CALIFORNIA",Estados Unidos,SAN JOSÉ DEL CABO,Mexico,7,519
2026M01,"SAN JOSE, CALIFORNIA",Estados Unidos,ZACATECAS,Mexico,9,668
2026M01,"SAN JOSE, COSTA RICA",Costa Rica,CANCUN,Mexico,62,9128
2026M01,"SAN JOSE, COSTA RICA",Costa Rica,GUADALAJARA,Mexico,14,1532
2026M01,"SAN JOSE, COSTA RICA",Costa Rica,MEXICO,Mexico,124,19217
2026M01,"SAN JOSE, COSTA RICA",Costa Rica,MONTERREY,Mexico,4,601
2026M01,SAN JOSÉ DEL CABO,Mexico,ATLANTA,Estados Unidos,57,7709
2026M01,SAN JOSÉ DEL CABO,Mexico,AUSTIN,Estados Unidos,32,2156
2026M01,SAN JOSÉ DEL CABO,Mexico,BALTIMORE,Estados Unidos,1,138
2026M01,SAN JOSÉ DEL CABO,Mexico,CALGARY,Canada,39,8256
2026M01,SAN JOSÉ DEL CABO,Mexico,CHARLOTTE,Estados Unidos,21,2573
2026M01,SAN JOSÉ DEL CABO,Mexico,CHICAGO,Estados Unidos,90,12998
2026M01,SAN JOSÉ DEL CABO,Mexico,DALLAS-FORT WORTH,Estados Unidos,121,17599
2026M01,SAN JOSÉ DEL CABO,Mexico,DENVER,Estados Unidos,86,11678
2026M01,SAN JOSÉ DEL CABO,Mexico,DETROIT,Estados Unidos,36,4815
2026M01,SAN JOSÉ DEL CABO,Mexico,EDMONTON,Canada,19,2527
2026M01,SAN JOSÉ DEL CABO,Mexico,FRANKFURT,Alemania,8,1726
2026M01,SAN JOSÉ DEL CABO,Mexico,HOUSTON,Estados Unidos,133,14927
2026M01,SAN JOSÉ DEL CABO,Mexico,INDIANAPOLIS,Estados Unidos,0,0
2026M01,SAN JOSÉ DEL CABO,Mexico,KANSAS CITY,Estados Unidos,5,775
2026M01,SAN JOSÉ DEL CABO,Mexico,KELOWNA,Canada,10,1374
2026M01,SAN JOSÉ DEL CABO,Mexico,LAS VEGAS,Estados Unidos,32,2706
2026M01,SAN JOSÉ DEL CABO,Mexico,LOS ANGELES,Estados Unidos,171,21524
2026M01,SAN JOSÉ DEL CABO,Mexico,MINNEAPOLIS,Estados Unidos,55,7727
2026M01,SAN JOSÉ DEL CABO,Mexico,MONTREAL,Canada,10,1498
2026M01,SAN JOSÉ DEL CABO,Mexico,NASHVILLE,Estados Unidos,1,137
2026M01,SAN JOSÉ DEL CABO,Mexico,NEWARK,Estados Unidos,22,3193
2026M01,SAN JOSÉ DEL CABO,Mexico,NUEVA YORK,Estados Unidos,23,3542
2026M01,SAN JOSÉ DEL CABO,Mexico,OAKLAND,Estados Unidos,32,2682
2026M01,SAN JOSÉ DEL CABO,Mexico,ONTARIO,Estados Unidos,31,1868
2026M01,SAN JOSÉ DEL CABO,Mexico,PANAMA,Panama,14,1996
2026M01,SAN JOSÉ DEL CABO,Mexico,PHOENIX,Estados Unidos,159,19837
2026M01,SAN JOSÉ DEL CABO,Mexico,"PORTLAND, OREGON",Estados Unidos,35,4850
2026M01,SAN JOSÉ DEL CABO,Mexico,SACRAMENTO,Estados Unidos,31,3440
2026M01,SAN JOSÉ DEL CABO,Mexico,SALT LAKE CITY,Estados Unidos,54,7659
2026M01,SAN JOSÉ DEL CABO,Mexico,SAN DIEGO,Estados Unidos,47,6193
2026M01,SAN JOSÉ DEL CABO,Mexico,SAN FRANCISCO,Estados Unidos,99,12791
2026M01,SAN JOSÉ DEL CABO,Mexico,"SAN JOSE, CALIFORNIA",Estados Unidos,7,1127
2026M01,SAN JOSÉ DEL CABO,Mexico,"SANTA ANA, CALIFORNIA",Estados Unidos,31,3007
2026M01,SAN JOSÉ DEL CABO,Mexico,SEATTLE,Estados Unidos,73,10466
2026M01,SAN JOSÉ DEL CABO,Mexico,ST. LOUIS,Estados Unidos,5,554
2026M01,SAN JOSÉ DEL CABO,Mexico,TORONTO,Canada,36,5274
2026M01,SAN JOSÉ DEL CABO,Mexico,VANCOUVER,Canada,67,9979
2026M01,SAN JOSÉ DEL CABO,Mexico,"VICTORIA, COLUMBIA",Canada,4,612
2026M01,SAN JOSÉ DEL CABO,Mexico,WINNIPEG,Canada,5,728
2026M01,SAN LUIS POTOSI,Mexico,ATLANTA,Estados Unidos,23,1590
2026M01,SAN LUIS POTOSI,Mexico,CHICAGO,Estados Unidos,0,0
2026M01,SAN LUIS POTOSI,Mexico,DALLAS-FORT WORTH,Estados Unidos,64,7528
2026M01,SAN LUIS POTOSI,Mexico,HOUSTON,Estados Unidos,66,5066
2026M01,SAN LUIS POTOSI,Mexico,SAN ANTONIO,Estados Unidos,13,973
2026M01,SAN PEDRO SULA,Honduras,MEXICO,Mexico,16,1217
2026M01,SAN SALVADOR,El Salvador,MEXICO,Mexico,84,11211
2026M01,"SANTA ANA, CALIFORNIA",Estados Unidos,PUERTO VALLARTA,Mexico,10,854
2026M01,"SANTA ANA, CALIFORNIA",Estados Unidos,SAN JOSÉ DEL CABO,Mexico,31,2642
2026M01,SANTA LUCÍA,Mexico,BOGOTA,Colombia,66,6124
2026M01,SANTA LUCÍA,Mexico,CAMPINAS,Brasil,3,0
2026M01,SANTA LUCÍA,Mexico,CARACAS,Venezuela,5,858
2026M01,SANTA LUCÍA,Mexico,CARTAGENA DE INDIAS,Colombia,0,0
2026M01,SANTA LUCÍA,Mexico,CHICAGO,Estados Unidos,0,0
2026M01,SANTA LUCÍA,Mexico,DOHA,Qatar,5,0
2026M01,SANTA LUCÍA,Mexico,ESTAMBUL (ARNAVUTKOY),Turquia,7,0
2026M01,SANTA LUCÍA,Mexico,FRANKFURT,Alemania,21,0
2026M01,SANTA LUCÍA,Mexico,GUATEMALA,Guatemala,13,0
2026M01,SANTA LUCÍA,Mexico,HONG KONG,HONG KONG,21,0
2026M01,SANTA LUCÍA,Mexico,HOUSTON,Estados Unidos,5,0
2026M01,SANTA LUCÍA,Mexico,JEBEL ALI,Emiratos Arabes,7,0
2026M01,SANTA LUCÍA,Mexico,LA HABANA,Cuba,13,1219
2026M01,SANTA LUCÍA,Mexico,LIMA,Peru,0,0
2026M01,SANTA LUCÍA,Mexico,LOS ANGELES,Estados Unidos,42,0
2026M01,SANTA LUCÍA,Mexico,"LOUISVILLE, KENTUCKY",Estados Unidos,21,0
2026M01,SANTA LUCÍA,Mexico,LUXEMBURGO,Luxemburgo,22,0
2026M01,SANTA LUCÍA,Mexico,MEDELLIN,Colombia,0,0
2026M01,SANTA LUCÍA,Mexico,MIAMI,Estados Unidos,4,0
2026M01,SANTA LUCÍA,Mexico,MONTREAL,Canada,0,0
2026M01,SANTA LUCÍA,Mexico,PANAMA,Panama,5,0
2026M01,SANTA LUCÍA,Mexico,PARIS,Francia,4,0
2026M01,SANTA LUCÍA,Mexico,PUNTA CANA,Republica Dominicana,22,2657
2026M01,SANTA LUCÍA,Mexico,QUITO,Ecuador,15,0
2026M01,SANTA LUCÍA,Mexico,SAN ANTONIO,Estados Unidos,21,386
2026M01,SANTA LUCÍA,Mexico,"SAN JOSE, COSTA RICA",Costa Rica,6,0
2026M01,SANTA LUCÍA,Mexico,SAN PEDRO SULA,Honduras,0,0
2026M01,SANTA LUCÍA,Mexico,SANTIAGO DE CHILE,Chile,3,0
2026M01,SANTA LUCÍA,Mexico,"SANTO DOMINGO,REP DOM",Republica Dominicana,19,2375
2026M01,SANTA LUCÍA,Mexico,SHANGHAI,China,27,0
2026M01,SANTA LUCÍA,Mexico,SHENZHEN,China,8,0
2026M01,SANTA LUCÍA,Mexico,Seoul,COREA DEL SUR,0,0
2026M01,SANTA LUCÍA,Mexico,TORONTO,Canada,15,0
2026M01,SANTA LUCÍA,Mexico,"VALENCIA, Venezuela",Venezuela,0,0
2026M01,SANTA LUCÍA,Mexico,VANCOUVER,Canada,5,0
2026M01,SANTA LUCÍA,Mexico,WUXI,China,0,0
2026M01,SANTIAGO DE CHILE,Chile,CANCUN,Mexico,9,2384
2026M01,SANTIAGO DE CHILE,Chile,MEXICO,Mexico,58,13929
2026M01,SANTIAGO DE CHILE,Chile,SANTA LUCÍA,Mexico,3,0
2026M01,"SANTO DOMINGO,REP DOM",Republica Dominicana,MEXICO,Mexico,31,3942
2026M01,"SANTO DOMINGO,REP DOM",Republica Dominicana,SANTA LUCÍA,Mexico,18,2292
2026M01,SAO PAULO,Brasil,MEXICO,Mexico,62,14369
2026M01,SASKATOON,Canada,CANCUN,Mexico,17,2915
2026M01,SASKATOON,Canada,PUERTO VALLARTA,Mexico,18,3043
2026M01,SEATTLE,Estados Unidos,CANCUN,Mexico,67,9850
2026M01,SEATTLE,Estados Unidos,GUADALAJARA,Mexico,41,5963
2026M01,SEATTLE,Estados Unidos,MEXICO,Mexico,31,4577
2026M01,SEATTLE,Estados Unidos,PUERTO VALLARTA,Mexico,72,10272
2026M01,SEATTLE,Estados Unidos,SAN JOSÉ DEL CABO,Mexico,73,9007
2026M01,SHANGHAI,China,SANTA LUCÍA,Mexico,29,0
2026M01,SHENZHEN,China,MEXICO,Mexico,14,2330
2026M01,SHENZHEN,China,SANTA LUCÍA,Mexico,8,0
2026M01,ST. JOHN'S,Canada,CANCUN,Mexico,0,0
2026M01,ST. LOUIS,Estados Unidos,CANCUN,Mexico,68,9805
2026M01,ST. LOUIS,Estados Unidos,PUERTO VALLARTA,Mexico,4,290
2026M01,ST. LOUIS,Estados Unidos,SAN JOSÉ DEL CABO,Mexico,5,618
2026M01,Seoul,COREA DEL SUR,GUADALAJARA,Mexico,13,0
2026M01,Seoul,COREA DEL SUR,MEXICO,Mexico,22,4994
2026M01,Seoul,COREA DEL SUR,SANTA LUCÍA,Mexico,0,0
2026M01,TAMPA,Estados Unidos,CANCUN,Mexico,31,3592
2026M01,TAMPA,Estados Unidos,MEXICO,Mexico,28,4112
2026M01,TAMPICO,Mexico,DALLAS-FORT WORTH,Estados Unidos,29,1695
2026M01,TAMPICO,Mexico,HOUSTON,Estados Unidos,36,1834
2026M01,TEPIC,Mexico,CALGARY,Canada,5,290
2026M01,TEPIC,Mexico,HOUSTON,Estados Unidos,5,148
2026M01,TEPIC,Mexico,LOS ANGELES,Estados Unidos,13,1865
2026M01,THUNDER BAY,Canada,CANCUN,Mexico,4,722
2026M01,TIJUANA,Mexico,PHOENIX,Estados Unidos,22,569
2026M01,TOKYO,Japon,MEXICO,Mexico,62,12675
2026M01,TOLUCA,Mexico,MEMPHIS,Estados Unidos,22,0
2026M01,TORONTO,Canada,CANCUN,Mexico,473,89945
2026M01,TORONTO,Canada,COZUMEL,Mexico,17,2457
2026M01,TORONTO,Canada,GUADALAJARA,Mexico,22,2631
2026M01,TORONTO,Canada,HUATULCO,Mexico,12,1785
2026M01,TORONTO,Canada,IXTAPA ZIHUATANEJO,Mexico,4,546
2026M01,TORONTO,Canada,MAZATLAN,Mexico,5,845
2026M01,TORONTO,Canada,MERIDA,Mexico,10,1711
2026M01,TORONTO,Canada,MEXICO,Mexico,103,14548
2026M01,TORONTO,Canada,MONTERREY,Mexico,15,1565
2026M01,TORONTO,Canada,PUERTO ESCONDIDO,Mexico,4,535
2026M01,TORONTO,Canada,PUERTO VALLARTA,Mexico,109,16513
2026M01,TORONTO,Canada,SAN JOSÉ DEL CABO,Mexico,36,5554
2026M01,TORONTO,Canada,SANTA LUCÍA,Mexico,23,0
2026M01,TORONTO,Canada,TULUM,Mexico,30,4971
2026M01,TORREON,Mexico,DALLAS-FORT WORTH,Estados Unidos,59,3520
2026M01,TORREON,Mexico,SAN ANTONIO,Estados Unidos,3,243
2026M01,TULSA,Estados Unidos,CANCUN,Mexico,0,0
2026M01,TULUM,Mexico,ATLANTA,Estados Unidos,30,4347
2026M01,TULUM,Mexico,CALGARY,Canada,10,1591
2026M01,TULUM,Mexico,DALLAS-FORT WORTH,Estados Unidos,25,2965
2026M01,TULUM,Mexico,HOUSTON,Estados Unidos,33,4245
2026M01,TULUM,Mexico,MIAMI,Estados Unidos,23,2565
2026M01,TULUM,Mexico,MONTREAL,Canada,45,7835
2026M01,TULUM,Mexico,NEWARK,Estados Unidos,5,887
2026M01,TULUM,Mexico,NUEVA YORK,Estados Unidos,17,2078
2026M01,TULUM,Mexico,QUEBEC,Canada,5,893
2026M01,TULUM,Mexico,TORONTO,Canada,30,4731
2026M01,URUAPAN,Mexico,LOS ANGELES,Estados Unidos,9,1321
2026M01,"VALENCIA, Venezuela",Venezuela,CANCUN,Mexico,0,0
2026M01,"VALENCIA, Venezuela",Venezuela,SANTA LUCÍA,Mexico,0,0
2026M01,VANCOUVER,Canada,CANCUN,Mexico,162,25219
2026M01,VANCOUVER,Canada,GUADALAJARA,Mexico,21,2848
2026M01,VANCOUVER,Canada,HUATULCO,Mexico,26,4206
2026M01,VANCOUVER,Canada,IXTAPA ZIHUATANEJO,Mexico,14,2211
2026M01,VANCOUVER,Canada,MAZATLAN,Mexico,18,3036
2026M01,VANCOUVER,Canada,MEXICO,Mexico,103,14583
2026M01,VANCOUVER,Canada,PUERTO VALLARTA,Mexico,121,19883
2026M01,VANCOUVER,Canada,SAN JOSÉ DEL CABO,Mexico,67,10322
2026M01,VERACRUZ,Mexico,DALLAS-FORT WORTH,Estados Unidos,54,2090
2026M01,VERACRUZ,Mexico,HOUSTON,Estados Unidos,31,3069
2026M01,"VICTORIA, COLUMBIA",Canada,CANCUN,Mexico,13,2118
2026M01,"VICTORIA, COLUMBIA",Canada,PUERTO VALLARTA,Mexico,14,2370
2026M01,"VICTORIA, COLUMBIA",Canada,SAN JOSÉ DEL CABO,Mexico,4,673
2026M01,WASHINGTON,Estados Unidos,CANCUN,Mexico,70,8698
2026M01,WASHINGTON,Estados Unidos,MEXICO,Mexico,60,6474
2026M01,WINDSOR,Canada,CANCUN,Mexico,4,723
2026M01,WINNIPEG,Canada,CANCUN,Mexico,66,11032
2026M01,WINNIPEG,Canada,HUATULCO,Mexico,9,1489
2026M01,WINNIPEG,Canada,MAZATLAN,Mexico,5,854
2026M01,WINNIPEG,Canada,PUERTO VALLARTA,Mexico,45,7278
2026M01,WINNIPEG,Canada,SAN JOSÉ DEL CABO,Mexico,5,805
2026M01,WUXI,China,SANTA LUCÍA,Mexico,20,0
2026M01,ZACATECAS,Mexico,CHICAGO,Estados Unidos,17,2901
2026M01,ZACATECAS,Mexico,DALLAS-FORT WORTH,Estados Unidos,30,1850
2026M01,ZACATECAS,Mexico,LOS ANGELES,Estados Unidos,19,2953
2026M01,ZACATECAS,Mexico,OAKLAND,Estados Unidos,14,1349
2026M01,ZACATECAS,Mexico,"SAN JOSE, CALIFORNIA",Estados Unidos,9,982
2026M01,"ZARAGOZA, ES",España,SANTA LUCÍA,Mexico,18,0
2026M01,ZURICH,Suiza,CANCUN,Mexico,14,3763
2026M02,ABBOTSFORD,Canada,PUERTO VALLARTA,Mexico,3,367
2026M02,ACAPULCO,Mexico,DALLAS-FORT WORTH,Estados Unidos,8,522
2026M02,ACAPULCO,Mexico,HOUSTON,Estados Unidos,8,454
2026M02,ACAPULCO,Mexico,MONTREAL,Canada,4,694
2026M02,AGUASCALIENTES,Mexico,CHICAGO,Estados Unidos,16,2511
2026M02,AGUASCALIENTES,Mexico,DALLAS-FORT WORTH,Estados Unidos,56,3265
2026M02,AGUASCALIENTES,Mexico,HOUSTON,Estados Unidos,48,2548
2026M02,AGUASCALIENTES,Mexico,LOS ANGELES,Estados Unidos,16,2604
2026M02,AMSTERDAM,Paises Bajos,CANCUN,Mexico,9,2108
2026M02,AMSTERDAM,Paises Bajos,MEXICO,Mexico,66,15956
2026M02,ATLANTA,Estados Unidos,CANCUN,Mexico,215,32107
2026M02,ATLANTA,Estados Unidos,COZUMEL,Mexico,26,3294
2026M02,ATLANTA,Estados Unidos,DEL BAJIO,Mexico,24,1612
2026M02,ATLANTA,Estados Unidos,GUADALAJARA,Mexico,27,3677
2026M02,ATLANTA,Estados Unidos,MEXICO,Mexico,112,15160
2026M02,ATLANTA,Estados Unidos,MONTERREY,Mexico,52,4531
2026M02,ATLANTA,Estados Unidos,PUERTO VALLARTA,Mexico,35,4518
2026M02,ATLANTA,Estados Unidos,QUERETARO,Mexico,27,2168
2026M02,ATLANTA,Estados Unidos,SAN JOSÉ DEL CABO,Mexico,59,8122
2026M02,ATLANTA,Estados Unidos,SAN LUIS POTOSI,Mexico,20,1125
2026M02,ATLANTA,Estados Unidos,TULUM,Mexico,28,3951
2026M02,AUSTIN,Estados Unidos,CANCUN,Mexico,47,4332
2026M02,AUSTIN,Estados Unidos,MEXICO,Mexico,28,3566
2026M02,AUSTIN,Estados Unidos,MONTERREY,Mexico,12,1316
2026M02,AUSTIN,Estados Unidos,PUERTO VALLARTA,Mexico,0,0
2026M02,AUSTIN,Estados Unidos,SAN JOSÉ DEL CABO,Mexico,28,1345
2026M02,BALTIMORE,Estados Unidos,CANCUN,Mexico,91,10323
2026M02,BALTIMORE,Estados Unidos,SAN JOSÉ DEL CABO,Mexico,0,0
2026M02,"BARCELONA, España",España,CANCUN,Mexico,0,0
2026M02,"BARCELONA, España",España,MEXICO,Mexico,28,6121
2026M02,BELFAST,Reino Unido,CANCUN,Mexico,0,0
2026M02,BELICE,Belice,CANCUN,Mexico,29,302
2026M02,"BIRMINGHAM, INGLATERRA",Reino Unido,CANCUN,Mexico,8,2457
2026M02,BOGOTA,Colombia,CANCUN,Mexico,100,14143
2026M02,BOGOTA,Colombia,GUADALAJARA,Mexico,16,2442
2026M02,BOGOTA,Colombia,MEXICO,Mexico,196,27236
2026M02,BOGOTA,Colombia,MONTERREY,Mexico,24,2688
2026M02,BOGOTA,Colombia,SANTA LUCÍA,Mexico,54,6329
2026M02,BOSTON,Estados Unidos,CANCUN,Mexico,83,14038
2026M02,BOSTON,Estados Unidos,MEXICO,Mexico,26,3662
2026M02,BRASILIA,Brasil,CANCUN,Mexico,16,2159
2026M02,BROWNSVILLE,Estados Unidos,MONTERREY,Mexico,27,112
2026M02,BUENOS AIRES,Argentina,CANCUN,Mexico,24,5416
2026M02,BUENOS AIRES,Argentina,MEXICO,Mexico,28,6413
2026M02,CALGARY,Canada,CANCUN,Mexico,61,15620
2026M02,CALGARY,Canada,COZUMEL,Mexico,4,469
2026M02,CALGARY,Canada,GUADALAJARA,Mexico,7,621
2026M02,CALGARY,Canada,HUATULCO,Mexico,20,2610
2026M02,CALGARY,Canada,IXTAPA ZIHUATANEJO,Mexico,16,2276
2026M02,CALGARY,Canada,LORETO,Mexico,8,947
2026M02,CALGARY,Canada,MANZANILLO,Mexico,12,1402
2026M02,CALGARY,Canada,MAZATLAN,Mexico,20,2902
2026M02,CALGARY,Canada,MEXICO,Mexico,16,1944
2026M02,CALGARY,Canada,PUERTO ESCONDIDO,Mexico,4,587
2026M02,CALGARY,Canada,PUERTO VALLARTA,Mexico,70,11980
2026M02,CALGARY,Canada,SAN JOSÉ DEL CABO,Mexico,32,7885
2026M02,CALGARY,Canada,TEPIC,Mexico,4,269
2026M02,CALGARY,Canada,TULUM,Mexico,8,1170
2026M02,CALI,Colombia,MEXICO,Mexico,16,1689
2026M02,CAMAGUEY,Cuba,CANCUN,Mexico,4,292
2026M02,CAMPINAS,Brasil,SANTA LUCÍA,Mexico,5,0
2026M02,CANCUN,Mexico,AMSTERDAM,Paises Bajos,9,2199
2026M02,CANCUN,Mexico,ATLANTA,Estados Unidos,213,33780
2026M02,CANCUN,Mexico,AUSTIN,Estados Unidos,47,5360
2026M02,CANCUN,Mexico,BALTIMORE,Estados Unidos,91,10562
2026M02,CANCUN,Mexico,"BARCELONA, España",España,0,0
2026M02,CANCUN,Mexico,BELFAST,Reino Unido,0,0
2026M02,CANCUN,Mexico,BELICE,Belice,28,290
2026M02,CANCUN,Mexico,"BIRMINGHAM, INGLATERRA",Reino Unido,8,2385
2026M02,CANCUN,Mexico,BOGOTA,Colombia,100,15592
2026M02,CANCUN,Mexico,BOSTON,Estados Unidos,82,13549
2026M02,CANCUN,Mexico,BRASILIA,Brasil,16,2466
2026M02,CANCUN,Mexico,BUENOS AIRES,Argentina,24,6156
2026M02,CANCUN,Mexico,CALGARY,Canada,61,15544
2026M02,CANCUN,Mexico,CAMAGUEY,Cuba,4,275
2026M02,CANCUN,Mexico,CARACAS,Venezuela,8,416
2026M02,CANCUN,Mexico,CHARLOTTE,Estados Unidos,121,20527
2026M02,CANCUN,Mexico,CHARLOTTETOWN,Canada,2,159
2026M02,CANCUN,Mexico,CHICAGO,Estados Unidos,259,48318
2026M02,CANCUN,Mexico,CLEVELAND,Estados Unidos,27,4019
2026M02,CANCUN,Mexico,COLORADO SPRINGS,Estados Unidos,0,0
2026M02,CANCUN,Mexico,"COLUMBUS, Ohio",Estados Unidos,0,0
2026M02,CANCUN,Mexico,COVINGTON,Estados Unidos,12,1654
2026M02,CANCUN,Mexico,"Cardiff, Glamorgan",Reino Unido,0,0
2026M02,CANCUN,Mexico,"Charleston, Sur de Carolina",Estados Unidos,4,226
2026M02,CANCUN,Mexico,DALLAS-FORT WORTH,Estados Unidos,245,38357
2026M02,CANCUN,Mexico,DENVER,Estados Unidos,107,21450
2026M02,CANCUN,Mexico,DETROIT,Estados Unidos,123,19461
2026M02,CANCUN,Mexico,DUBLIN,Irlanda,0,0
2026M02,CANCUN,Mexico,EDMONTON,Canada,80,13173
2026M02,CANCUN,Mexico,ESTAMBUL (ARNAVUTKOY),Turquia,36,4073
2026M02,CANCUN,Mexico,FORT LAUDERDALE,Estados Unidos,71,9175
2026M02,CANCUN,Mexico,FRANKFURT,Alemania,41,11610
2026M02,CANCUN,Mexico,"Fredericton, Canada",Canada,4,543
2026M02,CANCUN,Mexico,"GANDER, Canadá",Canada,0,0
2026M02,CANCUN,Mexico,GLASGOW,Reino Unido,0,0
2026M02,CANCUN,Mexico,GUATEMALA,Guatemala,28,3256
2026M02,CANCUN,Mexico,HALIFAX,Canada,33,5406
2026M02,CANCUN,Mexico,HAMILTON,Canada,23,3167
2026M02,CANCUN,Mexico,HARLINGEN TEXAS,Estados Unidos,0,0
2026M02,CANCUN,Mexico,HOUSTON,Estados Unidos,245,30825
2026M02,CANCUN,Mexico,INDIANAPOLIS,Estados Unidos,8,1085
2026M02,CANCUN,Mexico,KANSAS CITY,Estados Unidos,36,4552
2026M02,CANCUN,Mexico,KELOWNA,Canada,24,3768
2026M02,CANCUN,Mexico,KITCHENER,Canada,4,609
2026M02,CANCUN,Mexico,LA HABANA,Cuba,28,2201
2026M02,CANCUN,Mexico,LAS VEGAS,Estados Unidos,0,0
2026M02,CANCUN,Mexico,LIMA,Peru,112,17761
2026M02,CANCUN,Mexico,LISBON,Portugal,15,3372
2026M02,CANCUN,Mexico,"LONDON, ONTARIO",Canada,8,1406
2026M02,CANCUN,Mexico,LONDRES,Reino Unido,44,13292
2026M02,CANCUN,Mexico,LOS ANGELES,Estados Unidos,143,18929
2026M02,CANCUN,Mexico,MADRID,España,37,12696
2026M02,CANCUN,Mexico,MANCHESTER,Reino Unido,16,4685
2026M02,CANCUN,Mexico,MEDELLIN,Colombia,28,4576
2026M02,CANCUN,Mexico,MIAMI,Estados Unidos,168,20875
2026M02,CANCUN,Mexico,MILAN,Italia,4,1319
2026M02,CANCUN,Mexico,MILWAUKEE,Estados Unidos,28,4336
2026M02,CANCUN,Mexico,MINNEAPOLIS,Estados Unidos,230,35143
2026M02,CANCUN,Mexico,MONCTON,Canada,7,1262
2026M02,CANCUN,Mexico,MONTREAL,Canada,168,38861
2026M02,CANCUN,Mexico,NASHVILLE,Estados Unidos,15,1724
2026M02,CANCUN,Mexico,NEWARK,Estados Unidos,117,18168
2026M02,CANCUN,Mexico,NEWCASTLE,Reino Unido,0,0
2026M02,CANCUN,Mexico,NORFOLK,Estados Unidos,4,304
2026M02,CANCUN,Mexico,NUEVA ORLEANS,Estados Unidos,29,2531
2026M02,CANCUN,Mexico,NUEVA YORK,Estados Unidos,205,30755
2026M02,CANCUN,Mexico,ORLANDO,Estados Unidos,86,9696
2026M02,CANCUN,Mexico,OTTAWA,Canada,75,12023
2026M02,CANCUN,Mexico,PANAMA,Panama,194,29493
2026M02,CANCUN,Mexico,PARIS,Francia,39,16300
2026M02,CANCUN,Mexico,PHILADELPHIA,Estados Unidos,104,17668
2026M02,CANCUN,Mexico,PHOENIX,Estados Unidos,64,8917
2026M02,CANCUN,Mexico,PITTSBURGH,Estados Unidos,0,0
2026M02,CANCUN,Mexico,"PORTLAND, OREGON",Estados Unidos,4,473
2026M02,CANCUN,Mexico,PUNTA CANA,Republica Dominicana,28,4243
2026M02,CANCUN,Mexico,"Providence, Rhode Island",Estados Unidos,3,213
2026M02,CANCUN,Mexico,QUEBEC,Canada,53,9510
2026M02,CANCUN,Mexico,RALEIGH/DURHAM,Estados Unidos,24,2481
2026M02,CANCUN,Mexico,"REGINA, Canada",Canada,24,4046
2026M02,CANCUN,Mexico,ROMA,Italia,4,1281
2026M02,CANCUN,Mexico,SALT LAKE CITY,Estados Unidos,52,8328
2026M02,CANCUN,Mexico,SAN ANTONIO,Estados Unidos,0,0
2026M02,CANCUN,Mexico,SAN FRANCISCO,Estados Unidos,60,9536
2026M02,CANCUN,Mexico,"SAN JOSE, COSTA RICA",Costa Rica,56,6519
2026M02,CANCUN,Mexico,SANTIAGO DE CHILE,Chile,8,2173
2026M02,CANCUN,Mexico,SASKATOON,Canada,16,2704
2026M02,CANCUN,Mexico,SEATTLE,Estados Unidos,63,9678
2026M02,CANCUN,Mexico,ST. JOHN'S,Canada,0,0
2026M02,CANCUN,Mexico,ST. LOUIS,Estados Unidos,66,10479
2026M02,CANCUN,Mexico,TAMPA,Estados Unidos,28,3574
2026M02,CANCUN,Mexico,THUNDER BAY,Canada,4,712
2026M02,CANCUN,Mexico,TORONTO,Canada,451,90794
2026M02,CANCUN,Mexico,TULSA,Estados Unidos,0,0
2026M02,CANCUN,Mexico,"VALENCIA, Venezuela",Venezuela,0,0
2026M02,CANCUN,Mexico,VANCOUVER,Canada,150,22947
2026M02,CANCUN,Mexico,"VICTORIA, COLUMBIA",Canada,12,1939
2026M02,CANCUN,Mexico,WASHINGTON,Estados Unidos,55,8953
2026M02,CANCUN,Mexico,WINDSOR,Canada,4,703
2026M02,CANCUN,Mexico,WINNIPEG,Canada,58,9736
2026M02,CANCUN,Mexico,ZURICH,Suiza,12,3364
2026M02,CARACAS,Venezuela,CANCUN,Mexico,8,279
2026M02,CARACAS,Venezuela,SANTA LUCÍA,Mexico,4,399
2026M02,CARTAGENA DE INDIAS,Colombia,MEXICO,Mexico,28,3996
2026M02,CARTAGENA DE INDIAS,Colombia,SANTA LUCÍA,Mexico,0,0
2026M02,CHARLOTTE,Estados Unidos,CANCUN,Mexico,121,19535
2026M02,CHARLOTTE,Estados Unidos,COZUMEL,Mexico,4,498
2026M02,CHARLOTTE,Estados Unidos,GUADALAJARA,Mexico,9,1183
2026M02,CHARLOTTE,Estados Unidos,MEXICO,Mexico,55,6330
2026M02,CHARLOTTE,Estados Unidos,SAN JOSÉ DEL CABO,Mexico,19,2612
2026M02,CHARLOTTETOWN,Canada,CANCUN,Mexico,2,314
2026M02,CHICAGO,Estados Unidos,AGUASCALIENTES,Mexico,16,1887
2026M02,CHICAGO,Estados Unidos,CANCUN,Mexico,261,47341
2026M02,CHICAGO,Estados Unidos,COZUMEL,Mexico,8,1056
2026M02,CHICAGO,Estados Unidos,DEL BAJIO,Mexico,24,3385
2026M02,CHICAGO,Estados Unidos,DURANGO,Mexico,12,1479
2026M02,CHICAGO,Estados Unidos,GUADALAJARA,Mexico,102,14637
2026M02,CHICAGO,Estados Unidos,IXTAPA ZIHUATANEJO,Mexico,4,439
2026M02,CHICAGO,Estados Unidos,MEXICO,Mexico,184,29573
2026M02,CHICAGO,Estados Unidos,MONTERREY,Mexico,32,3110
2026M02,CHICAGO,Estados Unidos,MORELIA,Mexico,48,7134
2026M02,CHICAGO,Estados Unidos,PUERTO VALLARTA,Mexico,71,9050
2026M02,CHICAGO,Estados Unidos,QUERETARO,Mexico,8,1086
2026M02,CHICAGO,Estados Unidos,SAN JOSÉ DEL CABO,Mexico,76,11095
2026M02,CHICAGO,Estados Unidos,SAN LUIS POTOSI,Mexico,0,0
2026M02,CHICAGO,Estados Unidos,ZACATECAS,Mexico,12,1726
2026M02,CHIHUAHUA,Mexico,DALLAS-FORT WORTH,Estados Unidos,67,3669
2026M02,CHIHUAHUA,Mexico,DENVER,Estados Unidos,8,890
2026M02,CLEVELAND,Estados Unidos,CANCUN,Mexico,28,4192
2026M02,COLORADO SPRINGS,Estados Unidos,CANCUN,Mexico,0,0
2026M02,"COLUMBUS, Ohio",Estados Unidos,CANCUN,Mexico,0,0
2026M02,COMAYAGUA,Honduras,MEXICO,Mexico,0,0
2026M02,COMOX,Canada,PUERTO VALLARTA,Mexico,7,836
2026M02,COVINGTON,Estados Unidos,CANCUN,Mexico,12,1741
2026M02,COZUMEL,Mexico,ATLANTA,Estados Unidos,26,3098
2026M02,COZUMEL,Mexico,CALGARY,Canada,4,478
2026M02,COZUMEL,Mexico,CHARLOTTE,Estados Unidos,4,493
2026M02,COZUMEL,Mexico,CHICAGO,Estados Unidos,8,1118
2026M02,COZUMEL,Mexico,DALLAS-FORT WORTH,Estados Unidos,32,4651
2026M02,COZUMEL,Mexico,DENVER,Estados Unidos,4,592
2026M02,COZUMEL,Mexico,HOUSTON,Estados Unidos,28,3022
2026M02,COZUMEL,Mexico,MIAMI,Estados Unidos,28,2304
2026M02,COZUMEL,Mexico,MINNEAPOLIS,Estados Unidos,26,3348
2026M02,COZUMEL,Mexico,MONTREAL,Canada,8,1370
2026M02,COZUMEL,Mexico,TORONTO,Canada,16,2405
2026M02,CULIACAN,Mexico,PHOENIX,Estados Unidos,8,1070
2026M02,"Cardiff, Glamorgan",Reino Unido,CANCUN,Mexico,0,0
2026M02,"Charleston, Sur de Carolina",Estados Unidos,CANCUN,Mexico,4,249
2026M02,DALLAS-FORT WORTH,Estados Unidos,ACAPULCO,Mexico,8,494
2026M02,DALLAS-FORT WORTH,Estados Unidos,AGUASCALIENTES,Mexico,56,3081
2026M02,DALLAS-FORT WORTH,Estados Unidos,CANCUN,Mexico,246,37917
2026M02,DALLAS-FORT WORTH,Estados Unidos,CHIHUAHUA,Mexico,67,3799
2026M02,DALLAS-FORT WORTH,Estados Unidos,COZUMEL,Mexico,32,4696
2026M02,DALLAS-FORT WORTH,Estados Unidos,DEL BAJIO,Mexico,75,7949
2026M02,DALLAS-FORT WORTH,Estados Unidos,DURANGO,Mexico,24,1977
2026M02,DALLAS-FORT WORTH,Estados Unidos,GUADALAJARA,Mexico,93,11772
2026M02,DALLAS-FORT WORTH,Estados Unidos,HUATULCO,Mexico,28,2013
2026M02,DALLAS-FORT WORTH,Estados Unidos,IXTAPA ZIHUATANEJO,Mexico,24,1503
2026M02,DALLAS-FORT WORTH,Estados Unidos,LORETO,Mexico,8,502
2026M02,DALLAS-FORT WORTH,Estados Unidos,MANZANILLO,Mexico,4,224
2026M02,DALLAS-FORT WORTH,Estados Unidos,MAZATLAN,Mexico,20,1928
2026M02,DALLAS-FORT WORTH,Estados Unidos,MERIDA,Mexico,24,2854
2026M02,DALLAS-FORT WORTH,Estados Unidos,MEXICO,Mexico,163,22432
2026M02,DALLAS-FORT WORTH,Estados Unidos,MONTERREY,Mexico,154,13232
2026M02,DALLAS-FORT WORTH,Estados Unidos,MORELIA,Mexico,44,4196
2026M02,DALLAS-FORT WORTH,Estados Unidos,OAXACA,Mexico,28,3838
2026M02,DALLAS-FORT WORTH,Estados Unidos,PUERTO ESCONDIDO,Mexico,8,536
2026M02,DALLAS-FORT WORTH,Estados Unidos,PUERTO VALLARTA,Mexico,94,13129
2026M02,DALLAS-FORT WORTH,Estados Unidos,QUERETARO,Mexico,74,10247
2026M02,DALLAS-FORT WORTH,Estados Unidos,SAN JOSÉ DEL CABO,Mexico,128,19045
2026M02,DALLAS-FORT WORTH,Estados Unidos,SAN LUIS POTOSI,Mexico,50,4723
2026M02,DALLAS-FORT WORTH,Estados Unidos,TAMPICO,Mexico,28,1192
2026M02,DALLAS-FORT WORTH,Estados Unidos,TORREON,Mexico,38,2410
2026M02,DALLAS-FORT WORTH,Estados Unidos,TULUM,Mexico,24,3017
2026M02,DALLAS-FORT WORTH,Estados Unidos,VERACRUZ,Mexico,28,1750
2026M02,DALLAS-FORT WORTH,Estados Unidos,ZACATECAS,Mexico,28,1354
2026M02,DEER LAKE,Canada,CANCUN,Mexico,0,0
2026M02,DEL BAJIO,Mexico,ATLANTA,Estados Unidos,24,1909
2026M02,DEL BAJIO,Mexico,CHICAGO,Estados Unidos,24,3917
2026M02,DEL BAJIO,Mexico,DALLAS-FORT WORTH,Estados Unidos,75,10356
2026M02,DEL BAJIO,Mexico,FRESNO,Estados Unidos,12,1832
2026M02,DEL BAJIO,Mexico,HOUSTON,Estados Unidos,115,6658
2026M02,DEL BAJIO,Mexico,LOS ANGELES,Estados Unidos,20,2980
2026M02,DEL BAJIO,Mexico,OAKLAND,Estados Unidos,28,4193
2026M02,DEL BAJIO,Mexico,ONTARIO,Estados Unidos,12,1520
2026M02,DEL BAJIO,Mexico,SACRAMENTO,Estados Unidos,8,1306
2026M02,DEL BAJIO,Mexico,SAN ANTONIO,Estados Unidos,8,746
2026M02,DEL BAJIO,Mexico,"SAN JOSE, CALIFORNIA",Estados Unidos,8,1177
2026M02,DENVER,Estados Unidos,CANCUN,Mexico,105,20589
2026M02,DENVER,Estados Unidos,CHIHUAHUA,Mexico,8,881
2026M02,DENVER,Estados Unidos,COZUMEL,Mexico,4,541
2026M02,DENVER,Estados Unidos,GUADALAJARA,Mexico,27,3842
2026M02,DENVER,Estados Unidos,MEXICO,Mexico,84,13426
2026M02,DENVER,Estados Unidos,MONTERREY,Mexico,12,1611
2026M02,DENVER,Estados Unidos,PUERTO VALLARTA,Mexico,73,8394
2026M02,DENVER,Estados Unidos,QUERETARO,Mexico,0,0
2026M02,DENVER,Estados Unidos,SAN JOSÉ DEL CABO,Mexico,85,12118
2026M02,DETROIT,Estados Unidos,CANCUN,Mexico,123,19415
2026M02,DETROIT,Estados Unidos,GUADALAJARA,Mexico,0,0
2026M02,DETROIT,Estados Unidos,MEXICO,Mexico,28,3023
2026M02,DETROIT,Estados Unidos,MONTERREY,Mexico,24,1107
2026M02,DETROIT,Estados Unidos,PUERTO VALLARTA,Mexico,26,3301
2026M02,DETROIT,Estados Unidos,QUERETARO,Mexico,16,921
2026M02,DETROIT,Estados Unidos,SAN JOSÉ DEL CABO,Mexico,32,4432
2026M02,DOHA,Qatar,SANTA LUCÍA,Mexico,5,0
2026M02,DUBAI,Emiratos Arabes,MEXICO,Mexico,28,2354
2026M02,DUBLIN,Irlanda,CANCUN,Mexico,0,0
2026M02,DURANGO,Mexico,CHICAGO,Estados Unidos,12,1442
2026M02,DURANGO,Mexico,DALLAS-FORT WORTH,Estados Unidos,23,2055
2026M02,EDMONTON,Canada,CANCUN,Mexico,80,13079
2026M02,EDMONTON,Canada,HUATULCO,Mexico,12,1772
2026M02,EDMONTON,Canada,MAZATLAN,Mexico,16,2112
2026M02,EDMONTON,Canada,PUERTO VALLARTA,Mexico,56,7853
2026M02,EDMONTON,Canada,SAN JOSÉ DEL CABO,Mexico,16,2164
2026M02,ESTAMBUL (ARNAVUTKOY),Turquia,CANCUN,Mexico,36,2927
2026M02,ESTAMBUL (ARNAVUTKOY),Turquia,MEXICO,Mexico,36,6184
2026M02,ESTAMBUL (ARNAVUTKOY),Turquia,SANTA LUCÍA,Mexico,8,0
2026M02,FORT LAUDERDALE,Estados Unidos,CANCUN,Mexico,72,9171
2026M02,FRANKFURT,Alemania,CANCUN,Mexico,41,11477
2026M02,FRANKFURT,Alemania,MEXICO,Mexico,27,9094
2026M02,FRANKFURT,Alemania,SAN JOSÉ DEL CABO,Mexico,8,2108
2026M02,FRANKFURT,Alemania,SANTA LUCÍA,Mexico,34,0
2026M02,FRESNO,Estados Unidos,DEL BAJIO,Mexico,12,1473
2026M02,FRESNO,Estados Unidos,GUADALAJARA,Mexico,81,11518
2026M02,FRESNO,Estados Unidos,MORELIA,Mexico,16,2207
2026M02,"Fredericton, Canada",Canada,CANCUN,Mexico,5,861
2026M02,GLASGOW,Reino Unido,CANCUN,Mexico,0,0
2026M02,GUADALAJARA,Mexico,ATLANTA,Estados Unidos,27,4328
2026M02,GUADALAJARA,Mexico,BOGOTA,Colombia,24,2257
2026M02,GUADALAJARA,Mexico,CALGARY,Canada,7,687
2026M02,GUADALAJARA,Mexico,CHARLOTTE,Estados Unidos,9,1442
2026M02,GUADALAJARA,Mexico,CHICAGO,Estados Unidos,102,17279
2026M02,GUADALAJARA,Mexico,DALLAS-FORT WORTH,Estados Unidos,93,14771
2026M02,GUADALAJARA,Mexico,DENVER,Estados Unidos,27,4265
2026M02,GUADALAJARA,Mexico,DETROIT,Estados Unidos,0,0
2026M02,GUADALAJARA,Mexico,FRESNO,Estados Unidos,82,14932
2026M02,GUADALAJARA,Mexico,HONG KONG,HONG KONG,14,0
2026M02,GUADALAJARA,Mexico,HOUSTON,Estados Unidos,91,11640
2026M02,GUADALAJARA,Mexico,LAS VEGAS,Estados Unidos,60,11189
2026M02,GUADALAJARA,Mexico,LOS ANGELES,Estados Unidos,238,38798
2026M02,GUADALAJARA,Mexico,"LOUISVILLE, KENTUCKY",Estados Unidos,19,0
2026M02,GUADALAJARA,Mexico,LUXEMBURGO,Luxemburgo,15,0
2026M02,GUADALAJARA,Mexico,MADRID,España,12,2683
2026M02,GUADALAJARA,Mexico,MEMPHIS,Estados Unidos,52,0
2026M02,GUADALAJARA,Mexico,MIAMI,Estados Unidos,21,2293
2026M02,GUADALAJARA,Mexico,MONTREAL,Canada,6,477
2026M02,GUADALAJARA,Mexico,NEWARK,Estados Unidos,15,2540
2026M02,GUADALAJARA,Mexico,OAKLAND,Estados Unidos,81,14181
2026M02,GUADALAJARA,Mexico,ONTARIO,Estados Unidos,54,9455
2026M02,GUADALAJARA,Mexico,ORLANDO,Estados Unidos,20,2992
2026M02,GUADALAJARA,Mexico,PANAMA,Panama,28,3646
2026M02,GUADALAJARA,Mexico,PARIS,Francia,2,0
2026M02,GUADALAJARA,Mexico,PHOENIX,Estados Unidos,66,6933
2026M02,GUADALAJARA,Mexico,"PORTLAND, OREGON",Estados Unidos,27,4640
2026M02,GUADALAJARA,Mexico,RENO,Estados Unidos,20,3040
2026M02,GUADALAJARA,Mexico,SACRAMENTO,Estados Unidos,69,13534
2026M02,GUADALAJARA,Mexico,SALT LAKE CITY,Estados Unidos,27,4033
2026M02,GUADALAJARA,Mexico,SAN ANTONIO,Estados Unidos,28,4260
2026M02,GUADALAJARA,Mexico,SAN FRANCISCO,Estados Unidos,20,2591
2026M02,GUADALAJARA,Mexico,"SAN JOSE, CALIFORNIA",Estados Unidos,54,9380
2026M02,GUADALAJARA,Mexico,"SAN JOSE, COSTA RICA",Costa Rica,13,1254
2026M02,GUADALAJARA,Mexico,SEATTLE,Estados Unidos,28,4563
2026M02,GUADALAJARA,Mexico,Seoul,COREA DEL SUR,9,0
2026M02,GUADALAJARA,Mexico,TORONTO,Canada,21,2548
2026M02,GUADALAJARA,Mexico,VANCOUVER,Canada,15,2000
2026M02,GUATEMALA,Guatemala,CANCUN,Mexico,28,3577
2026M02,GUATEMALA,Guatemala,MERIDA,Mexico,0,0
2026M02,GUATEMALA,Guatemala,MEXICO,Mexico,119,15583
2026M02,GUATEMALA,Guatemala,SANTA LUCÍA,Mexico,14,0
2026M02,HALIFAX,Canada,CANCUN,Mexico,33,5836
2026M02,HAMILTON,Canada,CANCUN,Mexico,24,3301
2026M02,HAMILTON,Canada,PUERTO VALLARTA,Mexico,7,772
2026M02,"HANGZHOU, China",China,SANTA LUCÍA,Mexico,0,0
2026M02,HARLINGEN TEXAS,Estados Unidos,CANCUN,Mexico,0,0
2026M02,HERMOSILLO,Mexico,PHOENIX,Estados Unidos,28,2205
2026M02,HONG KONG,HONG KONG,GUADALAJARA,Mexico,23,0
2026M02,HONG KONG,HONG KONG,SANTA LUCÍA,Mexico,32,0
2026M02,HOUSTON,Estados Unidos,ACAPULCO,Mexico,8,390
2026M02,HOUSTON,Estados Unidos,AGUASCALIENTES,Mexico,48,2014
2026M02,HOUSTON,Estados Unidos,CANCUN,Mexico,246,29279
2026M02,HOUSTON,Estados Unidos,COZUMEL,Mexico,28,2906
2026M02,HOUSTON,Estados Unidos,DEL BAJIO,Mexico,92,5020
2026M02,HOUSTON,Estados Unidos,GUADALAJARA,Mexico,91,9950
2026M02,HOUSTON,Estados Unidos,IXTAPA ZIHUATANEJO,Mexico,28,1523
2026M02,HOUSTON,Estados Unidos,MANZANILLO,Mexico,4,216
2026M02,HOUSTON,Estados Unidos,MAZATLAN,Mexico,7,433
2026M02,HOUSTON,Estados Unidos,MERIDA,Mexico,28,4248
2026M02,HOUSTON,Estados Unidos,MEXICO,Mexico,277,29928
2026M02,HOUSTON,Estados Unidos,MONTERREY,Mexico,209,14298
2026M02,HOUSTON,Estados Unidos,MORELIA,Mexico,39,2024
2026M02,HOUSTON,Estados Unidos,OAXACA,Mexico,36,2011
2026M02,HOUSTON,Estados Unidos,PUEBLA,Mexico,27,1064
2026M02,HOUSTON,Estados Unidos,PUERTO ESCONDIDO,Mexico,12,678
2026M02,HOUSTON,Estados Unidos,PUERTO VALLARTA,Mexico,75,6920
2026M02,HOUSTON,Estados Unidos,QUERETARO,Mexico,91,7624
2026M02,HOUSTON,Estados Unidos,SAN JOSÉ DEL CABO,Mexico,116,12600
2026M02,HOUSTON,Estados Unidos,SAN LUIS POTOSI,Mexico,60,3434
2026M02,HOUSTON,Estados Unidos,TAMPICO,Mexico,28,1190
2026M02,HOUSTON,Estados Unidos,TEPIC,Mexico,4,71
2026M02,HOUSTON,Estados Unidos,TULUM,Mexico,24,2848
2026M02,HOUSTON,Estados Unidos,VERACRUZ,Mexico,28,2106
2026M02,HUATULCO,Mexico,CALGARY,Canada,19,2665
2026M02,HUATULCO,Mexico,DALLAS-FORT WORTH,Estados Unidos,28,2065
2026M02,HUATULCO,Mexico,EDMONTON,Canada,11,1750
2026M02,HUATULCO,Mexico,TORONTO,Canada,12,1774
2026M02,HUATULCO,Mexico,VANCOUVER,Canada,24,3774
2026M02,HUATULCO,Mexico,WINNIPEG,Canada,8,1358
2026M02,INDIANAPOLIS,Estados Unidos,CANCUN,Mexico,8,1103
2026M02,INDIANAPOLIS,Estados Unidos,SAN JOSÉ DEL CABO,Mexico,0,0
2026M02,IXTAPA ZIHUATANEJO,Mexico,CALGARY,Canada,16,2330
2026M02,IXTAPA ZIHUATANEJO,Mexico,CHICAGO,Estados Unidos,4,473
2026M02,IXTAPA ZIHUATANEJO,Mexico,DALLAS-FORT WORTH,Estados Unidos,24,1673
2026M02,IXTAPA ZIHUATANEJO,Mexico,HOUSTON,Estados Unidos,28,1851
2026M02,IXTAPA ZIHUATANEJO,Mexico,LOS ANGELES,Estados Unidos,26,2993
2026M02,IXTAPA ZIHUATANEJO,Mexico,MINNEAPOLIS,Estados Unidos,9,1554
2026M02,IXTAPA ZIHUATANEJO,Mexico,MONTREAL,Canada,4,602
2026M02,IXTAPA ZIHUATANEJO,Mexico,PHOENIX,Estados Unidos,4,259
2026M02,IXTAPA ZIHUATANEJO,Mexico,SAN FRANCISCO,Estados Unidos,4,469
2026M02,IXTAPA ZIHUATANEJO,Mexico,TORONTO,Canada,4,642
2026M02,IXTAPA ZIHUATANEJO,Mexico,VANCOUVER,Canada,12,1920
2026M02,JEBEL ALI,Emiratos Arabes,SANTA LUCÍA,Mexico,16,0
2026M02,KANSAS CITY,Estados Unidos,CANCUN,Mexico,36,5223
2026M02,KANSAS CITY,Estados Unidos,SAN JOSÉ DEL CABO,Mexico,11,1313
2026M02,KELOWNA,Canada,CANCUN,Mexico,24,3357
2026M02,KELOWNA,Canada,MAZATLAN,Mexico,4,635
2026M02,KELOWNA,Canada,PUERTO VALLARTA,Mexico,14,2040
2026M02,KELOWNA,Canada,SAN JOSÉ DEL CABO,Mexico,8,1202
2026M02,KITCHENER,Canada,CANCUN,Mexico,4,733
2026M02,LA HABANA,Cuba,CANCUN,Mexico,28,2613
2026M02,LA HABANA,Cuba,MERIDA,Mexico,8,645
2026M02,LA HABANA,Cuba,MEXICO,Mexico,28,3113
2026M02,LA HABANA,Cuba,MONTERREY,Mexico,8,1086
2026M02,LA HABANA,Cuba,SANTA LUCÍA,Mexico,12,798
2026M02,LA PAZ,Mexico,LOS ANGELES,Estados Unidos,21,1417
2026M02,LAREDO,Estados Unidos,MONTERREY,Mexico,8,25
2026M02,LAS VEGAS,Estados Unidos,CANCUN,Mexico,0,0
2026M02,LAS VEGAS,Estados Unidos,GUADALAJARA,Mexico,60,10302
2026M02,LAS VEGAS,Estados Unidos,MEXICO,Mexico,84,16314
2026M02,LAS VEGAS,Estados Unidos,MONTERREY,Mexico,36,7342
2026M02,LAS VEGAS,Estados Unidos,PUERTO VALLARTA,Mexico,4,227
2026M02,LAS VEGAS,Estados Unidos,SAN JOSÉ DEL CABO,Mexico,28,2036
2026M02,LIMA,Peru,CANCUN,Mexico,112,17223
2026M02,LIMA,Peru,MEXICO,Mexico,84,9957
2026M02,LIMA,Peru,SANTA LUCÍA,Mexico,2,0
2026M02,LISBON,Portugal,CANCUN,Mexico,15,3239
2026M02,LIÈGE,Belgica,SANTA LUCÍA,Mexico,1,0
2026M02,"LONDON, ONTARIO",Canada,CANCUN,Mexico,8,1364
2026M02,LONDRES,Reino Unido,CANCUN,Mexico,44,13237
2026M02,LONDRES,Reino Unido,MEXICO,Mexico,48,9593
2026M02,LORETO,Mexico,CALGARY,Canada,8,945
2026M02,LORETO,Mexico,DALLAS-FORT WORTH,Estados Unidos,8,542
2026M02,LORETO,Mexico,LOS ANGELES,Estados Unidos,26,1933
2026M02,LORETO,Mexico,PHOENIX,Estados Unidos,28,1892
2026M02,LORETO,Mexico,SAN FRANCISCO,Estados Unidos,4,346
2026M02,LOS ANGELES,Estados Unidos,AGUASCALIENTES,Mexico,16,2162
2026M02,LOS ANGELES,Estados Unidos,CANCUN,Mexico,143,19868
2026M02,LOS ANGELES,Estados Unidos,DEL BAJIO,Mexico,20,2416
2026M02,LOS ANGELES,Estados Unidos,GUADALAJARA,Mexico,277,38892
2026M02,LOS ANGELES,Estados Unidos,IXTAPA ZIHUATANEJO,Mexico,25,4000
2026M02,LOS ANGELES,Estados Unidos,LA PAZ,Mexico,20,1291
2026M02,LOS ANGELES,Estados Unidos,LORETO,Mexico,27,2559
2026M02,LOS ANGELES,Estados Unidos,MANZANILLO,Mexico,22,2429
2026M02,LOS ANGELES,Estados Unidos,MAZATLAN,Mexico,21,2615
2026M02,LOS ANGELES,Estados Unidos,MERIDA,Mexico,0,0
2026M02,LOS ANGELES,Estados Unidos,MEXICO,Mexico,199,34063
2026M02,LOS ANGELES,Estados Unidos,MONTERREY,Mexico,19,1968
2026M02,LOS ANGELES,Estados Unidos,MORELIA,Mexico,20,2675
2026M02,LOS ANGELES,Estados Unidos,OAXACA,Mexico,16,2332
2026M02,LOS ANGELES,Estados Unidos,PUEBLA,Mexico,0,0
2026M02,LOS ANGELES,Estados Unidos,PUERTO VALLARTA,Mexico,106,13806
2026M02,LOS ANGELES,Estados Unidos,QUERETARO,Mexico,12,1395
2026M02,LOS ANGELES,Estados Unidos,SAN JOSÉ DEL CABO,Mexico,139,16377
2026M02,LOS ANGELES,Estados Unidos,SANTA LUCÍA,Mexico,46,0
2026M02,LOS ANGELES,Estados Unidos,TEPIC,Mexico,12,1270
2026M02,LOS ANGELES,Estados Unidos,URUAPAN,Mexico,8,972
2026M02,LOS ANGELES,Estados Unidos,ZACATECAS,Mexico,16,2012
2026M02,"LOUISVILLE, KENTUCKY",Estados Unidos,GUADALAJARA,Mexico,3,0
2026M02,"LOUISVILLE, KENTUCKY",Estados Unidos,MONTERREY,Mexico,20,0
2026M02,"LOUISVILLE, KENTUCKY",Estados Unidos,SANTA LUCÍA,Mexico,20,0
2026M02,LUXEMBURGO,Luxemburgo,GUADALAJARA,Mexico,7,0
2026M02,LUXEMBURGO,Luxemburgo,SANTA LUCÍA,Mexico,14,0
2026M02,MADRID,España,CANCUN,Mexico,37,13092
2026M02,MADRID,España,GUADALAJARA,Mexico,12,2831
2026M02,MADRID,España,MEXICO,Mexico,155,42425
2026M02,MADRID,España,MONTERREY,Mexico,12,2413
2026M02,MADRID,España,QUERETARO,Mexico,4,1477
2026M02,MANAGUA,Nicaragua,MEXICO,Mexico,12,777
2026M02,MANCHESTER,Reino Unido,CANCUN,Mexico,16,4698
2026M02,MANZANILLO,Mexico,CALGARY,Canada,12,1661
2026M02,MANZANILLO,Mexico,DALLAS-FORT WORTH,Estados Unidos,4,293
2026M02,MANZANILLO,Mexico,HOUSTON,Estados Unidos,4,239
2026M02,MANZANILLO,Mexico,LOS ANGELES,Estados Unidos,22,1791
2026M02,MANZANILLO,Mexico,PHOENIX,Estados Unidos,4,292
2026M02,MAZATLAN,Mexico,CALGARY,Canada,20,3010
2026M02,MAZATLAN,Mexico,DALLAS-FORT WORTH,Estados Unidos,20,2078
2026M02,MAZATLAN,Mexico,EDMONTON,Canada,16,2197
2026M02,MAZATLAN,Mexico,HOUSTON,Estados Unidos,7,444
2026M02,MAZATLAN,Mexico,KELOWNA,Canada,4,639
2026M02,MAZATLAN,Mexico,LOS ANGELES,Estados Unidos,21,2219
2026M02,MAZATLAN,Mexico,MINNEAPOLIS,Estados Unidos,10,1280
2026M02,MAZATLAN,Mexico,MONTREAL,Canada,4,654
2026M02,MAZATLAN,Mexico,PHOENIX,Estados Unidos,30,3503
2026M02,MAZATLAN,Mexico,"REGINA, Canada",Canada,4,665
2026M02,MAZATLAN,Mexico,TORONTO,Canada,4,701
2026M02,MAZATLAN,Mexico,VANCOUVER,Canada,16,2438
2026M02,MAZATLAN,Mexico,WINNIPEG,Canada,4,691
2026M02,MC ALLEN,Estados Unidos,MONTERREY,Mexico,0,0
2026M02,MEDELLIN,Colombia,CANCUN,Mexico,28,4249
2026M02,MEDELLIN,Colombia,MEXICO,Mexico,57,8140
2026M02,MEDELLIN,Colombia,SANTA LUCÍA,Mexico,0,0
2026M02,MEMPHIS,Estados Unidos,GUADALAJARA,Mexico,54,0
2026M02,MEMPHIS,Estados Unidos,MONTERREY,Mexico,25,0
2026M02,MEMPHIS,Estados Unidos,QUERETARO,Mexico,20,0
2026M02,MEMPHIS,Estados Unidos,TOLUCA,Mexico,26,0
2026M02,MERIDA,Mexico,DALLAS-FORT WORTH,Estados Unidos,24,2490
2026M02,MERIDA,Mexico,GUATEMALA,Guatemala,0,0
2026M02,MERIDA,Mexico,HOUSTON,Estados Unidos,28,4429
2026M02,MERIDA,Mexico,LA HABANA,Cuba,8,531
2026M02,MERIDA,Mexico,LOS ANGELES,Estados Unidos,0,0
2026M02,MERIDA,Mexico,MIAMI,Estados Unidos,40,4986
2026M02,MERIDA,Mexico,ORLANDO,Estados Unidos,8,1129
2026M02,MERIDA,Mexico,TORONTO,Canada,12,1860
2026M02,MEXICO,Mexico,AMSTERDAM,Paises Bajos,66,15445
2026M02,MEXICO,Mexico,ATLANTA,Estados Unidos,112,15739
2026M02,MEXICO,Mexico,AUSTIN,Estados Unidos,40,3828
2026M02,MEXICO,Mexico,"BARCELONA, España",España,28,4119
2026M02,MEXICO,Mexico,BOGOTA,Colombia,196,26509
2026M02,MEXICO,Mexico,BOSTON,Estados Unidos,26,3434
2026M02,MEXICO,Mexico,BUENOS AIRES,Argentina,28,7042
2026M02,MEXICO,Mexico,CALGARY,Canada,16,1870
2026M02,MEXICO,Mexico,CALI,Colombia,16,1420
2026M02,MEXICO,Mexico,CARTAGENA DE INDIAS,Colombia,28,3748
2026M02,MEXICO,Mexico,CHARLOTTE,Estados Unidos,55,6811
2026M02,MEXICO,Mexico,CHICAGO,Estados Unidos,184,28980
2026M02,MEXICO,Mexico,COMAYAGUA,Honduras,0,0
2026M02,MEXICO,Mexico,DALLAS-FORT WORTH,Estados Unidos,164,22368
2026M02,MEXICO,Mexico,DENVER,Estados Unidos,84,13207
2026M02,MEXICO,Mexico,DETROIT,Estados Unidos,28,3073
2026M02,MEXICO,Mexico,DUBAI,Emiratos Arabes,27,2538
2026M02,MEXICO,Mexico,ESTAMBUL (ARNAVUTKOY),Turquia,36,7000
2026M02,MEXICO,Mexico,FRANKFURT,Alemania,27,8592
2026M02,MEXICO,Mexico,FRESNO,Estados Unidos,0,0
2026M02,MEXICO,Mexico,GUATEMALA,Guatemala,119,14144
2026M02,MEXICO,Mexico,HOUSTON,Estados Unidos,275,30348
2026M02,MEXICO,Mexico,LA HABANA,Cuba,28,3156
2026M02,MEXICO,Mexico,LAS VEGAS,Estados Unidos,84,16281
2026M02,MEXICO,Mexico,LIMA,Peru,84,10283
2026M02,MEXICO,Mexico,LONDRES,Reino Unido,48,9926
2026M02,MEXICO,Mexico,LOS ANGELES,Estados Unidos,200,34170
2026M02,MEXICO,Mexico,MADRID,España,168,42160
2026M02,MEXICO,Mexico,MANAGUA,Nicaragua,12,830
2026M02,MEXICO,Mexico,MEDELLIN,Colombia,56,7577
2026M02,MEXICO,Mexico,MIAMI,Estados Unidos,223,26682
2026M02,MEXICO,Mexico,MINNEAPOLIS,Estados Unidos,28,2910
2026M02,MEXICO,Mexico,MONTREAL,Canada,56,7377
2026M02,MEXICO,Mexico,MUNICH,Alemania,12,3011
2026M02,MEXICO,Mexico,NEWARK,Estados Unidos,78,11181
2026M02,MEXICO,Mexico,NUEVA YORK,Estados Unidos,133,23262
2026M02,MEXICO,Mexico,OAKLAND,Estados Unidos,28,5138
2026M02,MEXICO,Mexico,ORLANDO,Estados Unidos,84,13083
2026M02,MEXICO,Mexico,PANAMA,Panama,181,23121
2026M02,MEXICO,Mexico,PARIS,Francia,81,21375
2026M02,MEXICO,Mexico,PHILADELPHIA,Estados Unidos,23,2561
2026M02,MEXICO,Mexico,PHOENIX,Estados Unidos,56,7166
2026M02,MEXICO,Mexico,PUNTA CANA,Republica Dominicana,28,3844
2026M02,MEXICO,Mexico,QUITO,Ecuador,0,0
2026M02,MEXICO,Mexico,RALEIGH/DURHAM,Estados Unidos,20,1460
2026M02,MEXICO,Mexico,ROMA,Italia,12,2384
2026M02,MEXICO,Mexico,SACRAMENTO,Estados Unidos,12,1955
2026M02,MEXICO,Mexico,SALT LAKE CITY,Estados Unidos,28,3230
2026M02,MEXICO,Mexico,SAN ANTONIO,Estados Unidos,84,9383
2026M02,MEXICO,Mexico,SAN FRANCISCO,Estados Unidos,139,18397
2026M02,MEXICO,Mexico,"SAN JOSE, COSTA RICA",Costa Rica,112,16009
2026M02,MEXICO,Mexico,SAN PEDRO SULA,Honduras,16,1040
2026M02,MEXICO,Mexico,SAN SALVADOR,El Salvador,76,7950
2026M02,MEXICO,Mexico,SANTIAGO DE CHILE,Chile,56,12222
2026M02,MEXICO,Mexico,"SANTO DOMINGO,REP DOM",Republica Dominicana,28,3206
2026M02,MEXICO,Mexico,SAO PAULO,Brasil,56,12800
2026M02,MEXICO,Mexico,SEATTLE,Estados Unidos,28,3715
2026M02,MEXICO,Mexico,SHENZHEN,China,12,374
2026M02,MEXICO,Mexico,Seoul,COREA DEL SUR,20,2995
2026M02,MEXICO,Mexico,TAMPA,Estados Unidos,24,3395
2026M02,MEXICO,Mexico,TOKYO,Japon,56,9138
2026M02,MEXICO,Mexico,TORONTO,Canada,96,13749
2026M02,MEXICO,Mexico,VANCOUVER,Canada,96,12905
2026M02,MEXICO,Mexico,WASHINGTON,Estados Unidos,54,5537
2026M02,MIAMI,Estados Unidos,CANCUN,Mexico,168,20251
2026M02,MIAMI,Estados Unidos,COZUMEL,Mexico,28,2118
2026M02,MIAMI,Estados Unidos,GUADALAJARA,Mexico,16,2249
2026M02,MIAMI,Estados Unidos,MERIDA,Mexico,40,5056
2026M02,MIAMI,Estados Unidos,MEXICO,Mexico,224,28468
2026M02,MIAMI,Estados Unidos,MONTERREY,Mexico,36,2481
2026M02,MIAMI,Estados Unidos,SANTA LUCÍA,Mexico,4,0
2026M02,MIAMI,Estados Unidos,TULUM,Mexico,20,2068
2026M02,MILAN,Italia,CANCUN,Mexico,4,1347
2026M02,MILWAUKEE,Estados Unidos,CANCUN,Mexico,28,4206
2026M02,MINNEAPOLIS,Estados Unidos,CANCUN,Mexico,231,35173
2026M02,MINNEAPOLIS,Estados Unidos,COZUMEL,Mexico,26,3608
2026M02,MINNEAPOLIS,Estados Unidos,IXTAPA ZIHUATANEJO,Mexico,9,1405
2026M02,MINNEAPOLIS,Estados Unidos,MAZATLAN,Mexico,10,1529
2026M02,MINNEAPOLIS,Estados Unidos,MEXICO,Mexico,28,3030
2026M02,MINNEAPOLIS,Estados Unidos,PUERTO VALLARTA,Mexico,71,9841
2026M02,MINNEAPOLIS,Estados Unidos,SAN JOSÉ DEL CABO,Mexico,60,8852
2026M02,MONCTON,Canada,CANCUN,Mexico,8,1440
2026M02,MONTERREY,Mexico,ATLANTA,Estados Unidos,52,4781
2026M02,MONTERREY,Mexico,AUSTIN,Estados Unidos,12,1051
2026M02,MONTERREY,Mexico,BOGOTA,Colombia,24,2402
2026M02,MONTERREY,Mexico,BROWNSVILLE,Estados Unidos,29,120
2026M02,MONTERREY,Mexico,CHICAGO,Estados Unidos,32,3637
2026M02,MONTERREY,Mexico,DALLAS-FORT WORTH,Estados Unidos,155,12828
2026M02,MONTERREY,Mexico,DENVER,Estados Unidos,12,1844
2026M02,MONTERREY,Mexico,DETROIT,Estados Unidos,24,1270
2026M02,MONTERREY,Mexico,HOUSTON,Estados Unidos,207,13238
2026M02,MONTERREY,Mexico,LA HABANA,Cuba,8,843
2026M02,MONTERREY,Mexico,LAREDO,Estados Unidos,8,24
2026M02,MONTERREY,Mexico,LAS VEGAS,Estados Unidos,36,7211
2026M02,MONTERREY,Mexico,LOS ANGELES,Estados Unidos,14,2344
2026M02,MONTERREY,Mexico,"LOUISVILLE, KENTUCKY",Estados Unidos,20,0
2026M02,MONTERREY,Mexico,MADRID,España,12,2326
2026M02,MONTERREY,Mexico,MC ALLEN,Estados Unidos,0,0
2026M02,MONTERREY,Mexico,MEMPHIS,Estados Unidos,26,0
2026M02,MONTERREY,Mexico,MIAMI,Estados Unidos,36,2517
2026M02,MONTERREY,Mexico,NUEVA YORK,Estados Unidos,0,0
2026M02,MONTERREY,Mexico,OAKLAND,Estados Unidos,0,0
2026M02,MONTERREY,Mexico,ORLANDO,Estados Unidos,12,1672
2026M02,MONTERREY,Mexico,PANAMA,Panama,28,2476
2026M02,MONTERREY,Mexico,PARIS,Francia,0,0
2026M02,MONTERREY,Mexico,PHOENIX,Estados Unidos,23,1139
2026M02,MONTERREY,Mexico,SALT LAKE CITY,Estados Unidos,0,0
2026M02,MONTERREY,Mexico,SAN ANTONIO,Estados Unidos,38,3900
2026M02,MONTERREY,Mexico,SAN FRANCISCO,Estados Unidos,28,1467
2026M02,MONTERREY,Mexico,"SAN JOSE, COSTA RICA",Costa Rica,0,0
2026M02,MONTERREY,Mexico,Seoul,COREA DEL SUR,20,1506
2026M02,MONTERREY,Mexico,TOKYO,Japon,28,1799
2026M02,MONTERREY,Mexico,TORONTO,Canada,0,0
2026M02,MONTREAL,Canada,ACAPULCO,Mexico,4,652
2026M02,MONTREAL,Canada,CANCUN,Mexico,185,46081
2026M02,MONTREAL,Canada,COZUMEL,Mexico,8,1439
2026M02,MONTREAL,Canada,GUADALAJARA,Mexico,6,522
2026M02,MONTREAL,Canada,IXTAPA ZIHUATANEJO,Mexico,4,564
2026M02,MONTREAL,Canada,MAZATLAN,Mexico,4,667
2026M02,MONTREAL,Canada,MEXICO,Mexico,56,8088
2026M02,MONTREAL,Canada,PUERTO VALLARTA,Mexico,44,6769
2026M02,MONTREAL,Canada,SAN JOSÉ DEL CABO,Mexico,8,1337
2026M02,MONTREAL,Canada,TULUM,Mexico,39,6928
2026M02,MORELIA,Mexico,CHICAGO,Estados Unidos,49,8617
2026M02,MORELIA,Mexico,DALLAS-FORT WORTH,Estados Unidos,44,4831
2026M02,MORELIA,Mexico,FRESNO,Estados Unidos,17,2727
2026M02,MORELIA,Mexico,HOUSTON,Estados Unidos,39,2437
2026M02,MORELIA,Mexico,LOS ANGELES,Estados Unidos,20,3105
2026M02,MORELIA,Mexico,OAKLAND,Estados Unidos,28,4495
2026M02,MORELIA,Mexico,ONTARIO,Estados Unidos,16,2043
2026M02,MORELIA,Mexico,SACRAMENTO,Estados Unidos,16,2345
2026M02,MORELIA,Mexico,SAN ANTONIO,Estados Unidos,12,496
2026M02,MORELIA,Mexico,"SAN JOSE, CALIFORNIA",Estados Unidos,16,2646
2026M02,MUNICH,Alemania,MEXICO,Mexico,12,3341
2026M02,NASHVILLE,Estados Unidos,CANCUN,Mexico,15,2065
2026M02,NASHVILLE,Estados Unidos,SAN JOSÉ DEL CABO,Mexico,0,0
2026M02,NEWARK,Estados Unidos,CANCUN,Mexico,117,18836
2026M02,NEWARK,Estados Unidos,GUADALAJARA,Mexico,15,2360
2026M02,NEWARK,Estados Unidos,MEXICO,Mexico,78,11512
2026M02,NEWARK,Estados Unidos,PUEBLA,Mexico,0,0
2026M02,NEWARK,Estados Unidos,PUERTO VALLARTA,Mexico,4,507
2026M02,NEWARK,Estados Unidos,SAN JOSÉ DEL CABO,Mexico,19,2737
2026M02,NEWARK,Estados Unidos,TULUM,Mexico,0,0
2026M02,NEWCASTLE,Reino Unido,CANCUN,Mexico,0,0
2026M02,NORFOLK,Estados Unidos,CANCUN,Mexico,4,319
2026M02,NUEVA ORLEANS,Estados Unidos,CANCUN,Mexico,28,2131
2026M02,NUEVA YORK,Estados Unidos,CANCUN,Mexico,205,31954
2026M02,NUEVA YORK,Estados Unidos,MEXICO,Mexico,133,23651
2026M02,NUEVA YORK,Estados Unidos,MONTERREY,Mexico,0,0
2026M02,NUEVA YORK,Estados Unidos,PUERTO VALLARTA,Mexico,34,3383
2026M02,NUEVA YORK,Estados Unidos,SAN JOSÉ DEL CABO,Mexico,22,3462
2026M02,NUEVA YORK,Estados Unidos,TULUM,Mexico,20,2689
2026M02,OAKLAND,Estados Unidos,DEL BAJIO,Mexico,28,3354
2026M02,OAKLAND,Estados Unidos,GUADALAJARA,Mexico,81,11429
2026M02,OAKLAND,Estados Unidos,MEXICO,Mexico,28,4986
2026M02,OAKLAND,Estados Unidos,MONTERREY,Mexico,0,0
2026M02,OAKLAND,Estados Unidos,MORELIA,Mexico,28,3796
2026M02,OAKLAND,Estados Unidos,SAN JOSÉ DEL CABO,Mexico,28,1827
2026M02,OAKLAND,Estados Unidos,ZACATECAS,Mexico,12,758
2026M02,OAXACA,Mexico,DALLAS-FORT WORTH,Estados Unidos,28,4075
2026M02,OAXACA,Mexico,HOUSTON,Estados Unidos,36,2004
2026M02,OAXACA,Mexico,LOS ANGELES,Estados Unidos,16,2715
2026M02,ONTARIO,Estados Unidos,DEL BAJIO,Mexico,12,1297
2026M02,ONTARIO,Estados Unidos,GUADALAJARA,Mexico,54,8054
2026M02,ONTARIO,Estados Unidos,MORELIA,Mexico,16,1635
2026M02,ONTARIO,Estados Unidos,SAN JOSÉ DEL CABO,Mexico,28,1138
2026M02,ORLANDO,Estados Unidos,CANCUN,Mexico,87,9850
2026M02,ORLANDO,Estados Unidos,GUADALAJARA,Mexico,20,2638
2026M02,ORLANDO,Estados Unidos,MERIDA,Mexico,8,1208
2026M02,ORLANDO,Estados Unidos,MEXICO,Mexico,84,13669
2026M02,ORLANDO,Estados Unidos,MONTERREY,Mexico,12,1520
2026M02,ORLANDO,Estados Unidos,QUERETARO,Mexico,0,0
2026M02,OTTAWA,Canada,CANCUN,Mexico,76,12394
2026M02,OTTAWA,Canada,PUERTO VALLARTA,Mexico,26,2738
2026M02,PANAMA,Panama,CANCUN,Mexico,194,28032
2026M02,PANAMA,Panama,GUADALAJARA,Mexico,28,3434
2026M02,PANAMA,Panama,MEXICO,Mexico,181,23579
2026M02,PANAMA,Panama,MONTERREY,Mexico,27,2812
2026M02,PANAMA,Panama,SAN JOSÉ DEL CABO,Mexico,11,1400
2026M02,PANAMA,Panama,SANTA LUCÍA,Mexico,2,0
2026M02,PARIS,Francia,CANCUN,Mexico,39,15616
2026M02,PARIS,Francia,GUADALAJARA,Mexico,2,0
2026M02,PARIS,Francia,MEXICO,Mexico,81,21322
2026M02,PARIS,Francia,MONTERREY,Mexico,0,0
2026M02,PARIS,Francia,SANTA LUCÍA,Mexico,6,0
2026M02,PHILADELPHIA,Estados Unidos,CANCUN,Mexico,106,18272
2026M02,PHILADELPHIA,Estados Unidos,MEXICO,Mexico,23,2575
2026M02,PHOENIX,Estados Unidos,CANCUN,Mexico,64,8731
2026M02,PHOENIX,Estados Unidos,CULIACAN,Mexico,8,896
2026M02,PHOENIX,Estados Unidos,GUADALAJARA,Mexico,65,5976
2026M02,PHOENIX,Estados Unidos,HERMOSILLO,Mexico,28,2036
2026M02,PHOENIX,Estados Unidos,IXTAPA ZIHUATANEJO,Mexico,4,276
2026M02,PHOENIX,Estados Unidos,LORETO,Mexico,28,1977
2026M02,PHOENIX,Estados Unidos,MANZANILLO,Mexico,4,249
2026M02,PHOENIX,Estados Unidos,MAZATLAN,Mexico,30,3303
2026M02,PHOENIX,Estados Unidos,MEXICO,Mexico,56,7550
2026M02,PHOENIX,Estados Unidos,MONTERREY,Mexico,23,1074
2026M02,PHOENIX,Estados Unidos,PUERTO VALLARTA,Mexico,92,10927
2026M02,PHOENIX,Estados Unidos,SAN JOSÉ DEL CABO,Mexico,134,16368
2026M02,PHOENIX,Estados Unidos,TIJUANA,Mexico,20,622
2026M02,PITTSBURGH,Estados Unidos,CANCUN,Mexico,0,0
2026M02,"PORTLAND, OREGON",Estados Unidos,CANCUN,Mexico,4,564
2026M02,"PORTLAND, OREGON",Estados Unidos,GUADALAJARA,Mexico,27,4178
2026M02,"PORTLAND, OREGON",Estados Unidos,PUERTO VALLARTA,Mexico,36,5827
2026M02,"PORTLAND, OREGON",Estados Unidos,SAN JOSÉ DEL CABO,Mexico,33,4980
2026M02,PRINCE GEORGE,Canada,PUERTO VALLARTA,Mexico,4,638
2026M02,PUEBLA,Mexico,HOUSTON,Estados Unidos,27,1142
2026M02,PUEBLA,Mexico,LOS ANGELES,Estados Unidos,0,0
2026M02,PUEBLA,Mexico,NEWARK,Estados Unidos,0,0
2026M02,PUERTO ESCONDIDO,Mexico,CALGARY,Canada,4,663
2026M02,PUERTO ESCONDIDO,Mexico,DALLAS-FORT WORTH,Estados Unidos,8,597
2026M02,PUERTO ESCONDIDO,Mexico,HOUSTON,Estados Unidos,12,757
2026M02,PUERTO ESCONDIDO,Mexico,TORONTO,Canada,4,500
2026M02,PUERTO VALLARTA,Mexico,ABBOTSFORD,Canada,3,374
2026M02,PUERTO VALLARTA,Mexico,ATLANTA,Estados Unidos,34,4934
2026M02,PUERTO VALLARTA,Mexico,AUSTIN,Estados Unidos,0,0
2026M02,PUERTO VALLARTA,Mexico,CALGARY,Canada,71,14661
2026M02,PUERTO VALLARTA,Mexico,CHICAGO,Estados Unidos,71,10218
2026M02,PUERTO VALLARTA,Mexico,COMOX,Canada,7,877
2026M02,PUERTO VALLARTA,Mexico,DALLAS-FORT WORTH,Estados Unidos,94,14560
2026M02,PUERTO VALLARTA,Mexico,DENVER,Estados Unidos,75,10923
2026M02,PUERTO VALLARTA,Mexico,DETROIT,Estados Unidos,26,3892
2026M02,PUERTO VALLARTA,Mexico,EDMONTON,Canada,56,8952
2026M02,PUERTO VALLARTA,Mexico,HAMILTON,Canada,7,660
2026M02,PUERTO VALLARTA,Mexico,HOUSTON,Estados Unidos,79,9334
2026M02,PUERTO VALLARTA,Mexico,KELOWNA,Canada,14,2222
2026M02,PUERTO VALLARTA,Mexico,LAS VEGAS,Estados Unidos,4,248
2026M02,PUERTO VALLARTA,Mexico,LOS ANGELES,Estados Unidos,113,14022
2026M02,PUERTO VALLARTA,Mexico,MINNEAPOLIS,Estados Unidos,73,11146
2026M02,PUERTO VALLARTA,Mexico,MONTREAL,Canada,46,7866
2026M02,PUERTO VALLARTA,Mexico,NEWARK,Estados Unidos,4,621
2026M02,PUERTO VALLARTA,Mexico,NUEVA YORK,Estados Unidos,30,2409
2026M02,PUERTO VALLARTA,Mexico,OTTAWA,Canada,27,2955
2026M02,PUERTO VALLARTA,Mexico,PHOENIX,Estados Unidos,96,13173
2026M02,PUERTO VALLARTA,Mexico,"PORTLAND, OREGON",Estados Unidos,34,5049
2026M02,PUERTO VALLARTA,Mexico,PRINCE GEORGE,Canada,4,612
2026M02,PUERTO VALLARTA,Mexico,QUEBEC,Canada,11,1878
2026M02,PUERTO VALLARTA,Mexico,"REGINA, Canada",Canada,19,3115
2026M02,PUERTO VALLARTA,Mexico,SACRAMENTO,Estados Unidos,0,0
2026M02,PUERTO VALLARTA,Mexico,SALT LAKE CITY,Estados Unidos,24,3948
2026M02,PUERTO VALLARTA,Mexico,SAN DIEGO,Estados Unidos,28,3457
2026M02,PUERTO VALLARTA,Mexico,SAN FRANCISCO,Estados Unidos,84,10259
2026M02,PUERTO VALLARTA,Mexico,"SAN JOSE, CALIFORNIA",Estados Unidos,17,2252
2026M02,PUERTO VALLARTA,Mexico,"SANTA ANA, CALIFORNIA",Estados Unidos,18,1646
2026M02,PUERTO VALLARTA,Mexico,SASKATOON,Canada,16,2687
2026M02,PUERTO VALLARTA,Mexico,SEATTLE,Estados Unidos,71,9747
2026M02,PUERTO VALLARTA,Mexico,ST. LOUIS,Estados Unidos,0,0
2026M02,PUERTO VALLARTA,Mexico,TORONTO,Canada,98,14852
2026M02,PUERTO VALLARTA,Mexico,VANCOUVER,Canada,104,16566
2026M02,PUERTO VALLARTA,Mexico,"VICTORIA, COLUMBIA",Canada,11,1826
2026M02,PUERTO VALLARTA,Mexico,WINNIPEG,Canada,39,6233
2026M02,PUNTA CANA,Republica Dominicana,CANCUN,Mexico,28,3315
2026M02,PUNTA CANA,Republica Dominicana,MEXICO,Mexico,28,3758
2026M02,PUNTA CANA,Republica Dominicana,SANTA LUCÍA,Mexico,24,2296
2026M02,"Providence, Rhode Island",Estados Unidos,CANCUN,Mexico,3,213
2026M02,QUEBEC,Canada,CANCUN,Mexico,52,9446
2026M02,QUEBEC,Canada,PUERTO VALLARTA,Mexico,11,1841
2026M02,QUEBEC,Canada,TULUM,Mexico,6,1110
2026M02,QUERETARO,Mexico,ATLANTA,Estados Unidos,28,2254
2026M02,QUERETARO,Mexico,CHICAGO,Estados Unidos,8,1223
2026M02,QUERETARO,Mexico,DALLAS-FORT WORTH,Estados Unidos,74,10967
2026M02,QUERETARO,Mexico,DENVER,Estados Unidos,0,0
2026M02,QUERETARO,Mexico,DETROIT,Estados Unidos,16,986
2026M02,QUERETARO,Mexico,HOUSTON,Estados Unidos,91,8353
2026M02,QUERETARO,Mexico,LOS ANGELES,Estados Unidos,12,1299
2026M02,QUERETARO,Mexico,MADRID,España,4,1345
2026M02,QUERETARO,Mexico,MEMPHIS,Estados Unidos,21,0
2026M02,QUERETARO,Mexico,ORLANDO,Estados Unidos,0,0
2026M02,QUERETARO,Mexico,SAN ANTONIO,Estados Unidos,36,1137
2026M02,QUITO,Ecuador,MEXICO,Mexico,0,0
2026M02,QUITO,Ecuador,SANTA LUCÍA,Mexico,18,0
2026M02,RALEIGH/DURHAM,Estados Unidos,CANCUN,Mexico,24,2532
2026M02,RALEIGH/DURHAM,Estados Unidos,MEXICO,Mexico,20,1322
2026M02,"REGINA, Canada",Canada,CANCUN,Mexico,24,3952
2026M02,"REGINA, Canada",Canada,MAZATLAN,Mexico,4,662
2026M02,"REGINA, Canada",Canada,PUERTO VALLARTA,Mexico,18,2693
2026M02,RENO,Estados Unidos,GUADALAJARA,Mexico,20,2678
2026M02,ROMA,Italia,CANCUN,Mexico,4,1311
2026M02,ROMA,Italia,MEXICO,Mexico,12,2457
2026M02,SACRAMENTO,Estados Unidos,DEL BAJIO,Mexico,8,991
2026M02,SACRAMENTO,Estados Unidos,GUADALAJARA,Mexico,69,10475
2026M02,SACRAMENTO,Estados Unidos,MEXICO,Mexico,12,1774
2026M02,SACRAMENTO,Estados Unidos,MORELIA,Mexico,16,2024
2026M02,SACRAMENTO,Estados Unidos,PUERTO VALLARTA,Mexico,0,0
2026M02,SACRAMENTO,Estados Unidos,SAN JOSÉ DEL CABO,Mexico,19,2216
2026M02,SALT LAKE CITY,Estados Unidos,CANCUN,Mexico,52,7921
2026M02,SALT LAKE CITY,Estados Unidos,GUADALAJARA,Mexico,27,3389
2026M02,SALT LAKE CITY,Estados Unidos,MEXICO,Mexico,28,3261
2026M02,SALT LAKE CITY,Estados Unidos,MONTERREY,Mexico,0,0
2026M02,SALT LAKE CITY,Estados Unidos,PUERTO VALLARTA,Mexico,24,3329
2026M02,SALT LAKE CITY,Estados Unidos,SAN JOSÉ DEL CABO,Mexico,52,7285
2026M02,SAN ANTONIO,Estados Unidos,CANCUN,Mexico,0,0
2026M02,SAN ANTONIO,Estados Unidos,DEL BAJIO,Mexico,8,631
2026M02,SAN ANTONIO,Estados Unidos,GUADALAJARA,Mexico,44,3699
2026M02,SAN ANTONIO,Estados Unidos,MEXICO,Mexico,84,9058
2026M02,SAN ANTONIO,Estados Unidos,MONTERREY,Mexico,38,4428
2026M02,SAN ANTONIO,Estados Unidos,MORELIA,Mexico,12,447
2026M02,SAN ANTONIO,Estados Unidos,QUERETARO,Mexico,8,916
2026M02,SAN ANTONIO,Estados Unidos,SAN LUIS POTOSI,Mexico,12,686
2026M02,SAN ANTONIO,Estados Unidos,TORREON,Mexico,0,0
2026M02,SAN DIEGO,Estados Unidos,PUERTO VALLARTA,Mexico,31,4539
2026M02,SAN DIEGO,Estados Unidos,SAN JOSÉ DEL CABO,Mexico,47,5207
2026M02,SAN FRANCISCO,Estados Unidos,CANCUN,Mexico,59,9293
2026M02,SAN FRANCISCO,Estados Unidos,GUADALAJARA,Mexico,20,2190
2026M02,SAN FRANCISCO,Estados Unidos,IXTAPA ZIHUATANEJO,Mexico,4,625
2026M02,SAN FRANCISCO,Estados Unidos,LORETO,Mexico,4,438
2026M02,SAN FRANCISCO,Estados Unidos,MEXICO,Mexico,139,18307
2026M02,SAN FRANCISCO,Estados Unidos,MONTERREY,Mexico,28,1448
2026M02,SAN FRANCISCO,Estados Unidos,PUERTO VALLARTA,Mexico,79,10192
2026M02,SAN FRANCISCO,Estados Unidos,SAN JOSÉ DEL CABO,Mexico,88,11123
2026M02,"SAN JOSE, CALIFORNIA",Estados Unidos,DEL BAJIO,Mexico,8,931
2026M02,"SAN JOSE, CALIFORNIA",Estados Unidos,GUADALAJARA,Mexico,55,8954
2026M02,"SAN JOSE, CALIFORNIA",Estados Unidos,MORELIA,Mexico,16,2179
2026M02,"SAN JOSE, CALIFORNIA",Estados Unidos,PUERTO VALLARTA,Mexico,17,2703
2026M02,"SAN JOSE, CALIFORNIA",Estados Unidos,SAN JOSÉ DEL CABO,Mexico,13,1889
2026M02,"SAN JOSE, CALIFORNIA",Estados Unidos,ZACATECAS,Mexico,8,603
2026M02,"SAN JOSE, COSTA RICA",Costa Rica,CANCUN,Mexico,56,6009
2026M02,"SAN JOSE, COSTA RICA",Costa Rica,GUADALAJARA,Mexico,12,998
2026M02,"SAN JOSE, COSTA RICA",Costa Rica,MEXICO,Mexico,112,14992
2026M02,"SAN JOSE, COSTA RICA",Costa Rica,MONTERREY,Mexico,0,0
2026M02,SAN JOSÉ DEL CABO,Mexico,ATLANTA,Estados Unidos,59,8019
2026M02,SAN JOSÉ DEL CABO,Mexico,AUSTIN,Estados Unidos,28,1487
2026M02,SAN JOSÉ DEL CABO,Mexico,BALTIMORE,Estados Unidos,0,0
2026M02,SAN JOSÉ DEL CABO,Mexico,CALGARY,Canada,32,7788
2026M02,SAN JOSÉ DEL CABO,Mexico,CHARLOTTE,Estados Unidos,18,2523
2026M02,SAN JOSÉ DEL CABO,Mexico,CHICAGO,Estados Unidos,75,11512
2026M02,SAN JOSÉ DEL CABO,Mexico,DALLAS-FORT WORTH,Estados Unidos,127,17773
2026M02,SAN JOSÉ DEL CABO,Mexico,DENVER,Estados Unidos,85,11650
2026M02,SAN JOSÉ DEL CABO,Mexico,DETROIT,Estados Unidos,32,4526
2026M02,SAN JOSÉ DEL CABO,Mexico,EDMONTON,Canada,15,2046
2026M02,SAN JOSÉ DEL CABO,Mexico,FRANKFURT,Alemania,8,1877
2026M02,SAN JOSÉ DEL CABO,Mexico,HOUSTON,Estados Unidos,116,12613
2026M02,SAN JOSÉ DEL CABO,Mexico,INDIANAPOLIS,Estados Unidos,0,0
2026M02,SAN JOSÉ DEL CABO,Mexico,KANSAS CITY,Estados Unidos,11,1238
2026M02,SAN JOSÉ DEL CABO,Mexico,KELOWNA,Canada,8,1255
2026M02,SAN JOSÉ DEL CABO,Mexico,LAS VEGAS,Estados Unidos,29,1935
2026M02,SAN JOSÉ DEL CABO,Mexico,LOS ANGELES,Estados Unidos,136,15528
2026M02,SAN JOSÉ DEL CABO,Mexico,MINNEAPOLIS,Estados Unidos,60,8689
2026M02,SAN JOSÉ DEL CABO,Mexico,MONTREAL,Canada,8,1239
2026M02,SAN JOSÉ DEL CABO,Mexico,NASHVILLE,Estados Unidos,0,0
2026M02,SAN JOSÉ DEL CABO,Mexico,NEWARK,Estados Unidos,19,2733
2026M02,SAN JOSÉ DEL CABO,Mexico,NUEVA YORK,Estados Unidos,22,3114
2026M02,SAN JOSÉ DEL CABO,Mexico,OAKLAND,Estados Unidos,28,2278
2026M02,SAN JOSÉ DEL CABO,Mexico,ONTARIO,Estados Unidos,28,1558
2026M02,SAN JOSÉ DEL CABO,Mexico,PANAMA,Panama,11,1381
2026M02,SAN JOSÉ DEL CABO,Mexico,PHOENIX,Estados Unidos,135,17060
2026M02,SAN JOSÉ DEL CABO,Mexico,"PORTLAND, OREGON",Estados Unidos,31,4353
2026M02,SAN JOSÉ DEL CABO,Mexico,SACRAMENTO,Estados Unidos,19,2042
2026M02,SAN JOSÉ DEL CABO,Mexico,SALT LAKE CITY,Estados Unidos,52,7561
2026M02,SAN JOSÉ DEL CABO,Mexico,SAN DIEGO,Estados Unidos,53,5442
2026M02,SAN JOSÉ DEL CABO,Mexico,SAN FRANCISCO,Estados Unidos,90,10818
2026M02,SAN JOSÉ DEL CABO,Mexico,"SAN JOSE, CALIFORNIA",Estados Unidos,13,1787
2026M02,SAN JOSÉ DEL CABO,Mexico,"SANTA ANA, CALIFORNIA",Estados Unidos,28,2588
2026M02,SAN JOSÉ DEL CABO,Mexico,SEATTLE,Estados Unidos,70,9519
2026M02,SAN JOSÉ DEL CABO,Mexico,ST. LOUIS,Estados Unidos,4,504
2026M02,SAN JOSÉ DEL CABO,Mexico,TORONTO,Canada,35,5552
2026M02,SAN JOSÉ DEL CABO,Mexico,VANCOUVER,Canada,59,9648
2026M02,SAN JOSÉ DEL CABO,Mexico,"VICTORIA, COLUMBIA",Canada,4,669
2026M02,SAN JOSÉ DEL CABO,Mexico,WINNIPEG,Canada,4,668
2026M02,SAN LUIS POTOSI,Mexico,ATLANTA,Estados Unidos,20,1190
2026M02,SAN LUIS POTOSI,Mexico,CHICAGO,Estados Unidos,0,0
2026M02,SAN LUIS POTOSI,Mexico,DALLAS-FORT WORTH,Estados Unidos,51,5466
2026M02,SAN LUIS POTOSI,Mexico,HOUSTON,Estados Unidos,60,3777
2026M02,SAN LUIS POTOSI,Mexico,SAN ANTONIO,Estados Unidos,12,673
2026M02,SAN PEDRO SULA,Honduras,MEXICO,Mexico,16,1075
2026M02,SAN SALVADOR,El Salvador,MEXICO,Mexico,76,8580
2026M02,"SANTA ANA, CALIFORNIA",Estados Unidos,PUERTO VALLARTA,Mexico,16,1458
2026M02,"SANTA ANA, CALIFORNIA",Estados Unidos,SAN JOSÉ DEL CABO,Mexico,28,2537
2026M02,SANTA LUCÍA,Mexico,BOGOTA,Colombia,66,5605
2026M02,SANTA LUCÍA,Mexico,CAMPINAS,Brasil,8,0
2026M02,SANTA LUCÍA,Mexico,CARACAS,Venezuela,4,407
2026M02,SANTA LUCÍA,Mexico,CARTAGENA DE INDIAS,Colombia,0,0
2026M02,SANTA LUCÍA,Mexico,CHICAGO,Estados Unidos,0,0
2026M02,SANTA LUCÍA,Mexico,DOHA,Qatar,4,0
2026M02,SANTA LUCÍA,Mexico,ESTAMBUL (ARNAVUTKOY),Turquia,8,0
2026M02,SANTA LUCÍA,Mexico,FRANKFURT,Alemania,25,0
2026M02,SANTA LUCÍA,Mexico,GUATEMALA,Guatemala,14,0
2026M02,SANTA LUCÍA,Mexico,HONG KONG,HONG KONG,23,0
2026M02,SANTA LUCÍA,Mexico,HOUSTON,Estados Unidos,4,0
2026M02,SANTA LUCÍA,Mexico,JEBEL ALI,Emiratos Arabes,7,0
2026M02,SANTA LUCÍA,Mexico,LA HABANA,Cuba,10,677
2026M02,SANTA LUCÍA,Mexico,LIMA,Peru,3,0
2026M02,SANTA LUCÍA,Mexico,LOS ANGELES,Estados Unidos,42,0
2026M02,SANTA LUCÍA,Mexico,"LOUISVILLE, KENTUCKY",Estados Unidos,20,0
2026M02,SANTA LUCÍA,Mexico,LUXEMBURGO,Luxemburgo,19,0
2026M02,SANTA LUCÍA,Mexico,MEDELLIN,Colombia,0,0
2026M02,SANTA LUCÍA,Mexico,MIAMI,Estados Unidos,6,0
2026M02,SANTA LUCÍA,Mexico,MONTREAL,Canada,0,0
2026M02,SANTA LUCÍA,Mexico,PANAMA,Panama,3,0
2026M02,SANTA LUCÍA,Mexico,PARIS,Francia,6,0
2026M02,SANTA LUCÍA,Mexico,PUNTA CANA,Republica Dominicana,24,2759
2026M02,SANTA LUCÍA,Mexico,QUITO,Ecuador,21,0
2026M02,SANTA LUCÍA,Mexico,SAN ANTONIO,Estados Unidos,10,50
2026M02,SANTA LUCÍA,Mexico,"SAN JOSE, COSTA RICA",Costa Rica,5,0
2026M02,SANTA LUCÍA,Mexico,SAN PEDRO SULA,Honduras,0,0
2026M02,SANTA LUCÍA,Mexico,SANTIAGO DE CHILE,Chile,4,0
2026M02,SANTA LUCÍA,Mexico,"SANTO DOMINGO,REP DOM",Republica Dominicana,16,1760
2026M02,SANTA LUCÍA,Mexico,SHANGHAI,China,24,0
2026M02,SANTA LUCÍA,Mexico,SHENZHEN,China,6,0
2026M02,SANTA LUCÍA,Mexico,Seoul,COREA DEL SUR,0,0
2026M02,SANTA LUCÍA,Mexico,TORONTO,Canada,15,0
2026M02,SANTA LUCÍA,Mexico,"VALENCIA, Venezuela",Venezuela,0,0
2026M02,SANTA LUCÍA,Mexico,VANCOUVER,Canada,2,0
2026M02,SANTA LUCÍA,Mexico,WUXI,China,4,0
2026M02,SANTIAGO DE CHILE,Chile,CANCUN,Mexico,8,2089
2026M02,SANTIAGO DE CHILE,Chile,MEXICO,Mexico,56,10168
2026M02,SANTIAGO DE CHILE,Chile,SANTA LUCÍA,Mexico,3,0
2026M02,"SANTO DOMINGO,REP DOM",Republica Dominicana,MEXICO,Mexico,28,3051
2026M02,"SANTO DOMINGO,REP DOM",Republica Dominicana,SANTA LUCÍA,Mexico,16,1588
2026M02,SAO PAULO,Brasil,MEXICO,Mexico,56,11396
2026M02,SASKATOON,Canada,CANCUN,Mexico,15,2495
2026M02,SASKATOON,Canada,PUERTO VALLARTA,Mexico,15,2301
2026M02,SEATTLE,Estados Unidos,CANCUN,Mexico,60,9453
2026M02,SEATTLE,Estados Unidos,GUADALAJARA,Mexico,28,4330
2026M02,SEATTLE,Estados Unidos,MEXICO,Mexico,28,3924
2026M02,SEATTLE,Estados Unidos,PUERTO VALLARTA,Mexico,77,11538
2026M02,SEATTLE,Estados Unidos,SAN JOSÉ DEL CABO,Mexico,73,10900
2026M02,SHANGHAI,China,SANTA LUCÍA,Mexico,26,0
2026M02,SHENZHEN,China,MEXICO,Mexico,11,1184
2026M02,SHENZHEN,China,SANTA LUCÍA,Mexico,6,0
2026M02,ST. JOHN'S,Canada,CANCUN,Mexico,0,0
2026M02,ST. LOUIS,Estados Unidos,CANCUN,Mexico,66,9876
2026M02,ST. LOUIS,Estados Unidos,PUERTO VALLARTA,Mexico,0,0
2026M02,ST. LOUIS,Estados Unidos,SAN JOSÉ DEL CABO,Mexico,4,515
2026M02,Seoul,COREA DEL SUR,GUADALAJARA,Mexico,9,0
2026M02,Seoul,COREA DEL SUR,MEXICO,Mexico,20,3848
2026M02,Seoul,COREA DEL SUR,SANTA LUCÍA,Mexico,0,0
2026M02,TAMPA,Estados Unidos,CANCUN,Mexico,27,3388
2026M02,TAMPA,Estados Unidos,MEXICO,Mexico,24,3284
2026M02,TAMPICO,Mexico,DALLAS-FORT WORTH,Estados Unidos,28,1226
2026M02,TAMPICO,Mexico,HOUSTON,Estados Unidos,28,1214
2026M02,TEPIC,Mexico,CALGARY,Canada,4,329
2026M02,TEPIC,Mexico,HOUSTON,Estados Unidos,4,88
2026M02,TEPIC,Mexico,LOS ANGELES,Estados Unidos,12,1540
2026M02,THUNDER BAY,Canada,CANCUN,Mexico,4,711
2026M02,TIJUANA,Mexico,PHOENIX,Estados Unidos,20,583
2026M02,TOKYO,Japon,MEXICO,Mexico,56,10514
2026M02,TOLUCA,Mexico,MEMPHIS,Estados Unidos,22,0
2026M02,TORONTO,Canada,CANCUN,Mexico,448,88059
2026M02,TORONTO,Canada,COZUMEL,Mexico,16,2493
2026M02,TORONTO,Canada,GUADALAJARA,Mexico,21,2238
2026M02,TORONTO,Canada,HUATULCO,Mexico,12,1800
2026M02,TORONTO,Canada,IXTAPA ZIHUATANEJO,Mexico,4,580
2026M02,TORONTO,Canada,MAZATLAN,Mexico,4,717
2026M02,TORONTO,Canada,MERIDA,Mexico,12,1942
2026M02,TORONTO,Canada,MEXICO,Mexico,96,13843
2026M02,TORONTO,Canada,MONTERREY,Mexico,0,0
2026M02,TORONTO,Canada,PUERTO ESCONDIDO,Mexico,4,501
2026M02,TORONTO,Canada,PUERTO VALLARTA,Mexico,96,13361
2026M02,TORONTO,Canada,SAN JOSÉ DEL CABO,Mexico,35,5787
2026M02,TORONTO,Canada,SANTA LUCÍA,Mexico,20,0
2026M02,TORONTO,Canada,TULUM,Mexico,28,4722
2026M02,TORREON,Mexico,DALLAS-FORT WORTH,Estados Unidos,39,2278
2026M02,TORREON,Mexico,SAN ANTONIO,Estados Unidos,0,0
2026M02,TULSA,Estados Unidos,CANCUN,Mexico,0,0
2026M02,TULUM,Mexico,ATLANTA,Estados Unidos,28,4197
2026M02,TULUM,Mexico,CALGARY,Canada,8,1282
2026M02,TULUM,Mexico,DALLAS-FORT WORTH,Estados Unidos,24,2815
2026M02,TULUM,Mexico,HOUSTON,Estados Unidos,24,2808
2026M02,TULUM,Mexico,MIAMI,Estados Unidos,20,2142
2026M02,TULUM,Mexico,MONTREAL,Canada,42,7308
2026M02,TULUM,Mexico,NEWARK,Estados Unidos,0,0
2026M02,TULUM,Mexico,NUEVA YORK,Estados Unidos,20,2576
2026M02,TULUM,Mexico,QUEBEC,Canada,6,920
2026M02,TULUM,Mexico,TORONTO,Canada,25,4109
2026M02,URUAPAN,Mexico,LOS ANGELES,Estados Unidos,8,1132
2026M02,"VALENCIA, Venezuela",Venezuela,CANCUN,Mexico,0,0
2026M02,"VALENCIA, Venezuela",Venezuela,SANTA LUCÍA,Mexico,0,0
2026M02,VANCOUVER,Canada,CANCUN,Mexico,150,22984
2026M02,VANCOUVER,Canada,GUADALAJARA,Mexico,15,1933
2026M02,VANCOUVER,Canada,HUATULCO,Mexico,24,3631
2026M02,VANCOUVER,Canada,IXTAPA ZIHUATANEJO,Mexico,12,1641
2026M02,VANCOUVER,Canada,MAZATLAN,Mexico,16,2439
2026M02,VANCOUVER,Canada,MEXICO,Mexico,96,13461
2026M02,VANCOUVER,Canada,PUERTO VALLARTA,Mexico,103,14762
2026M02,VANCOUVER,Canada,SAN JOSÉ DEL CABO,Mexico,59,9463
2026M02,VERACRUZ,Mexico,DALLAS-FORT WORTH,Estados Unidos,51,1768
2026M02,VERACRUZ,Mexico,HOUSTON,Estados Unidos,28,2391
2026M02,"VICTORIA, COLUMBIA",Canada,CANCUN,Mexico,13,2076
2026M02,"VICTORIA, COLUMBIA",Canada,PUERTO VALLARTA,Mexico,11,1689
2026M02,"VICTORIA, COLUMBIA",Canada,SAN JOSÉ DEL CABO,Mexico,4,633
2026M02,WASHINGTON,Estados Unidos,CANCUN,Mexico,55,7857
2026M02,WASHINGTON,Estados Unidos,MEXICO,Mexico,56,5080
2026M02,WINDSOR,Canada,CANCUN,Mexico,3,545
2026M02,WINNIPEG,Canada,CANCUN,Mexico,61,10044
2026M02,WINNIPEG,Canada,HUATULCO,Mexico,8,1245
2026M02,WINNIPEG,Canada,MAZATLAN,Mexico,4,691
2026M02,WINNIPEG,Canada,PUERTO VALLARTA,Mexico,38,5618
2026M02,WINNIPEG,Canada,SAN JOSÉ DEL CABO,Mexico,4,656
2026M02,WUXI,China,SANTA LUCÍA,Mexico,13,0
2026M02,ZACATECAS,Mexico,CHICAGO,Estados Unidos,12,1879
2026M02,ZACATECAS,Mexico,DALLAS-FORT WORTH,Estados Unidos,28,1419
2026M02,ZACATECAS,Mexico,LOS ANGELES,Estados Unidos,16,2251
2026M02,ZACATECAS,Mexico,OAKLAND,Estados Unidos,12,849
2026M02,ZACATECAS,Mexico,"SAN JOSE, CALIFORNIA",Estados Unidos,8,628
2026M02,"ZARAGOZA, ES",España,SANTA LUCÍA,Mexico,14,0
2026M02,ZURICH,Suiza,CANCUN,Mexico,12,3415
2026M03,ABBOTSFORD,Canada,PUERTO VALLARTA,Mexico,5,410
2026M03,ACAPULCO,Mexico,DALLAS-FORT WORTH,Estados Unidos,8,447
2026M03,ACAPULCO,Mexico,HOUSTON,Estados Unidos,8,468
2026M03,ACAPULCO,Mexico,MONTREAL,Canada,5,916
2026M03,AGUASCALIENTES,Mexico,CHICAGO,Estados Unidos,19,3026
2026M03,AGUASCALIENTES,Mexico,DALLAS-FORT WORTH,Estados Unidos,62,3311
2026M03,AGUASCALIENTES,Mexico,HOUSTON,Estados Unidos,54,2520
2026M03,AGUASCALIENTES,Mexico,LOS ANGELES,Estados Unidos,18,2441
2026M03,AMSTERDAM,Paises Bajos,CANCUN,Mexico,10,2393
2026M03,AMSTERDAM,Paises Bajos,MEXICO,Mexico,73,16716
2026M03,ATLANTA,Estados Unidos,CANCUN,Mexico,265,36308
2026M03,ATLANTA,Estados Unidos,COZUMEL,Mexico,30,3337
2026M03,ATLANTA,Estados Unidos,DEL BAJIO,Mexico,27,1650
2026M03,ATLANTA,Estados Unidos,GUADALAJARA,Mexico,31,3627
2026M03,ATLANTA,Estados Unidos,MEXICO,Mexico,123,15721
2026M03,ATLANTA,Estados Unidos,MONTERREY,Mexico,57,4830
2026M03,ATLANTA,Estados Unidos,PUERTO VALLARTA,Mexico,35,2824
2026M03,ATLANTA,Estados Unidos,QUERETARO,Mexico,31,2267
2026M03,ATLANTA,Estados Unidos,SAN JOSÉ DEL CABO,Mexico,69,9434
2026M03,ATLANTA,Estados Unidos,SAN LUIS POTOSI,Mexico,23,1371
2026M03,ATLANTA,Estados Unidos,TULUM,Mexico,30,3834
2026M03,AUSTIN,Estados Unidos,CANCUN,Mexico,64,6827
2026M03,AUSTIN,Estados Unidos,MEXICO,Mexico,31,3912
2026M03,AUSTIN,Estados Unidos,MONTERREY,Mexico,19,2205
2026M03,AUSTIN,Estados Unidos,PUERTO VALLARTA,Mexico,14,887
2026M03,AUSTIN,Estados Unidos,SAN JOSÉ DEL CABO,Mexico,51,3048
2026M03,BALTIMORE,Estados Unidos,CANCUN,Mexico,117,14030
2026M03,BALTIMORE,Estados Unidos,SAN JOSÉ DEL CABO,Mexico,4,360
2026M03,"BARCELONA, España",España,CANCUN,Mexico,0,0
2026M03,"BARCELONA, España",España,MEXICO,Mexico,33,5821
2026M03,BELFAST,Reino Unido,CANCUN,Mexico,0,0
2026M03,BELICE,Belice,CANCUN,Mexico,29,286
2026M03,"BIRMINGHAM, INGLATERRA",Reino Unido,CANCUN,Mexico,9,2849
2026M03,BOGOTA,Colombia,CANCUN,Mexico,115,15545
2026M03,BOGOTA,Colombia,GUADALAJARA,Mexico,18,2806
2026M03,BOGOTA,Colombia,MEXICO,Mexico,217,31450
2026M03,BOGOTA,Colombia,MONTERREY,Mexico,28,3569
2026M03,BOGOTA,Colombia,SANTA LUCÍA,Mexico,56,7312
2026M03,BOSTON,Estados Unidos,CANCUN,Mexico,99,14888
2026M03,BOSTON,Estados Unidos,MEXICO,Mexico,30,3470
2026M03,BRASILIA,Brasil,CANCUN,Mexico,8,1008
2026M03,BROWNSVILLE,Estados Unidos,MONTERREY,Mexico,38,145
2026M03,BUENOS AIRES,Argentina,CANCUN,Mexico,25,5135
2026M03,BUENOS AIRES,Argentina,MEXICO,Mexico,42,8578
2026M03,CALGARY,Canada,CANCUN,Mexico,73,18292
2026M03,CALGARY,Canada,COZUMEL,Mexico,4,446
2026M03,CALGARY,Canada,GUADALAJARA,Mexico,10,642
2026M03,CALGARY,Canada,HUATULCO,Mexico,21,2784
2026M03,CALGARY,Canada,IXTAPA ZIHUATANEJO,Mexico,17,1898
2026M03,CALGARY,Canada,LORETO,Mexico,9,932
2026M03,CALGARY,Canada,MANZANILLO,Mexico,13,1130
2026M03,CALGARY,Canada,MAZATLAN,Mexico,23,2738
2026M03,CALGARY,Canada,MEXICO,Mexico,18,1722
2026M03,CALGARY,Canada,PUERTO ESCONDIDO,Mexico,4,541
2026M03,CALGARY,Canada,PUERTO VALLARTA,Mexico,81,12364
2026M03,CALGARY,Canada,SAN JOSÉ DEL CABO,Mexico,37,7413
2026M03,CALGARY,Canada,TEPIC,Mexico,4,134
2026M03,CALGARY,Canada,TULUM,Mexico,8,1156
2026M03,CALI,Colombia,MEXICO,Mexico,18,1918
2026M03,CAMAGUEY,Cuba,CANCUN,Mexico,4,338
2026M03,CAMPINAS,Brasil,SANTA LUCÍA,Mexico,7,0
2026M03,CANCUN,Mexico,AMSTERDAM,Paises Bajos,10,2499
2026M03,CANCUN,Mexico,ATLANTA,Estados Unidos,265,36850
2026M03,CANCUN,Mexico,AUSTIN,Estados Unidos,64,6848
2026M03,CANCUN,Mexico,BALTIMORE,Estados Unidos,117,12900
2026M03,CANCUN,Mexico,"BARCELONA, España",España,0,0
2026M03,CANCUN,Mexico,BELFAST,Reino Unido,0,0
2026M03,CANCUN,Mexico,BELICE,Belice,29,307
2026M03,CANCUN,Mexico,"BIRMINGHAM, INGLATERRA",Reino Unido,9,2759
2026M03,CANCUN,Mexico,BOGOTA,Colombia,116,14435
2026M03,CANCUN,Mexico,BOSTON,Estados Unidos,99,15316
2026M03,CANCUN,Mexico,BRASILIA,Brasil,8,1160
2026M03,CANCUN,Mexico,BUENOS AIRES,Argentina,25,5829
2026M03,CANCUN,Mexico,CALGARY,Canada,73,18027
2026M03,CANCUN,Mexico,CAMAGUEY,Cuba,4,310
2026M03,CANCUN,Mexico,CARACAS,Venezuela,4,354
2026M03,CANCUN,Mexico,CHARLOTTE,Estados Unidos,159,24083
2026M03,CANCUN,Mexico,CHARLOTTETOWN,Canada,4,638
2026M03,CANCUN,Mexico,CHICAGO,Estados Unidos,325,53384
2026M03,CANCUN,Mexico,CLEVELAND,Estados Unidos,52,6563
2026M03,CANCUN,Mexico,COLORADO SPRINGS,Estados Unidos,4,221
2026M03,CANCUN,Mexico,"COLUMBUS, Ohio",Estados Unidos,8,798
2026M03,CANCUN,Mexico,COVINGTON,Estados Unidos,19,2150
2026M03,CANCUN,Mexico,"Cardiff, Glamorgan",Reino Unido,0,0
2026M03,CANCUN,Mexico,"Charleston, Sur de Carolina",Estados Unidos,4,283
2026M03,CANCUN,Mexico,DALLAS-FORT WORTH,Estados Unidos,317,45374
2026M03,CANCUN,Mexico,DENVER,Estados Unidos,194,30619
2026M03,CANCUN,Mexico,DETROIT,Estados Unidos,152,20426
2026M03,CANCUN,Mexico,DUBLIN,Irlanda,0,0
2026M03,CANCUN,Mexico,EDMONTON,Canada,88,13764
2026M03,CANCUN,Mexico,ESTAMBUL (ARNAVUTKOY),Turquia,40,5948
2026M03,CANCUN,Mexico,FORT LAUDERDALE,Estados Unidos,119,12392
2026M03,CANCUN,Mexico,FRANKFURT,Alemania,31,9297
2026M03,CANCUN,Mexico,"Fredericton, Canada",Canada,13,2033
2026M03,CANCUN,Mexico,"GANDER, Canadá",Canada,0,0
2026M03,CANCUN,Mexico,GLASGOW,Reino Unido,0,0
2026M03,CANCUN,Mexico,GUATEMALA,Guatemala,31,3201
2026M03,CANCUN,Mexico,HALIFAX,Canada,40,6894
2026M03,CANCUN,Mexico,HAMILTON,Canada,26,3352
2026M03,CANCUN,Mexico,HARLINGEN TEXAS,Estados Unidos,0,0
2026M03,CANCUN,Mexico,HOUSTON,Estados Unidos,322,36899
2026M03,CANCUN,Mexico,INDIANAPOLIS,Estados Unidos,12,1435
2026M03,CANCUN,Mexico,KANSAS CITY,Estados Unidos,48,6212
2026M03,CANCUN,Mexico,KELOWNA,Canada,27,4157
2026M03,CANCUN,Mexico,KITCHENER,Canada,5,815
2026M03,CANCUN,Mexico,LA HABANA,Cuba,31,2721
2026M03,CANCUN,Mexico,LAS VEGAS,Estados Unidos,0,0
2026M03,CANCUN,Mexico,LIMA,Peru,105,15886
2026M03,CANCUN,Mexico,LISBON,Portugal,10,2593
2026M03,CANCUN,Mexico,"LONDON, ONTARIO",Canada,8,1394
2026M03,CANCUN,Mexico,LONDRES,Reino Unido,48,14962
2026M03,CANCUN,Mexico,LOS ANGELES,Estados Unidos,149,19915
2026M03,CANCUN,Mexico,MADRID,España,39,13771
2026M03,CANCUN,Mexico,MANCHESTER,Reino Unido,18,5159
2026M03,CANCUN,Mexico,MEDELLIN,Colombia,31,3689
2026M03,CANCUN,Mexico,MIAMI,Estados Unidos,184,20745
2026M03,CANCUN,Mexico,MILAN,Italia,5,1733
2026M03,CANCUN,Mexico,MILWAUKEE,Estados Unidos,39,5118
2026M03,CANCUN,Mexico,MINNEAPOLIS,Estados Unidos,270,40382
2026M03,CANCUN,Mexico,MONCTON,Canada,11,1863
2026M03,CANCUN,Mexico,MONTREAL,Canada,229,47989
2026M03,CANCUN,Mexico,NASHVILLE,Estados Unidos,40,4468
2026M03,CANCUN,Mexico,NEWARK,Estados Unidos,151,20383
2026M03,CANCUN,Mexico,NEWCASTLE,Reino Unido,1,295
2026M03,CANCUN,Mexico,NORFOLK,Estados Unidos,4,332
2026M03,CANCUN,Mexico,NUEVA ORLEANS,Estados Unidos,28,2017
2026M03,CANCUN,Mexico,NUEVA YORK,Estados Unidos,214,29020
2026M03,CANCUN,Mexico,ORLANDO,Estados Unidos,123,12944
2026M03,CANCUN,Mexico,OTTAWA,Canada,81,12580
2026M03,CANCUN,Mexico,PANAMA,Panama,182,26488
2026M03,CANCUN,Mexico,PARIS,Francia,41,17522
2026M03,CANCUN,Mexico,PHILADELPHIA,Estados Unidos,97,15201
2026M03,CANCUN,Mexico,PHOENIX,Estados Unidos,85,11212
2026M03,CANCUN,Mexico,PITTSBURGH,Estados Unidos,0,0
2026M03,CANCUN,Mexico,"PORTLAND, OREGON",Estados Unidos,5,713
2026M03,CANCUN,Mexico,PUNTA CANA,Republica Dominicana,31,3657
2026M03,CANCUN,Mexico,"Providence, Rhode Island",Estados Unidos,3,193
2026M03,CANCUN,Mexico,QUEBEC,Canada,59,10479
2026M03,CANCUN,Mexico,RALEIGH/DURHAM,Estados Unidos,29,2869
2026M03,CANCUN,Mexico,"REGINA, Canada",Canada,26,3703
2026M03,CANCUN,Mexico,ROMA,Italia,4,1331
2026M03,CANCUN,Mexico,SALT LAKE CITY,Estados Unidos,60,8718
2026M03,CANCUN,Mexico,SAN ANTONIO,Estados Unidos,4,324
2026M03,CANCUN,Mexico,SAN FRANCISCO,Estados Unidos,67,9324
2026M03,CANCUN,Mexico,"SAN JOSE, COSTA RICA",Costa Rica,62,5900
2026M03,CANCUN,Mexico,SANTIAGO DE CHILE,Chile,9,2284
2026M03,CANCUN,Mexico,SASKATOON,Canada,19,2999
2026M03,CANCUN,Mexico,SEATTLE,Estados Unidos,61,9106
2026M03,CANCUN,Mexico,ST. JOHN'S,Canada,2,327
2026M03,CANCUN,Mexico,ST. LOUIS,Estados Unidos,69,9744
2026M03,CANCUN,Mexico,TAMPA,Estados Unidos,31,3341
2026M03,CANCUN,Mexico,THUNDER BAY,Canada,5,874
2026M03,CANCUN,Mexico,TORONTO,Canada,523,100649
2026M03,CANCUN,Mexico,TULSA,Estados Unidos,0,0
2026M03,CANCUN,Mexico,"VALENCIA, Venezuela",Venezuela,0,0
2026M03,CANCUN,Mexico,VANCOUVER,Canada,172,25045
2026M03,CANCUN,Mexico,"VICTORIA, COLUMBIA",Canada,13,2052
2026M03,CANCUN,Mexico,WASHINGTON,Estados Unidos,62,8871
2026M03,CANCUN,Mexico,WINDSOR,Canada,5,900
2026M03,CANCUN,Mexico,WINNIPEG,Canada,66,10586
2026M03,CANCUN,Mexico,ZURICH,Suiza,10,2894
2026M03,CARACAS,Venezuela,CANCUN,Mexico,4,332
2026M03,CARACAS,Venezuela,SANTA LUCÍA,Mexico,5,633
2026M03,CARTAGENA DE INDIAS,Colombia,MEXICO,Mexico,31,4686
2026M03,CARTAGENA DE INDIAS,Colombia,SANTA LUCÍA,Mexico,0,0
2026M03,CHARLOTTE,Estados Unidos,CANCUN,Mexico,160,23081
2026M03,CHARLOTTE,Estados Unidos,COZUMEL,Mexico,4,472
2026M03,CHARLOTTE,Estados Unidos,GUADALAJARA,Mexico,9,1234
2026M03,CHARLOTTE,Estados Unidos,MEXICO,Mexico,58,6198
2026M03,CHARLOTTE,Estados Unidos,SAN JOSÉ DEL CABO,Mexico,21,3315
2026M03,CHARLOTTETOWN,Canada,CANCUN,Mexico,4,604
2026M03,CHICAGO,Estados Unidos,AGUASCALIENTES,Mexico,19,2423
2026M03,CHICAGO,Estados Unidos,CANCUN,Mexico,326,56925
2026M03,CHICAGO,Estados Unidos,COZUMEL,Mexico,8,1155
2026M03,CHICAGO,Estados Unidos,DEL BAJIO,Mexico,30,4312
2026M03,CHICAGO,Estados Unidos,DURANGO,Mexico,13,1806
2026M03,CHICAGO,Estados Unidos,GUADALAJARA,Mexico,132,18016
2026M03,CHICAGO,Estados Unidos,IXTAPA ZIHUATANEJO,Mexico,4,353
2026M03,CHICAGO,Estados Unidos,MEXICO,Mexico,203,31976
2026M03,CHICAGO,Estados Unidos,MONTERREY,Mexico,47,4081
2026M03,CHICAGO,Estados Unidos,MORELIA,Mexico,57,8497
2026M03,CHICAGO,Estados Unidos,PUERTO VALLARTA,Mexico,90,8537
2026M03,CHICAGO,Estados Unidos,QUERETARO,Mexico,8,1178
2026M03,CHICAGO,Estados Unidos,SAN JOSÉ DEL CABO,Mexico,141,17805
2026M03,CHICAGO,Estados Unidos,SAN LUIS POTOSI,Mexico,0,0
2026M03,CHICAGO,Estados Unidos,ZACATECAS,Mexico,17,2356
2026M03,CHIHUAHUA,Mexico,DALLAS-FORT WORTH,Estados Unidos,62,4165
2026M03,CHIHUAHUA,Mexico,DENVER,Estados Unidos,12,1571
2026M03,CLEVELAND,Estados Unidos,CANCUN,Mexico,55,7067
2026M03,COLORADO SPRINGS,Estados Unidos,CANCUN,Mexico,4,290
2026M03,"COLUMBUS, Ohio",Estados Unidos,CANCUN,Mexico,8,998
2026M03,COMAYAGUA,Honduras,MEXICO,Mexico,8,377
2026M03,COMOX,Canada,PUERTO VALLARTA,Mexico,9,1016
2026M03,COVINGTON,Estados Unidos,CANCUN,Mexico,20,2687
2026M03,COZUMEL,Mexico,ATLANTA,Estados Unidos,30,3516
2026M03,COZUMEL,Mexico,CALGARY,Canada,4,477
2026M03,COZUMEL,Mexico,CHARLOTTE,Estados Unidos,4,537
2026M03,COZUMEL,Mexico,CHICAGO,Estados Unidos,8,1223
2026M03,COZUMEL,Mexico,DALLAS-FORT WORTH,Estados Unidos,36,5220
2026M03,COZUMEL,Mexico,DENVER,Estados Unidos,4,493
2026M03,COZUMEL,Mexico,HOUSTON,Estados Unidos,31,3469
2026M03,COZUMEL,Mexico,MIAMI,Estados Unidos,31,2620
2026M03,COZUMEL,Mexico,MINNEAPOLIS,Estados Unidos,30,4161
2026M03,COZUMEL,Mexico,MONTREAL,Canada,11,1813
2026M03,COZUMEL,Mexico,TORONTO,Canada,20,2962
2026M03,CULIACAN,Mexico,PHOENIX,Estados Unidos,9,1288
2026M03,"Cardiff, Glamorgan",Reino Unido,CANCUN,Mexico,0,0
2026M03,"Charleston, Sur de Carolina",Estados Unidos,CANCUN,Mexico,4,330
2026M03,DALLAS-FORT WORTH,Estados Unidos,ACAPULCO,Mexico,8,424
2026M03,DALLAS-FORT WORTH,Estados Unidos,AGUASCALIENTES,Mexico,62,3143
2026M03,DALLAS-FORT WORTH,Estados Unidos,CANCUN,Mexico,320,45990
2026M03,DALLAS-FORT WORTH,Estados Unidos,CHIHUAHUA,Mexico,62,3887
2026M03,DALLAS-FORT WORTH,Estados Unidos,COZUMEL,Mexico,37,5008
2026M03,DALLAS-FORT WORTH,Estados Unidos,DEL BAJIO,Mexico,70,8275
2026M03,DALLAS-FORT WORTH,Estados Unidos,DURANGO,Mexico,31,2778
2026M03,DALLAS-FORT WORTH,Estados Unidos,GUADALAJARA,Mexico,92,12141
2026M03,DALLAS-FORT WORTH,Estados Unidos,HUATULCO,Mexico,31,1895
2026M03,DALLAS-FORT WORTH,Estados Unidos,IXTAPA ZIHUATANEJO,Mexico,31,1590
2026M03,DALLAS-FORT WORTH,Estados Unidos,LORETO,Mexico,8,461
2026M03,DALLAS-FORT WORTH,Estados Unidos,MANZANILLO,Mexico,4,216
2026M03,DALLAS-FORT WORTH,Estados Unidos,MAZATLAN,Mexico,25,2271
2026M03,DALLAS-FORT WORTH,Estados Unidos,MERIDA,Mexico,31,3254
2026M03,DALLAS-FORT WORTH,Estados Unidos,MEXICO,Mexico,181,22565
2026M03,DALLAS-FORT WORTH,Estados Unidos,MONTERREY,Mexico,179,13909
2026M03,DALLAS-FORT WORTH,Estados Unidos,MORELIA,Mexico,49,4548
2026M03,DALLAS-FORT WORTH,Estados Unidos,OAXACA,Mexico,31,3900
2026M03,DALLAS-FORT WORTH,Estados Unidos,PUERTO ESCONDIDO,Mexico,8,466
2026M03,DALLAS-FORT WORTH,Estados Unidos,PUERTO VALLARTA,Mexico,90,9444
2026M03,DALLAS-FORT WORTH,Estados Unidos,QUERETARO,Mexico,70,9179
2026M03,DALLAS-FORT WORTH,Estados Unidos,SAN JOSÉ DEL CABO,Mexico,151,21239
2026M03,DALLAS-FORT WORTH,Estados Unidos,SAN LUIS POTOSI,Mexico,49,5363
2026M03,DALLAS-FORT WORTH,Estados Unidos,TAMPICO,Mexico,31,1391
2026M03,DALLAS-FORT WORTH,Estados Unidos,TORREON,Mexico,31,1905
2026M03,DALLAS-FORT WORTH,Estados Unidos,TULUM,Mexico,30,4007
2026M03,DALLAS-FORT WORTH,Estados Unidos,VERACRUZ,Mexico,31,1761
2026M03,DALLAS-FORT WORTH,Estados Unidos,ZACATECAS,Mexico,31,1592
2026M03,DEER LAKE,Canada,CANCUN,Mexico,2,194
2026M03,DEL BAJIO,Mexico,ATLANTA,Estados Unidos,27,2091
2026M03,DEL BAJIO,Mexico,CHICAGO,Estados Unidos,30,4787
2026M03,DEL BAJIO,Mexico,DALLAS-FORT WORTH,Estados Unidos,70,9362
2026M03,DEL BAJIO,Mexico,FRESNO,Estados Unidos,13,1832
2026M03,DEL BAJIO,Mexico,HOUSTON,Estados Unidos,134,7548
2026M03,DEL BAJIO,Mexico,LOS ANGELES,Estados Unidos,21,2401
2026M03,DEL BAJIO,Mexico,OAKLAND,Estados Unidos,31,3758
2026M03,DEL BAJIO,Mexico,ONTARIO,Estados Unidos,13,1317
2026M03,DEL BAJIO,Mexico,SACRAMENTO,Estados Unidos,10,1300
2026M03,DEL BAJIO,Mexico,SAN ANTONIO,Estados Unidos,9,934
2026M03,DEL BAJIO,Mexico,"SAN JOSE, CALIFORNIA",Estados Unidos,9,1022
2026M03,DENVER,Estados Unidos,CANCUN,Mexico,194,29016
2026M03,DENVER,Estados Unidos,CHIHUAHUA,Mexico,12,1454
2026M03,DENVER,Estados Unidos,COZUMEL,Mexico,4,565
2026M03,DENVER,Estados Unidos,GUADALAJARA,Mexico,31,4269
2026M03,DENVER,Estados Unidos,MEXICO,Mexico,97,13339
2026M03,DENVER,Estados Unidos,MONTERREY,Mexico,15,1748
2026M03,DENVER,Estados Unidos,PUERTO VALLARTA,Mexico,85,8691
2026M03,DENVER,Estados Unidos,QUERETARO,Mexico,0,0
2026M03,DENVER,Estados Unidos,SAN JOSÉ DEL CABO,Mexico,127,15401
2026M03,DETROIT,Estados Unidos,CANCUN,Mexico,151,21097
2026M03,DETROIT,Estados Unidos,GUADALAJARA,Mexico,0,0
2026M03,DETROIT,Estados Unidos,MEXICO,Mexico,30,3005
2026M03,DETROIT,Estados Unidos,MONTERREY,Mexico,27,1194
2026M03,DETROIT,Estados Unidos,PUERTO VALLARTA,Mexico,31,2097
2026M03,DETROIT,Estados Unidos,QUERETARO,Mexico,20,1146
2026M03,DETROIT,Estados Unidos,SAN JOSÉ DEL CABO,Mexico,35,4521
2026M03,DOHA,Qatar,SANTA LUCÍA,Mexico,9,0
2026M03,DUBAI,Emiratos Arabes,MEXICO,Mexico,28,1083
2026M03,DUBLIN,Irlanda,CANCUN,Mexico,0,0
2026M03,DURANGO,Mexico,CHICAGO,Estados Unidos,13,1939
2026M03,DURANGO,Mexico,DALLAS-FORT WORTH,Estados Unidos,31,2976
2026M03,EDMONTON,Canada,CANCUN,Mexico,87,13544
2026M03,EDMONTON,Canada,HUATULCO,Mexico,13,1739
2026M03,EDMONTON,Canada,MAZATLAN,Mexico,16,1586
2026M03,EDMONTON,Canada,PUERTO VALLARTA,Mexico,66,8095
2026M03,EDMONTON,Canada,SAN JOSÉ DEL CABO,Mexico,15,1903
2026M03,ESTAMBUL (ARNAVUTKOY),Turquia,CANCUN,Mexico,40,2131
2026M03,ESTAMBUL (ARNAVUTKOY),Turquia,MEXICO,Mexico,40,6878
2026M03,ESTAMBUL (ARNAVUTKOY),Turquia,SANTA LUCÍA,Mexico,7,0
2026M03,FORT LAUDERDALE,Estados Unidos,CANCUN,Mexico,120,12963
2026M03,FRANKFURT,Alemania,CANCUN,Mexico,31,9192
2026M03,FRANKFURT,Alemania,MEXICO,Mexico,31,9593
2026M03,FRANKFURT,Alemania,SAN JOSÉ DEL CABO,Mexico,9,2277
2026M03,FRANKFURT,Alemania,SANTA LUCÍA,Mexico,38,0
2026M03,FRESNO,Estados Unidos,DEL BAJIO,Mexico,13,1691
2026M03,FRESNO,Estados Unidos,GUADALAJARA,Mexico,91,11804
2026M03,FRESNO,Estados Unidos,MORELIA,Mexico,18,2297
2026M03,"Fredericton, Canada",Canada,CANCUN,Mexico,13,2025
2026M03,GLASGOW,Reino Unido,CANCUN,Mexico,0,0
2026M03,GUADALAJARA,Mexico,ATLANTA,Estados Unidos,31,4355
2026M03,GUADALAJARA,Mexico,BOGOTA,Colombia,28,2550
2026M03,GUADALAJARA,Mexico,CALGARY,Canada,10,1111
2026M03,GUADALAJARA,Mexico,CHARLOTTE,Estados Unidos,9,1494
2026M03,GUADALAJARA,Mexico,CHICAGO,Estados Unidos,134,20215
2026M03,GUADALAJARA,Mexico,DALLAS-FORT WORTH,Estados Unidos,92,14093
2026M03,GUADALAJARA,Mexico,DENVER,Estados Unidos,31,4564
2026M03,GUADALAJARA,Mexico,DETROIT,Estados Unidos,0,0
2026M03,GUADALAJARA,Mexico,FRESNO,Estados Unidos,93,13676
2026M03,GUADALAJARA,Mexico,HONG KONG,HONG KONG,18,0
2026M03,GUADALAJARA,Mexico,HOUSTON,Estados Unidos,110,13200
2026M03,GUADALAJARA,Mexico,LAS VEGAS,Estados Unidos,77,12832
2026M03,GUADALAJARA,Mexico,LOS ANGELES,Estados Unidos,261,38063
2026M03,GUADALAJARA,Mexico,"LOUISVILLE, KENTUCKY",Estados Unidos,22,0
2026M03,GUADALAJARA,Mexico,LUXEMBURGO,Luxemburgo,20,0
2026M03,GUADALAJARA,Mexico,MADRID,España,21,5261
2026M03,GUADALAJARA,Mexico,MEMPHIS,Estados Unidos,58,0
2026M03,GUADALAJARA,Mexico,MIAMI,Estados Unidos,19,2905
2026M03,GUADALAJARA,Mexico,MONTREAL,Canada,7,1002
2026M03,GUADALAJARA,Mexico,NEWARK,Estados Unidos,19,3234
2026M03,GUADALAJARA,Mexico,OAKLAND,Estados Unidos,91,13080
2026M03,GUADALAJARA,Mexico,ONTARIO,Estados Unidos,62,8881
2026M03,GUADALAJARA,Mexico,ORLANDO,Estados Unidos,22,3447
2026M03,GUADALAJARA,Mexico,PANAMA,Panama,31,4269
2026M03,GUADALAJARA,Mexico,PARIS,Francia,2,0
2026M03,GUADALAJARA,Mexico,PHOENIX,Estados Unidos,63,7054
2026M03,GUADALAJARA,Mexico,"PORTLAND, OREGON",Estados Unidos,48,6898
2026M03,GUADALAJARA,Mexico,RENO,Estados Unidos,22,3010
2026M03,GUADALAJARA,Mexico,SACRAMENTO,Estados Unidos,81,12838
2026M03,GUADALAJARA,Mexico,SALT LAKE CITY,Estados Unidos,31,4052
2026M03,GUADALAJARA,Mexico,SAN ANTONIO,Estados Unidos,57,7120
2026M03,GUADALAJARA,Mexico,SAN FRANCISCO,Estados Unidos,23,2342
2026M03,GUADALAJARA,Mexico,"SAN JOSE, CALIFORNIA",Estados Unidos,62,9330
2026M03,GUADALAJARA,Mexico,"SAN JOSE, COSTA RICA",Costa Rica,18,1653
2026M03,GUADALAJARA,Mexico,SEATTLE,Estados Unidos,49,6792
2026M03,GUADALAJARA,Mexico,Seoul,COREA DEL SUR,12,0
2026M03,GUADALAJARA,Mexico,TORONTO,Canada,26,3038
2026M03,GUADALAJARA,Mexico,VANCOUVER,Canada,22,2851
2026M03,GUATEMALA,Guatemala,CANCUN,Mexico,31,3687
2026M03,GUATEMALA,Guatemala,MERIDA,Mexico,0,0
2026M03,GUATEMALA,Guatemala,MEXICO,Mexico,131,17943
2026M03,GUATEMALA,Guatemala,SANTA LUCÍA,Mexico,17,0
2026M03,HALIFAX,Canada,CANCUN,Mexico,42,7218
2026M03,HAMILTON,Canada,CANCUN,Mexico,27,2973
2026M03,HAMILTON,Canada,PUERTO VALLARTA,Mexico,9,600
2026M03,"HANGZHOU, China",China,SANTA LUCÍA,Mexico,0,0
2026M03,HARLINGEN TEXAS,Estados Unidos,CANCUN,Mexico,0,0
2026M03,HERMOSILLO,Mexico,PHOENIX,Estados Unidos,31,2088
2026M03,HONG KONG,HONG KONG,GUADALAJARA,Mexico,32,0
2026M03,HONG KONG,HONG KONG,SANTA LUCÍA,Mexico,42,0
2026M03,HOUSTON,Estados Unidos,ACAPULCO,Mexico,8,385
2026M03,HOUSTON,Estados Unidos,AGUASCALIENTES,Mexico,54,2016
2026M03,HOUSTON,Estados Unidos,CANCUN,Mexico,327,37568
2026M03,HOUSTON,Estados Unidos,COZUMEL,Mexico,31,3201
2026M03,HOUSTON,Estados Unidos,DEL BAJIO,Mexico,108,6216
2026M03,HOUSTON,Estados Unidos,GUADALAJARA,Mexico,110,11664
2026M03,HOUSTON,Estados Unidos,IXTAPA ZIHUATANEJO,Mexico,28,1028
2026M03,HOUSTON,Estados Unidos,MANZANILLO,Mexico,7,263
2026M03,HOUSTON,Estados Unidos,MAZATLAN,Mexico,8,298
2026M03,HOUSTON,Estados Unidos,MERIDA,Mexico,30,3564
2026M03,HOUSTON,Estados Unidos,MEXICO,Mexico,303,34165
2026M03,HOUSTON,Estados Unidos,MONTERREY,Mexico,236,16723
2026M03,HOUSTON,Estados Unidos,MORELIA,Mexico,43,2201
2026M03,HOUSTON,Estados Unidos,OAXACA,Mexico,39,2089
2026M03,HOUSTON,Estados Unidos,PUEBLA,Mexico,29,1168
2026M03,HOUSTON,Estados Unidos,PUERTO ESCONDIDO,Mexico,12,568
2026M03,HOUSTON,Estados Unidos,PUERTO VALLARTA,Mexico,70,4600
2026M03,HOUSTON,Estados Unidos,QUERETARO,Mexico,102,8653
2026M03,HOUSTON,Estados Unidos,SAN JOSÉ DEL CABO,Mexico,152,13719
2026M03,HOUSTON,Estados Unidos,SAN LUIS POTOSI,Mexico,66,4286
2026M03,HOUSTON,Estados Unidos,TAMPICO,Mexico,30,1356
2026M03,HOUSTON,Estados Unidos,TEPIC,Mexico,4,116
2026M03,HOUSTON,Estados Unidos,TULUM,Mexico,26,2736
2026M03,HOUSTON,Estados Unidos,VERACRUZ,Mexico,31,2305
2026M03,HUATULCO,Mexico,CALGARY,Canada,21,3161
2026M03,HUATULCO,Mexico,DALLAS-FORT WORTH,Estados Unidos,31,2145
2026M03,HUATULCO,Mexico,EDMONTON,Canada,13,1994
2026M03,HUATULCO,Mexico,TORONTO,Canada,16,2261
2026M03,HUATULCO,Mexico,VANCOUVER,Canada,22,3515
2026M03,HUATULCO,Mexico,WINNIPEG,Canada,9,1503
2026M03,INDIANAPOLIS,Estados Unidos,CANCUN,Mexico,12,1593
2026M03,INDIANAPOLIS,Estados Unidos,SAN JOSÉ DEL CABO,Mexico,4,475
2026M03,IXTAPA ZIHUATANEJO,Mexico,CALGARY,Canada,17,2572
2026M03,IXTAPA ZIHUATANEJO,Mexico,CHICAGO,Estados Unidos,4,411
2026M03,IXTAPA ZIHUATANEJO,Mexico,DALLAS-FORT WORTH,Estados Unidos,31,1918
2026M03,IXTAPA ZIHUATANEJO,Mexico,HOUSTON,Estados Unidos,28,1541
2026M03,IXTAPA ZIHUATANEJO,Mexico,LOS ANGELES,Estados Unidos,28,3176
2026M03,IXTAPA ZIHUATANEJO,Mexico,MINNEAPOLIS,Estados Unidos,9,1535
2026M03,IXTAPA ZIHUATANEJO,Mexico,MONTREAL,Canada,4,639
2026M03,IXTAPA ZIHUATANEJO,Mexico,PHOENIX,Estados Unidos,4,225
2026M03,IXTAPA ZIHUATANEJO,Mexico,SAN FRANCISCO,Estados Unidos,4,545
2026M03,IXTAPA ZIHUATANEJO,Mexico,TORONTO,Canada,4,605
2026M03,IXTAPA ZIHUATANEJO,Mexico,VANCOUVER,Canada,13,2029
2026M03,JEBEL ALI,Emiratos Arabes,SANTA LUCÍA,Mexico,9,0
2026M03,KANSAS CITY,Estados Unidos,CANCUN,Mexico,48,6056
2026M03,KANSAS CITY,Estados Unidos,SAN JOSÉ DEL CABO,Mexico,21,1986
2026M03,KELOWNA,Canada,CANCUN,Mexico,27,3539
2026M03,KELOWNA,Canada,MAZATLAN,Mexico,5,608
2026M03,KELOWNA,Canada,PUERTO VALLARTA,Mexico,18,2098
2026M03,KELOWNA,Canada,SAN JOSÉ DEL CABO,Mexico,8,1017
2026M03,KITCHENER,Canada,CANCUN,Mexico,5,739
2026M03,LA HABANA,Cuba,CANCUN,Mexico,31,2806
2026M03,LA HABANA,Cuba,MERIDA,Mexico,8,581
2026M03,LA HABANA,Cuba,MEXICO,Mexico,31,2918
2026M03,LA HABANA,Cuba,MONTERREY,Mexico,8,802
2026M03,LA HABANA,Cuba,SANTA LUCÍA,Mexico,13,888
2026M03,LA PAZ,Mexico,LOS ANGELES,Estados Unidos,26,1591
2026M03,LAREDO,Estados Unidos,MONTERREY,Mexico,8,29
2026M03,LAS VEGAS,Estados Unidos,CANCUN,Mexico,0,0
2026M03,LAS VEGAS,Estados Unidos,GUADALAJARA,Mexico,77,11412
2026M03,LAS VEGAS,Estados Unidos,MEXICO,Mexico,92,14263
2026M03,LAS VEGAS,Estados Unidos,MONTERREY,Mexico,32,5497
2026M03,LAS VEGAS,Estados Unidos,PUERTO VALLARTA,Mexico,0,0
2026M03,LAS VEGAS,Estados Unidos,SAN JOSÉ DEL CABO,Mexico,26,1915
2026M03,LIMA,Peru,CANCUN,Mexico,105,14769
2026M03,LIMA,Peru,MEXICO,Mexico,93,11780
2026M03,LIMA,Peru,SANTA LUCÍA,Mexico,4,0
2026M03,LISBON,Portugal,CANCUN,Mexico,11,2118
2026M03,LIÈGE,Belgica,SANTA LUCÍA,Mexico,0,0
2026M03,"LONDON, ONTARIO",Canada,CANCUN,Mexico,8,1269
2026M03,LONDRES,Reino Unido,CANCUN,Mexico,48,14871
2026M03,LONDRES,Reino Unido,MEXICO,Mexico,54,10499
2026M03,LORETO,Mexico,CALGARY,Canada,9,1127
2026M03,LORETO,Mexico,DALLAS-FORT WORTH,Estados Unidos,8,563
2026M03,LORETO,Mexico,LOS ANGELES,Estados Unidos,31,3250
2026M03,LORETO,Mexico,PHOENIX,Estados Unidos,31,2113
2026M03,LORETO,Mexico,SAN FRANCISCO,Estados Unidos,4,613
2026M03,LOS ANGELES,Estados Unidos,AGUASCALIENTES,Mexico,18,2396
2026M03,LOS ANGELES,Estados Unidos,CANCUN,Mexico,150,21686
2026M03,LOS ANGELES,Estados Unidos,DEL BAJIO,Mexico,21,2445
2026M03,LOS ANGELES,Estados Unidos,GUADALAJARA,Mexico,290,37290
2026M03,LOS ANGELES,Estados Unidos,IXTAPA ZIHUATANEJO,Mexico,28,3352
2026M03,LOS ANGELES,Estados Unidos,LA PAZ,Mexico,26,1580
2026M03,LOS ANGELES,Estados Unidos,LORETO,Mexico,31,3411
2026M03,LOS ANGELES,Estados Unidos,MANZANILLO,Mexico,29,2153
2026M03,LOS ANGELES,Estados Unidos,MAZATLAN,Mexico,26,2102
2026M03,LOS ANGELES,Estados Unidos,MERIDA,Mexico,0,0
2026M03,LOS ANGELES,Estados Unidos,MEXICO,Mexico,247,36461
2026M03,LOS ANGELES,Estados Unidos,MONTERREY,Mexico,22,2487
2026M03,LOS ANGELES,Estados Unidos,MORELIA,Mexico,22,2605
2026M03,LOS ANGELES,Estados Unidos,OAXACA,Mexico,18,2385
2026M03,LOS ANGELES,Estados Unidos,PUEBLA,Mexico,0,0
2026M03,LOS ANGELES,Estados Unidos,PUERTO VALLARTA,Mexico,123,12605
2026M03,LOS ANGELES,Estados Unidos,QUERETARO,Mexico,13,1360
2026M03,LOS ANGELES,Estados Unidos,SAN JOSÉ DEL CABO,Mexico,183,23517
2026M03,LOS ANGELES,Estados Unidos,SANTA LUCÍA,Mexico,50,0
2026M03,LOS ANGELES,Estados Unidos,TEPIC,Mexico,13,1548
2026M03,LOS ANGELES,Estados Unidos,URUAPAN,Mexico,9,998
2026M03,LOS ANGELES,Estados Unidos,ZACATECAS,Mexico,18,2392
2026M03,"LOUISVILLE, KENTUCKY",Estados Unidos,GUADALAJARA,Mexico,5,0
2026M03,"LOUISVILLE, KENTUCKY",Estados Unidos,MONTERREY,Mexico,22,0
2026M03,"LOUISVILLE, KENTUCKY",Estados Unidos,SANTA LUCÍA,Mexico,22,0
2026M03,LUXEMBURGO,Luxemburgo,GUADALAJARA,Mexico,8,0
2026M03,LUXEMBURGO,Luxemburgo,SANTA LUCÍA,Mexico,14,0
2026M03,MADRID,España,CANCUN,Mexico,39,13357
2026M03,MADRID,España,GUADALAJARA,Mexico,22,4533
2026M03,MADRID,España,MEXICO,Mexico,169,44704
2026M03,MADRID,España,MONTERREY,Mexico,21,3807
2026M03,MADRID,España,QUERETARO,Mexico,4,1419
2026M03,MANAGUA,Nicaragua,MEXICO,Mexico,13,897
2026M03,MANCHESTER,Reino Unido,CANCUN,Mexico,19,5756
2026M03,MANZANILLO,Mexico,CALGARY,Canada,13,1795
2026M03,MANZANILLO,Mexico,DALLAS-FORT WORTH,Estados Unidos,4,216
2026M03,MANZANILLO,Mexico,HOUSTON,Estados Unidos,7,370
2026M03,MANZANILLO,Mexico,LOS ANGELES,Estados Unidos,29,2145
2026M03,MANZANILLO,Mexico,PHOENIX,Estados Unidos,4,274
2026M03,MAZATLAN,Mexico,CALGARY,Canada,23,3514
2026M03,MAZATLAN,Mexico,DALLAS-FORT WORTH,Estados Unidos,25,2762
2026M03,MAZATLAN,Mexico,EDMONTON,Canada,16,2164
2026M03,MAZATLAN,Mexico,HOUSTON,Estados Unidos,8,371
2026M03,MAZATLAN,Mexico,KELOWNA,Canada,5,826
2026M03,MAZATLAN,Mexico,LOS ANGELES,Estados Unidos,26,2069
2026M03,MAZATLAN,Mexico,MINNEAPOLIS,Estados Unidos,20,2773
2026M03,MAZATLAN,Mexico,MONTREAL,Canada,5,874
2026M03,MAZATLAN,Mexico,PHOENIX,Estados Unidos,35,3978
2026M03,MAZATLAN,Mexico,"REGINA, Canada",Canada,4,666
2026M03,MAZATLAN,Mexico,TORONTO,Canada,5,915
2026M03,MAZATLAN,Mexico,VANCOUVER,Canada,18,2826
2026M03,MAZATLAN,Mexico,WINNIPEG,Canada,7,1125
2026M03,MC ALLEN,Estados Unidos,MONTERREY,Mexico,3,8
2026M03,MEDELLIN,Colombia,CANCUN,Mexico,31,4102
2026M03,MEDELLIN,Colombia,MEXICO,Mexico,61,8730
2026M03,MEDELLIN,Colombia,SANTA LUCÍA,Mexico,0,0
2026M03,MEMPHIS,Estados Unidos,GUADALAJARA,Mexico,58,0
2026M03,MEMPHIS,Estados Unidos,MONTERREY,Mexico,22,0
2026M03,MEMPHIS,Estados Unidos,QUERETARO,Mexico,16,0
2026M03,MEMPHIS,Estados Unidos,TOLUCA,Mexico,27,0
2026M03,MERIDA,Mexico,DALLAS-FORT WORTH,Estados Unidos,30,3242
2026M03,MERIDA,Mexico,GUATEMALA,Guatemala,0,0
2026M03,MERIDA,Mexico,HOUSTON,Estados Unidos,30,4251
2026M03,MERIDA,Mexico,LA HABANA,Cuba,8,488
2026M03,MERIDA,Mexico,LOS ANGELES,Estados Unidos,0,0
2026M03,MERIDA,Mexico,MIAMI,Estados Unidos,45,6163
2026M03,MERIDA,Mexico,ORLANDO,Estados Unidos,9,1334
2026M03,MERIDA,Mexico,TORONTO,Canada,14,2342
2026M03,MEXICO,Mexico,AMSTERDAM,Paises Bajos,73,17718
2026M03,MEXICO,Mexico,ATLANTA,Estados Unidos,123,16836
2026M03,MEXICO,Mexico,AUSTIN,Estados Unidos,48,4699
2026M03,MEXICO,Mexico,"BARCELONA, España",España,33,5678
2026M03,MEXICO,Mexico,BOGOTA,Colombia,217,31979
2026M03,MEXICO,Mexico,BOSTON,Estados Unidos,31,4169
2026M03,MEXICO,Mexico,BUENOS AIRES,Argentina,42,9249
2026M03,MEXICO,Mexico,CALGARY,Canada,17,2204
2026M03,MEXICO,Mexico,CALI,Colombia,17,1695
2026M03,MEXICO,Mexico,CARTAGENA DE INDIAS,Colombia,31,4452
2026M03,MEXICO,Mexico,CHARLOTTE,Estados Unidos,58,7566
2026M03,MEXICO,Mexico,CHICAGO,Estados Unidos,203,33355
2026M03,MEXICO,Mexico,COMAYAGUA,Honduras,8,325
2026M03,MEXICO,Mexico,DALLAS-FORT WORTH,Estados Unidos,182,24911
2026M03,MEXICO,Mexico,DENVER,Estados Unidos,98,15060
2026M03,MEXICO,Mexico,DETROIT,Estados Unidos,30,3037
2026M03,MEXICO,Mexico,DUBAI,Emiratos Arabes,27,934
2026M03,MEXICO,Mexico,ESTAMBUL (ARNAVUTKOY),Turquia,40,8079
2026M03,MEXICO,Mexico,FRANKFURT,Alemania,31,10011
2026M03,MEXICO,Mexico,FRESNO,Estados Unidos,0,0
2026M03,MEXICO,Mexico,GUATEMALA,Guatemala,132,17587
2026M03,MEXICO,Mexico,HOUSTON,Estados Unidos,303,38785
2026M03,MEXICO,Mexico,LA HABANA,Cuba,31,3006
2026M03,MEXICO,Mexico,LAS VEGAS,Estados Unidos,92,15096
2026M03,MEXICO,Mexico,LIMA,Peru,93,13362
2026M03,MEXICO,Mexico,LONDRES,Reino Unido,54,12022
2026M03,MEXICO,Mexico,LOS ANGELES,Estados Unidos,247,37224
2026M03,MEXICO,Mexico,MADRID,España,194,51011
2026M03,MEXICO,Mexico,MANAGUA,Nicaragua,13,865
2026M03,MEXICO,Mexico,MEDELLIN,Colombia,62,8976
2026M03,MEXICO,Mexico,MIAMI,Estados Unidos,245,33067
2026M03,MEXICO,Mexico,MINNEAPOLIS,Estados Unidos,30,2981
2026M03,MEXICO,Mexico,MONTREAL,Canada,61,9416
2026M03,MEXICO,Mexico,MUNICH,Alemania,13,3468
2026M03,MEXICO,Mexico,NEWARK,Estados Unidos,93,12751
2026M03,MEXICO,Mexico,NUEVA YORK,Estados Unidos,162,27478
2026M03,MEXICO,Mexico,OAKLAND,Estados Unidos,31,5439
2026M03,MEXICO,Mexico,ORLANDO,Estados Unidos,96,14551
2026M03,MEXICO,Mexico,PANAMA,Panama,192,26198
2026M03,MEXICO,Mexico,PARIS,Francia,91,24754
2026M03,MEXICO,Mexico,PHILADELPHIA,Estados Unidos,26,3271
2026M03,MEXICO,Mexico,PHOENIX,Estados Unidos,62,8177
2026M03,MEXICO,Mexico,PUNTA CANA,Republica Dominicana,31,4680
2026M03,MEXICO,Mexico,QUITO,Ecuador,5,525
2026M03,MEXICO,Mexico,RALEIGH/DURHAM,Estados Unidos,23,1837
2026M03,MEXICO,Mexico,ROMA,Italia,19,3853
2026M03,MEXICO,Mexico,SACRAMENTO,Estados Unidos,12,1648
2026M03,MEXICO,Mexico,SALT LAKE CITY,Estados Unidos,31,3282
2026M03,MEXICO,Mexico,SAN ANTONIO,Estados Unidos,94,13003
2026M03,MEXICO,Mexico,SAN FRANCISCO,Estados Unidos,155,18606
2026M03,MEXICO,Mexico,"SAN JOSE, COSTA RICA",Costa Rica,124,16603
2026M03,MEXICO,Mexico,SAN PEDRO SULA,Honduras,18,1346
2026M03,MEXICO,Mexico,SAN SALVADOR,El Salvador,82,10126
2026M03,MEXICO,Mexico,SANTIAGO DE CHILE,Chile,51,10480
2026M03,MEXICO,Mexico,"SANTO DOMINGO,REP DOM",Republica Dominicana,31,3861
2026M03,MEXICO,Mexico,SAO PAULO,Brasil,62,13188
2026M03,MEXICO,Mexico,SEATTLE,Estados Unidos,31,3703
2026M03,MEXICO,Mexico,SHENZHEN,China,13,1333
2026M03,MEXICO,Mexico,Seoul,COREA DEL SUR,23,4044
2026M03,MEXICO,Mexico,TAMPA,Estados Unidos,27,3689
2026M03,MEXICO,Mexico,TOKYO,Japon,62,10521
2026M03,MEXICO,Mexico,TORONTO,Canada,105,15545
2026M03,MEXICO,Mexico,VANCOUVER,Canada,107,14410
2026M03,MEXICO,Mexico,WASHINGTON,Estados Unidos,62,7439
2026M03,MIAMI,Estados Unidos,CANCUN,Mexico,185,20714
2026M03,MIAMI,Estados Unidos,COZUMEL,Mexico,31,2337
2026M03,MIAMI,Estados Unidos,GUADALAJARA,Mexico,18,2780
2026M03,MIAMI,Estados Unidos,MERIDA,Mexico,44,5190
2026M03,MIAMI,Estados Unidos,MEXICO,Mexico,244,28680
2026M03,MIAMI,Estados Unidos,MONTERREY,Mexico,41,2935
2026M03,MIAMI,Estados Unidos,SANTA LUCÍA,Mexico,4,0
2026M03,MIAMI,Estados Unidos,TULUM,Mexico,22,2071
2026M03,MILAN,Italia,CANCUN,Mexico,5,1701
2026M03,MILWAUKEE,Estados Unidos,CANCUN,Mexico,39,5440
2026M03,MINNEAPOLIS,Estados Unidos,CANCUN,Mexico,271,42932
2026M03,MINNEAPOLIS,Estados Unidos,COZUMEL,Mexico,30,4258
2026M03,MINNEAPOLIS,Estados Unidos,IXTAPA ZIHUATANEJO,Mexico,9,1120
2026M03,MINNEAPOLIS,Estados Unidos,MAZATLAN,Mexico,20,2409
2026M03,MINNEAPOLIS,Estados Unidos,MEXICO,Mexico,30,3005
2026M03,MINNEAPOLIS,Estados Unidos,PUERTO VALLARTA,Mexico,60,7751
2026M03,MINNEAPOLIS,Estados Unidos,SAN JOSÉ DEL CABO,Mexico,77,11545
2026M03,MONCTON,Canada,CANCUN,Mexico,12,1973
2026M03,MONTERREY,Mexico,ATLANTA,Estados Unidos,57,5720
2026M03,MONTERREY,Mexico,AUSTIN,Estados Unidos,19,1956
2026M03,MONTERREY,Mexico,BOGOTA,Colombia,29,3604
2026M03,MONTERREY,Mexico,BROWNSVILLE,Estados Unidos,38,199
2026M03,MONTERREY,Mexico,CHICAGO,Estados Unidos,47,4865
2026M03,MONTERREY,Mexico,DALLAS-FORT WORTH,Estados Unidos,179,15609
2026M03,MONTERREY,Mexico,DENVER,Estados Unidos,15,2418
2026M03,MONTERREY,Mexico,DETROIT,Estados Unidos,28,1892
2026M03,MONTERREY,Mexico,HOUSTON,Estados Unidos,239,19351
2026M03,MONTERREY,Mexico,LA HABANA,Cuba,8,727
2026M03,MONTERREY,Mexico,LAREDO,Estados Unidos,10,23
2026M03,MONTERREY,Mexico,LAS VEGAS,Estados Unidos,32,6234
2026M03,MONTERREY,Mexico,LOS ANGELES,Estados Unidos,19,2907
2026M03,MONTERREY,Mexico,"LOUISVILLE, KENTUCKY",Estados Unidos,22,0
2026M03,MONTERREY,Mexico,MADRID,España,21,4490
2026M03,MONTERREY,Mexico,MC ALLEN,Estados Unidos,5,19
2026M03,MONTERREY,Mexico,MEMPHIS,Estados Unidos,26,0
2026M03,MONTERREY,Mexico,MIAMI,Estados Unidos,41,3597
2026M03,MONTERREY,Mexico,NUEVA YORK,Estados Unidos,0,0
2026M03,MONTERREY,Mexico,OAKLAND,Estados Unidos,2,210
2026M03,MONTERREY,Mexico,ORLANDO,Estados Unidos,17,2657
2026M03,MONTERREY,Mexico,PANAMA,Panama,29,3672
2026M03,MONTERREY,Mexico,PARIS,Francia,0,0
2026M03,MONTERREY,Mexico,PHOENIX,Estados Unidos,22,1149
2026M03,MONTERREY,Mexico,SALT LAKE CITY,Estados Unidos,0,0
2026M03,MONTERREY,Mexico,SAN ANTONIO,Estados Unidos,48,5688
2026M03,MONTERREY,Mexico,SAN FRANCISCO,Estados Unidos,29,1784
2026M03,MONTERREY,Mexico,"SAN JOSE, COSTA RICA",Costa Rica,2,314
2026M03,MONTERREY,Mexico,Seoul,COREA DEL SUR,23,1760
2026M03,MONTERREY,Mexico,TOKYO,Japon,31,2206
2026M03,MONTERREY,Mexico,TORONTO,Canada,0,0
2026M03,MONTREAL,Canada,ACAPULCO,Mexico,5,262
2026M03,MONTREAL,Canada,CANCUN,Mexico,232,45701
2026M03,MONTREAL,Canada,COZUMEL,Mexico,12,1925
2026M03,MONTREAL,Canada,GUADALAJARA,Mexico,7,395
2026M03,MONTREAL,Canada,IXTAPA ZIHUATANEJO,Mexico,4,363
2026M03,MONTREAL,Canada,MAZATLAN,Mexico,4,606
2026M03,MONTREAL,Canada,MEXICO,Mexico,61,6171
2026M03,MONTREAL,Canada,PUERTO VALLARTA,Mexico,53,5764
2026M03,MONTREAL,Canada,SAN JOSÉ DEL CABO,Mexico,7,977
2026M03,MONTREAL,Canada,TULUM,Mexico,43,6430
2026M03,MORELIA,Mexico,CHICAGO,Estados Unidos,57,9991
2026M03,MORELIA,Mexico,DALLAS-FORT WORTH,Estados Unidos,49,5251
2026M03,MORELIA,Mexico,FRESNO,Estados Unidos,18,2704
2026M03,MORELIA,Mexico,HOUSTON,Estados Unidos,43,2549
2026M03,MORELIA,Mexico,LOS ANGELES,Estados Unidos,23,3053
2026M03,MORELIA,Mexico,OAKLAND,Estados Unidos,31,4141
2026M03,MORELIA,Mexico,ONTARIO,Estados Unidos,18,1637
2026M03,MORELIA,Mexico,SACRAMENTO,Estados Unidos,18,2409
2026M03,MORELIA,Mexico,SAN ANTONIO,Estados Unidos,13,628
2026M03,MORELIA,Mexico,"SAN JOSE, CALIFORNIA",Estados Unidos,17,2581
2026M03,MUNICH,Alemania,MEXICO,Mexico,13,3313
2026M03,NASHVILLE,Estados Unidos,CANCUN,Mexico,40,4681
2026M03,NASHVILLE,Estados Unidos,SAN JOSÉ DEL CABO,Mexico,4,362
2026M03,NEWARK,Estados Unidos,CANCUN,Mexico,151,20891
2026M03,NEWARK,Estados Unidos,GUADALAJARA,Mexico,19,2414
2026M03,NEWARK,Estados Unidos,MEXICO,Mexico,93,11194
2026M03,NEWARK,Estados Unidos,PUEBLA,Mexico,0,0
2026M03,NEWARK,Estados Unidos,PUERTO VALLARTA,Mexico,4,339
2026M03,NEWARK,Estados Unidos,SAN JOSÉ DEL CABO,Mexico,28,3864
2026M03,NEWARK,Estados Unidos,TULUM,Mexico,0,0
2026M03,NEWCASTLE,Reino Unido,CANCUN,Mexico,1,293
2026M03,NORFOLK,Estados Unidos,CANCUN,Mexico,4,357
2026M03,NUEVA ORLEANS,Estados Unidos,CANCUN,Mexico,27,1945
2026M03,NUEVA YORK,Estados Unidos,CANCUN,Mexico,216,30440
2026M03,NUEVA YORK,Estados Unidos,MEXICO,Mexico,158,25330
2026M03,NUEVA YORK,Estados Unidos,MONTERREY,Mexico,0,0
2026M03,NUEVA YORK,Estados Unidos,PUERTO VALLARTA,Mexico,31,2300
2026M03,NUEVA YORK,Estados Unidos,SAN JOSÉ DEL CABO,Mexico,31,4895
2026M03,NUEVA YORK,Estados Unidos,TULUM,Mexico,11,917
2026M03,OAKLAND,Estados Unidos,DEL BAJIO,Mexico,31,3567
2026M03,OAKLAND,Estados Unidos,GUADALAJARA,Mexico,90,11528
2026M03,OAKLAND,Estados Unidos,MEXICO,Mexico,31,5092
2026M03,OAKLAND,Estados Unidos,MONTERREY,Mexico,1,103
2026M03,OAKLAND,Estados Unidos,MORELIA,Mexico,31,3708
2026M03,OAKLAND,Estados Unidos,SAN JOSÉ DEL CABO,Mexico,35,2463
2026M03,OAKLAND,Estados Unidos,ZACATECAS,Mexico,12,655
2026M03,OAXACA,Mexico,DALLAS-FORT WORTH,Estados Unidos,31,4402
2026M03,OAXACA,Mexico,HOUSTON,Estados Unidos,39,2073
2026M03,OAXACA,Mexico,LOS ANGELES,Estados Unidos,18,2616
2026M03,ONTARIO,Estados Unidos,DEL BAJIO,Mexico,13,1307
2026M03,ONTARIO,Estados Unidos,GUADALAJARA,Mexico,62,8161
2026M03,ONTARIO,Estados Unidos,MORELIA,Mexico,17,1484
2026M03,ONTARIO,Estados Unidos,SAN JOSÉ DEL CABO,Mexico,31,1616
2026M03,ORLANDO,Estados Unidos,CANCUN,Mexico,124,12938
2026M03,ORLANDO,Estados Unidos,GUADALAJARA,Mexico,22,3370
2026M03,ORLANDO,Estados Unidos,MERIDA,Mexico,9,1298
2026M03,ORLANDO,Estados Unidos,MEXICO,Mexico,96,14316
2026M03,ORLANDO,Estados Unidos,MONTERREY,Mexico,17,1917
2026M03,ORLANDO,Estados Unidos,QUERETARO,Mexico,0,0
2026M03,OTTAWA,Canada,CANCUN,Mexico,82,11783
2026M03,OTTAWA,Canada,PUERTO VALLARTA,Mexico,29,1914
2026M03,PANAMA,Panama,CANCUN,Mexico,182,25950
2026M03,PANAMA,Panama,GUADALAJARA,Mexico,31,3768
2026M03,PANAMA,Panama,MEXICO,Mexico,192,26133
2026M03,PANAMA,Panama,MONTERREY,Mexico,30,3392
2026M03,PANAMA,Panama,SAN JOSÉ DEL CABO,Mexico,13,1633
2026M03,PANAMA,Panama,SANTA LUCÍA,Mexico,0,0
2026M03,PARIS,Francia,CANCUN,Mexico,41,13761
2026M03,PARIS,Francia,GUADALAJARA,Mexico,2,0
2026M03,PARIS,Francia,MEXICO,Mexico,90,19887
2026M03,PARIS,Francia,MONTERREY,Mexico,0,0
2026M03,PARIS,Francia,SANTA LUCÍA,Mexico,10,0
2026M03,PHILADELPHIA,Estados Unidos,CANCUN,Mexico,99,15362
2026M03,PHILADELPHIA,Estados Unidos,MEXICO,Mexico,27,2716
2026M03,PHOENIX,Estados Unidos,CANCUN,Mexico,85,11325
2026M03,PHOENIX,Estados Unidos,CULIACAN,Mexico,9,1056
2026M03,PHOENIX,Estados Unidos,GUADALAJARA,Mexico,63,6546
2026M03,PHOENIX,Estados Unidos,HERMOSILLO,Mexico,31,1922
2026M03,PHOENIX,Estados Unidos,IXTAPA ZIHUATANEJO,Mexico,4,238
2026M03,PHOENIX,Estados Unidos,LORETO,Mexico,31,1931
2026M03,PHOENIX,Estados Unidos,MANZANILLO,Mexico,4,230
2026M03,PHOENIX,Estados Unidos,MAZATLAN,Mexico,35,3449
2026M03,PHOENIX,Estados Unidos,MEXICO,Mexico,62,7747
2026M03,PHOENIX,Estados Unidos,MONTERREY,Mexico,22,895
2026M03,PHOENIX,Estados Unidos,PUERTO VALLARTA,Mexico,104,9562
2026M03,PHOENIX,Estados Unidos,SAN JOSÉ DEL CABO,Mexico,146,17412
2026M03,PHOENIX,Estados Unidos,TIJUANA,Mexico,22,594
2026M03,PITTSBURGH,Estados Unidos,CANCUN,Mexico,0,0
2026M03,"PORTLAND, OREGON",Estados Unidos,CANCUN,Mexico,4,529
2026M03,"PORTLAND, OREGON",Estados Unidos,GUADALAJARA,Mexico,48,6033
2026M03,"PORTLAND, OREGON",Estados Unidos,PUERTO VALLARTA,Mexico,33,3847
2026M03,"PORTLAND, OREGON",Estados Unidos,SAN JOSÉ DEL CABO,Mexico,36,5015
2026M03,PRINCE GEORGE,Canada,PUERTO VALLARTA,Mexico,4,599
2026M03,PUEBLA,Mexico,HOUSTON,Estados Unidos,29,1261
2026M03,PUEBLA,Mexico,LOS ANGELES,Estados Unidos,0,0
2026M03,PUEBLA,Mexico,NEWARK,Estados Unidos,0,0
2026M03,PUERTO ESCONDIDO,Mexico,CALGARY,Canada,4,661
2026M03,PUERTO ESCONDIDO,Mexico,DALLAS-FORT WORTH,Estados Unidos,8,526
2026M03,PUERTO ESCONDIDO,Mexico,HOUSTON,Estados Unidos,12,728
2026M03,PUERTO ESCONDIDO,Mexico,TORONTO,Canada,4,526
2026M03,PUERTO VALLARTA,Mexico,ABBOTSFORD,Canada,5,527
2026M03,PUERTO VALLARTA,Mexico,ATLANTA,Estados Unidos,35,2886
2026M03,PUERTO VALLARTA,Mexico,AUSTIN,Estados Unidos,14,841
2026M03,PUERTO VALLARTA,Mexico,CALGARY,Canada,81,14090
2026M03,PUERTO VALLARTA,Mexico,CHICAGO,Estados Unidos,89,8069
2026M03,PUERTO VALLARTA,Mexico,COMOX,Canada,9,1116
2026M03,PUERTO VALLARTA,Mexico,DALLAS-FORT WORTH,Estados Unidos,91,9542
2026M03,PUERTO VALLARTA,Mexico,DENVER,Estados Unidos,85,8791
2026M03,PUERTO VALLARTA,Mexico,DETROIT,Estados Unidos,31,2807
2026M03,PUERTO VALLARTA,Mexico,EDMONTON,Canada,66,8677
2026M03,PUERTO VALLARTA,Mexico,HAMILTON,Canada,9,901
2026M03,PUERTO VALLARTA,Mexico,HOUSTON,Estados Unidos,70,4750
2026M03,PUERTO VALLARTA,Mexico,KELOWNA,Canada,17,2573
2026M03,PUERTO VALLARTA,Mexico,LAS VEGAS,Estados Unidos,0,0
2026M03,PUERTO VALLARTA,Mexico,LOS ANGELES,Estados Unidos,122,10293
2026M03,PUERTO VALLARTA,Mexico,MINNEAPOLIS,Estados Unidos,60,7400
2026M03,PUERTO VALLARTA,Mexico,MONTREAL,Canada,53,8040
2026M03,PUERTO VALLARTA,Mexico,NEWARK,Estados Unidos,4,421
2026M03,PUERTO VALLARTA,Mexico,NUEVA YORK,Estados Unidos,31,2113
2026M03,PUERTO VALLARTA,Mexico,OTTAWA,Canada,30,2946
2026M03,PUERTO VALLARTA,Mexico,PHOENIX,Estados Unidos,104,9223
2026M03,PUERTO VALLARTA,Mexico,"PORTLAND, OREGON",Estados Unidos,33,3766
2026M03,PUERTO VALLARTA,Mexico,PRINCE GEORGE,Canada,4,588
2026M03,PUERTO VALLARTA,Mexico,QUEBEC,Canada,13,2049
2026M03,PUERTO VALLARTA,Mexico,"REGINA, Canada",Canada,21,2801
2026M03,PUERTO VALLARTA,Mexico,SACRAMENTO,Estados Unidos,6,587
2026M03,PUERTO VALLARTA,Mexico,SALT LAKE CITY,Estados Unidos,31,3130
2026M03,PUERTO VALLARTA,Mexico,SAN DIEGO,Estados Unidos,35,3124
2026M03,PUERTO VALLARTA,Mexico,SAN FRANCISCO,Estados Unidos,65,6698
2026M03,PUERTO VALLARTA,Mexico,"SAN JOSE, CALIFORNIA",Estados Unidos,17,992
2026M03,PUERTO VALLARTA,Mexico,"SANTA ANA, CALIFORNIA",Estados Unidos,7,258
2026M03,PUERTO VALLARTA,Mexico,SASKATOON,Canada,17,2503
2026M03,PUERTO VALLARTA,Mexico,SEATTLE,Estados Unidos,56,6144
2026M03,PUERTO VALLARTA,Mexico,ST. LOUIS,Estados Unidos,6,382
2026M03,PUERTO VALLARTA,Mexico,TORONTO,Canada,115,14894
2026M03,PUERTO VALLARTA,Mexico,VANCOUVER,Canada,133,18537
2026M03,PUERTO VALLARTA,Mexico,"VICTORIA, COLUMBIA",Canada,13,1979
2026M03,PUERTO VALLARTA,Mexico,WINNIPEG,Canada,44,6521
2026M03,PUNTA CANA,Republica Dominicana,CANCUN,Mexico,31,3064
2026M03,PUNTA CANA,Republica Dominicana,MEXICO,Mexico,31,4568
2026M03,PUNTA CANA,Republica Dominicana,SANTA LUCÍA,Mexico,26,3076
2026M03,"Providence, Rhode Island",Estados Unidos,CANCUN,Mexico,4,288
2026M03,QUEBEC,Canada,CANCUN,Mexico,59,9786
2026M03,QUEBEC,Canada,PUERTO VALLARTA,Mexico,13,1442
2026M03,QUEBEC,Canada,TULUM,Mexico,9,1507
2026M03,QUERETARO,Mexico,ATLANTA,Estados Unidos,31,2598
2026M03,QUERETARO,Mexico,CHICAGO,Estados Unidos,8,1324
2026M03,QUERETARO,Mexico,DALLAS-FORT WORTH,Estados Unidos,70,10463
2026M03,QUERETARO,Mexico,DENVER,Estados Unidos,0,0
2026M03,QUERETARO,Mexico,DETROIT,Estados Unidos,20,1273
2026M03,QUERETARO,Mexico,HOUSTON,Estados Unidos,102,9468
2026M03,QUERETARO,Mexico,LOS ANGELES,Estados Unidos,14,1537
2026M03,QUERETARO,Mexico,MADRID,España,4,1489
2026M03,QUERETARO,Mexico,MEMPHIS,Estados Unidos,22,0
2026M03,QUERETARO,Mexico,ORLANDO,Estados Unidos,0,0
2026M03,QUERETARO,Mexico,SAN ANTONIO,Estados Unidos,39,1752
2026M03,QUITO,Ecuador,MEXICO,Mexico,5,378
2026M03,QUITO,Ecuador,SANTA LUCÍA,Mexico,11,0
2026M03,RALEIGH/DURHAM,Estados Unidos,CANCUN,Mexico,29,3377
2026M03,RALEIGH/DURHAM,Estados Unidos,MEXICO,Mexico,23,1624
2026M03,"REGINA, Canada",Canada,CANCUN,Mexico,27,3378
2026M03,"REGINA, Canada",Canada,MAZATLAN,Mexico,4,625
2026M03,"REGINA, Canada",Canada,PUERTO VALLARTA,Mexico,21,2368
2026M03,RENO,Estados Unidos,GUADALAJARA,Mexico,22,2736
2026M03,ROMA,Italia,CANCUN,Mexico,4,1295
2026M03,ROMA,Italia,MEXICO,Mexico,18,3449
2026M03,SACRAMENTO,Estados Unidos,DEL BAJIO,Mexico,9,1042
2026M03,SACRAMENTO,Estados Unidos,GUADALAJARA,Mexico,80,10646
2026M03,SACRAMENTO,Estados Unidos,MEXICO,Mexico,12,1455
2026M03,SACRAMENTO,Estados Unidos,MORELIA,Mexico,18,1635
2026M03,SACRAMENTO,Estados Unidos,PUERTO VALLARTA,Mexico,6,667
2026M03,SACRAMENTO,Estados Unidos,SAN JOSÉ DEL CABO,Mexico,25,2922
2026M03,SALT LAKE CITY,Estados Unidos,CANCUN,Mexico,60,8796
2026M03,SALT LAKE CITY,Estados Unidos,GUADALAJARA,Mexico,31,3458
2026M03,SALT LAKE CITY,Estados Unidos,MEXICO,Mexico,31,3330
2026M03,SALT LAKE CITY,Estados Unidos,MONTERREY,Mexico,0,0
2026M03,SALT LAKE CITY,Estados Unidos,PUERTO VALLARTA,Mexico,31,3381
2026M03,SALT LAKE CITY,Estados Unidos,SAN JOSÉ DEL CABO,Mexico,62,8256
2026M03,SAN ANTONIO,Estados Unidos,CANCUN,Mexico,4,369
2026M03,SAN ANTONIO,Estados Unidos,DEL BAJIO,Mexico,9,709
2026M03,SAN ANTONIO,Estados Unidos,GUADALAJARA,Mexico,74,5982
2026M03,SAN ANTONIO,Estados Unidos,MEXICO,Mexico,93,11301
2026M03,SAN ANTONIO,Estados Unidos,MONTERREY,Mexico,47,5370
2026M03,SAN ANTONIO,Estados Unidos,MORELIA,Mexico,13,594
2026M03,SAN ANTONIO,Estados Unidos,QUERETARO,Mexico,12,1359
2026M03,SAN ANTONIO,Estados Unidos,SAN LUIS POTOSI,Mexico,13,915
2026M03,SAN ANTONIO,Estados Unidos,TORREON,Mexico,0,0
2026M03,SAN DIEGO,Estados Unidos,PUERTO VALLARTA,Mexico,35,3238
2026M03,SAN DIEGO,Estados Unidos,SAN JOSÉ DEL CABO,Mexico,65,7846
2026M03,SAN FRANCISCO,Estados Unidos,CANCUN,Mexico,67,9279
2026M03,SAN FRANCISCO,Estados Unidos,GUADALAJARA,Mexico,23,2582
2026M03,SAN FRANCISCO,Estados Unidos,IXTAPA ZIHUATANEJO,Mexico,4,586
2026M03,SAN FRANCISCO,Estados Unidos,LORETO,Mexico,4,519
2026M03,SAN FRANCISCO,Estados Unidos,MEXICO,Mexico,155,18661
2026M03,SAN FRANCISCO,Estados Unidos,MONTERREY,Mexico,31,1730
2026M03,SAN FRANCISCO,Estados Unidos,PUERTO VALLARTA,Mexico,66,7441
2026M03,SAN FRANCISCO,Estados Unidos,SAN JOSÉ DEL CABO,Mexico,95,12185
2026M03,"SAN JOSE, CALIFORNIA",Estados Unidos,DEL BAJIO,Mexico,9,940
2026M03,"SAN JOSE, CALIFORNIA",Estados Unidos,GUADALAJARA,Mexico,62,8091
2026M03,"SAN JOSE, CALIFORNIA",Estados Unidos,MORELIA,Mexico,17,2194
2026M03,"SAN JOSE, CALIFORNIA",Estados Unidos,PUERTO VALLARTA,Mexico,17,843
2026M03,"SAN JOSE, CALIFORNIA",Estados Unidos,SAN JOSÉ DEL CABO,Mexico,16,1897
2026M03,"SAN JOSE, CALIFORNIA",Estados Unidos,ZACATECAS,Mexico,9,789
2026M03,"SAN JOSE, COSTA RICA",Costa Rica,CANCUN,Mexico,62,7304
2026M03,"SAN JOSE, COSTA RICA",Costa Rica,GUADALAJARA,Mexico,17,1579
2026M03,"SAN JOSE, COSTA RICA",Costa Rica,MEXICO,Mexico,124,15991
2026M03,"SAN JOSE, COSTA RICA",Costa Rica,MONTERREY,Mexico,2,202
2026M03,SAN JOSÉ DEL CABO,Mexico,ATLANTA,Estados Unidos,69,9077
2026M03,SAN JOSÉ DEL CABO,Mexico,AUSTIN,Estados Unidos,51,3216
2026M03,SAN JOSÉ DEL CABO,Mexico,BALTIMORE,Estados Unidos,4,374
2026M03,SAN JOSÉ DEL CABO,Mexico,CALGARY,Canada,37,7357
2026M03,SAN JOSÉ DEL CABO,Mexico,CHARLOTTE,Estados Unidos,21,3307
2026M03,SAN JOSÉ DEL CABO,Mexico,CHICAGO,Estados Unidos,141,17319
2026M03,SAN JOSÉ DEL CABO,Mexico,DALLAS-FORT WORTH,Estados Unidos,152,21556
2026M03,SAN JOSÉ DEL CABO,Mexico,DENVER,Estados Unidos,126,15940
2026M03,SAN JOSÉ DEL CABO,Mexico,DETROIT,Estados Unidos,35,4776
2026M03,SAN JOSÉ DEL CABO,Mexico,EDMONTON,Canada,15,2145
2026M03,SAN JOSÉ DEL CABO,Mexico,FRANKFURT,Alemania,9,2311
2026M03,SAN JOSÉ DEL CABO,Mexico,HOUSTON,Estados Unidos,151,14183
2026M03,SAN JOSÉ DEL CABO,Mexico,INDIANAPOLIS,Estados Unidos,4,318
2026M03,SAN JOSÉ DEL CABO,Mexico,KANSAS CITY,Estados Unidos,21,2101
2026M03,SAN JOSÉ DEL CABO,Mexico,KELOWNA,Canada,8,1266
2026M03,SAN JOSÉ DEL CABO,Mexico,LAS VEGAS,Estados Unidos,26,1727
2026M03,SAN JOSÉ DEL CABO,Mexico,LOS ANGELES,Estados Unidos,180,22029
2026M03,SAN JOSÉ DEL CABO,Mexico,MINNEAPOLIS,Estados Unidos,77,11322
2026M03,SAN JOSÉ DEL CABO,Mexico,MONTREAL,Canada,7,1022
2026M03,SAN JOSÉ DEL CABO,Mexico,NASHVILLE,Estados Unidos,4,396
2026M03,SAN JOSÉ DEL CABO,Mexico,NEWARK,Estados Unidos,28,3969
2026M03,SAN JOSÉ DEL CABO,Mexico,NUEVA YORK,Estados Unidos,30,4407
2026M03,SAN JOSÉ DEL CABO,Mexico,OAKLAND,Estados Unidos,35,2599
2026M03,SAN JOSÉ DEL CABO,Mexico,ONTARIO,Estados Unidos,31,1710
2026M03,SAN JOSÉ DEL CABO,Mexico,PANAMA,Panama,13,1555
2026M03,SAN JOSÉ DEL CABO,Mexico,PHOENIX,Estados Unidos,146,17564
2026M03,SAN JOSÉ DEL CABO,Mexico,"PORTLAND, OREGON",Estados Unidos,38,5144
2026M03,SAN JOSÉ DEL CABO,Mexico,SACRAMENTO,Estados Unidos,26,2865
2026M03,SAN JOSÉ DEL CABO,Mexico,SALT LAKE CITY,Estados Unidos,62,8536
2026M03,SAN JOSÉ DEL CABO,Mexico,SAN DIEGO,Estados Unidos,65,7064
2026M03,SAN JOSÉ DEL CABO,Mexico,SAN FRANCISCO,Estados Unidos,94,11647
2026M03,SAN JOSÉ DEL CABO,Mexico,"SAN JOSE, CALIFORNIA",Estados Unidos,16,2039
2026M03,SAN JOSÉ DEL CABO,Mexico,"SANTA ANA, CALIFORNIA",Estados Unidos,31,2354
2026M03,SAN JOSÉ DEL CABO,Mexico,SEATTLE,Estados Unidos,91,11901
2026M03,SAN JOSÉ DEL CABO,Mexico,ST. LOUIS,Estados Unidos,4,469
2026M03,SAN JOSÉ DEL CABO,Mexico,TORONTO,Canada,35,5744
2026M03,SAN JOSÉ DEL CABO,Mexico,VANCOUVER,Canada,62,9820
2026M03,SAN JOSÉ DEL CABO,Mexico,"VICTORIA, COLUMBIA",Canada,5,831
2026M03,SAN JOSÉ DEL CABO,Mexico,WINNIPEG,Canada,4,672
2026M03,SAN LUIS POTOSI,Mexico,ATLANTA,Estados Unidos,23,1707
2026M03,SAN LUIS POTOSI,Mexico,CHICAGO,Estados Unidos,0,0
2026M03,SAN LUIS POTOSI,Mexico,DALLAS-FORT WORTH,Estados Unidos,49,5739
2026M03,SAN LUIS POTOSI,Mexico,HOUSTON,Estados Unidos,66,4771
2026M03,SAN LUIS POTOSI,Mexico,SAN ANTONIO,Estados Unidos,13,978
2026M03,SAN PEDRO SULA,Honduras,MEXICO,Mexico,18,1284
2026M03,SAN SALVADOR,El Salvador,MEXICO,Mexico,83,10159
2026M03,"SANTA ANA, CALIFORNIA",Estados Unidos,PUERTO VALLARTA,Mexico,7,347
2026M03,"SANTA ANA, CALIFORNIA",Estados Unidos,SAN JOSÉ DEL CABO,Mexico,31,2746
2026M03,SANTA LUCÍA,Mexico,BOGOTA,Colombia,72,6701
2026M03,SANTA LUCÍA,Mexico,CAMPINAS,Brasil,7,0
2026M03,SANTA LUCÍA,Mexico,CARACAS,Venezuela,5,843
2026M03,SANTA LUCÍA,Mexico,CARTAGENA DE INDIAS,Colombia,0,0
2026M03,SANTA LUCÍA,Mexico,CHICAGO,Estados Unidos,0,0
2026M03,SANTA LUCÍA,Mexico,DOHA,Qatar,2,0
2026M03,SANTA LUCÍA,Mexico,ESTAMBUL (ARNAVUTKOY),Turquia,7,0
2026M03,SANTA LUCÍA,Mexico,FRANKFURT,Alemania,30,0
2026M03,SANTA LUCÍA,Mexico,GUATEMALA,Guatemala,17,0
2026M03,SANTA LUCÍA,Mexico,HONG KONG,HONG KONG,27,0
2026M03,SANTA LUCÍA,Mexico,HOUSTON,Estados Unidos,3,0
2026M03,SANTA LUCÍA,Mexico,JEBEL ALI,Emiratos Arabes,5,0
2026M03,SANTA LUCÍA,Mexico,LA HABANA,Cuba,13,916
2026M03,SANTA LUCÍA,Mexico,LIMA,Peru,4,0
2026M03,SANTA LUCÍA,Mexico,LOS ANGELES,Estados Unidos,33,0
2026M03,SANTA LUCÍA,Mexico,"LOUISVILLE, KENTUCKY",Estados Unidos,22,0
2026M03,SANTA LUCÍA,Mexico,LUXEMBURGO,Luxemburgo,24,0
2026M03,SANTA LUCÍA,Mexico,MEDELLIN,Colombia,0,0
2026M03,SANTA LUCÍA,Mexico,MIAMI,Estados Unidos,3,0
2026M03,SANTA LUCÍA,Mexico,MONTREAL,Canada,0,0
2026M03,SANTA LUCÍA,Mexico,PANAMA,Panama,4,0
2026M03,SANTA LUCÍA,Mexico,PARIS,Francia,10,0
2026M03,SANTA LUCÍA,Mexico,PUNTA CANA,Republica Dominicana,25,3252
2026M03,SANTA LUCÍA,Mexico,QUITO,Ecuador,12,0
2026M03,SANTA LUCÍA,Mexico,SAN ANTONIO,Estados Unidos,16,200
2026M03,SANTA LUCÍA,Mexico,"SAN JOSE, COSTA RICA",Costa Rica,1,0
2026M03,SANTA LUCÍA,Mexico,SAN PEDRO SULA,Honduras,0,0
2026M03,SANTA LUCÍA,Mexico,SANTIAGO DE CHILE,Chile,3,0
2026M03,SANTA LUCÍA,Mexico,"SANTO DOMINGO,REP DOM",Republica Dominicana,15,2036
2026M03,SANTA LUCÍA,Mexico,SHANGHAI,China,25,0
2026M03,SANTA LUCÍA,Mexico,SHENZHEN,China,7,0
2026M03,SANTA LUCÍA,Mexico,Seoul,COREA DEL SUR,0,0
2026M03,SANTA LUCÍA,Mexico,TORONTO,Canada,23,0
2026M03,SANTA LUCÍA,Mexico,"VALENCIA, Venezuela",Venezuela,0,0
2026M03,SANTA LUCÍA,Mexico,VANCOUVER,Canada,0,0
2026M03,SANTA LUCÍA,Mexico,WUXI,China,13,0
2026M03,SANTIAGO DE CHILE,Chile,CANCUN,Mexico,9,1923
2026M03,SANTIAGO DE CHILE,Chile,MEXICO,Mexico,51,7776
2026M03,SANTIAGO DE CHILE,Chile,SANTA LUCÍA,Mexico,2,0
2026M03,"SANTO DOMINGO,REP DOM",Republica Dominicana,MEXICO,Mexico,31,3664
2026M03,"SANTO DOMINGO,REP DOM",Republica Dominicana,SANTA LUCÍA,Mexico,15,1592
2026M03,SAO PAULO,Brasil,MEXICO,Mexico,62,12365
2026M03,SASKATOON,Canada,CANCUN,Mexico,19,2791
2026M03,SASKATOON,Canada,PUERTO VALLARTA,Mexico,17,2036
2026M03,SEATTLE,Estados Unidos,CANCUN,Mexico,62,8670
2026M03,SEATTLE,Estados Unidos,GUADALAJARA,Mexico,49,6049
2026M03,SEATTLE,Estados Unidos,MEXICO,Mexico,31,4123
2026M03,SEATTLE,Estados Unidos,PUERTO VALLARTA,Mexico,56,5984
2026M03,SEATTLE,Estados Unidos,SAN JOSÉ DEL CABO,Mexico,92,11375
2026M03,SHANGHAI,China,SANTA LUCÍA,Mexico,32,0
2026M03,SHENZHEN,China,MEXICO,Mexico,14,2390
2026M03,SHENZHEN,China,SANTA LUCÍA,Mexico,8,0
2026M03,ST. JOHN'S,Canada,CANCUN,Mexico,2,355
2026M03,ST. LOUIS,Estados Unidos,CANCUN,Mexico,70,9865
2026M03,ST. LOUIS,Estados Unidos,PUERTO VALLARTA,Mexico,5,340
2026M03,ST. LOUIS,Estados Unidos,SAN JOSÉ DEL CABO,Mexico,4,464
2026M03,Seoul,COREA DEL SUR,GUADALAJARA,Mexico,12,0
2026M03,Seoul,COREA DEL SUR,MEXICO,Mexico,23,5581
2026M03,Seoul,COREA DEL SUR,SANTA LUCÍA,Mexico,0,0
2026M03,TAMPA,Estados Unidos,CANCUN,Mexico,31,3299
2026M03,TAMPA,Estados Unidos,MEXICO,Mexico,27,3584
2026M03,TAMPICO,Mexico,DALLAS-FORT WORTH,Estados Unidos,31,1477
2026M03,TAMPICO,Mexico,HOUSTON,Estados Unidos,30,1421
2026M03,TEPIC,Mexico,CALGARY,Canada,4,299
2026M03,TEPIC,Mexico,HOUSTON,Estados Unidos,4,103
2026M03,TEPIC,Mexico,LOS ANGELES,Estados Unidos,13,1534
2026M03,THUNDER BAY,Canada,CANCUN,Mexico,5,840
2026M03,TIJUANA,Mexico,PHOENIX,Estados Unidos,22,778
2026M03,TOKYO,Japon,MEXICO,Mexico,62,12338
2026M03,TOLUCA,Mexico,MEMPHIS,Estados Unidos,21,0
2026M03,TORONTO,Canada,CANCUN,Mexico,523,90101
2026M03,TORONTO,Canada,COZUMEL,Mexico,20,2756
2026M03,TORONTO,Canada,GUADALAJARA,Mexico,25,2023
2026M03,TORONTO,Canada,HUATULCO,Mexico,16,2054
2026M03,TORONTO,Canada,IXTAPA ZIHUATANEJO,Mexico,4,340
2026M03,TORONTO,Canada,MAZATLAN,Mexico,5,866
2026M03,TORONTO,Canada,MERIDA,Mexico,14,1633
2026M03,TORONTO,Canada,MEXICO,Mexico,106,11094
2026M03,TORONTO,Canada,MONTERREY,Mexico,0,0
2026M03,TORONTO,Canada,PUERTO ESCONDIDO,Mexico,4,446
2026M03,TORONTO,Canada,PUERTO VALLARTA,Mexico,115,11319
2026M03,TORONTO,Canada,SAN JOSÉ DEL CABO,Mexico,35,4980
2026M03,TORONTO,Canada,SANTA LUCÍA,Mexico,25,0
2026M03,TORONTO,Canada,TULUM,Mexico,31,4555
2026M03,TORREON,Mexico,DALLAS-FORT WORTH,Estados Unidos,31,1894
2026M03,TORREON,Mexico,SAN ANTONIO,Estados Unidos,0,0
2026M03,TULSA,Estados Unidos,CANCUN,Mexico,0,0
2026M03,TULUM,Mexico,ATLANTA,Estados Unidos,30,3892
2026M03,TULUM,Mexico,CALGARY,Canada,8,1247
2026M03,TULUM,Mexico,DALLAS-FORT WORTH,Estados Unidos,30,3662
2026M03,TULUM,Mexico,HOUSTON,Estados Unidos,26,2617
2026M03,TULUM,Mexico,MIAMI,Estados Unidos,22,2315
2026M03,TULUM,Mexico,MONTREAL,Canada,43,7000
2026M03,TULUM,Mexico,NEWARK,Estados Unidos,0,0
2026M03,TULUM,Mexico,NUEVA YORK,Estados Unidos,11,1107
2026M03,TULUM,Mexico,QUEBEC,Canada,9,1593
2026M03,TULUM,Mexico,TORONTO,Canada,31,4945
2026M03,URUAPAN,Mexico,LOS ANGELES,Estados Unidos,9,976
2026M03,"VALENCIA, Venezuela",Venezuela,CANCUN,Mexico,0,0
2026M03,"VALENCIA, Venezuela",Venezuela,SANTA LUCÍA,Mexico,0,0
2026M03,VANCOUVER,Canada,CANCUN,Mexico,171,24857
2026M03,VANCOUVER,Canada,GUADALAJARA,Mexico,22,2003
2026M03,VANCOUVER,Canada,HUATULCO,Mexico,22,2816
2026M03,VANCOUVER,Canada,IXTAPA ZIHUATANEJO,Mexico,13,1268
2026M03,VANCOUVER,Canada,MAZATLAN,Mexico,18,2130
2026M03,VANCOUVER,Canada,MEXICO,Mexico,107,12611
2026M03,VANCOUVER,Canada,PUERTO VALLARTA,Mexico,132,15680
2026M03,VANCOUVER,Canada,SAN JOSÉ DEL CABO,Mexico,62,8798
2026M03,VERACRUZ,Mexico,DALLAS-FORT WORTH,Estados Unidos,60,2080
2026M03,VERACRUZ,Mexico,HOUSTON,Estados Unidos,31,2773
2026M03,"VICTORIA, COLUMBIA",Canada,CANCUN,Mexico,13,2037
2026M03,"VICTORIA, COLUMBIA",Canada,PUERTO VALLARTA,Mexico,13,1859
2026M03,"VICTORIA, COLUMBIA",Canada,SAN JOSÉ DEL CABO,Mexico,5,746
2026M03,WASHINGTON,Estados Unidos,CANCUN,Mexico,62,8478
2026M03,WASHINGTON,Estados Unidos,MEXICO,Mexico,62,6072
2026M03,WINDSOR,Canada,CANCUN,Mexico,5,843
2026M03,WINNIPEG,Canada,CANCUN,Mexico,66,10112
2026M03,WINNIPEG,Canada,HUATULCO,Mexico,9,1246
2026M03,WINNIPEG,Canada,MAZATLAN,Mexico,8,1275
2026M03,WINNIPEG,Canada,PUERTO VALLARTA,Mexico,44,5782
2026M03,WINNIPEG,Canada,SAN JOSÉ DEL CABO,Mexico,4,570
2026M03,WUXI,China,SANTA LUCÍA,Mexico,14,0
2026M03,ZACATECAS,Mexico,CHICAGO,Estados Unidos,17,2359
2026M03,ZACATECAS,Mexico,DALLAS-FORT WORTH,Estados Unidos,31,1528
2026M03,ZACATECAS,Mexico,LOS ANGELES,Estados Unidos,18,2323
2026M03,ZACATECAS,Mexico,OAKLAND,Estados Unidos,13,647
2026M03,ZACATECAS,Mexico,"SAN JOSE, CALIFORNIA",Estados Unidos,9,751
2026M03,"ZARAGOZA, ES",España,SANTA LUCÍA,Mexico,14,0
2026M03,ZURICH,Suiza,CANCUN,Mexico,10,2885
2026M04,ABBOTSFORD,Canada,PUERTO VALLARTA,Mexico,1,44
2026M04,ACAPULCO,Mexico,DALLAS-FORT WORTH,Estados Unidos,9,588
2026M04,ACAPULCO,Mexico,HOUSTON,Estados Unidos,4,264
2026M04,ACAPULCO,Mexico,MONTREAL,Canada,4,694
2026M04,AGUASCALIENTES,Mexico,CHICAGO,Estados Unidos,19,3077
2026M04,AGUASCALIENTES,Mexico,DALLAS-FORT WORTH,Estados Unidos,60,3378
2026M04,AGUASCALIENTES,Mexico,HOUSTON,Estados Unidos,60,3386
2026M04,AGUASCALIENTES,Mexico,LOS ANGELES,Estados Unidos,19,2942
2026M04,AMSTERDAM,Paises Bajos,CANCUN,Mexico,8,1980
2026M04,AMSTERDAM,Paises Bajos,MEXICO,Mexico,59,14160
2026M04,ATLANTA,Estados Unidos,CANCUN,Mexico,203,31336
2026M04,ATLANTA,Estados Unidos,COZUMEL,Mexico,14,1318
2026M04,ATLANTA,Estados Unidos,DEL BAJIO,Mexico,29,1772
2026M04,ATLANTA,Estados Unidos,GUADALAJARA,Mexico,30,4670
2026M04,ATLANTA,Estados Unidos,MEXICO,Mexico,138,18231
2026M04,ATLANTA,Estados Unidos,MONTERREY,Mexico,60,5422
2026M04,ATLANTA,Estados Unidos,PUERTO VALLARTA,Mexico,32,3888
2026M04,ATLANTA,Estados Unidos,QUERETARO,Mexico,30,2431
2026M04,ATLANTA,Estados Unidos,SAN JOSÉ DEL CABO,Mexico,64,8754
2026M04,ATLANTA,Estados Unidos,SAN LUIS POTOSI,Mexico,30,1813
2026M04,ATLANTA,Estados Unidos,TULUM,Mexico,30,3955
2026M04,AUSTIN,Estados Unidos,CANCUN,Mexico,43,5036
2026M04,AUSTIN,Estados Unidos,MEXICO,Mexico,30,4142
2026M04,AUSTIN,Estados Unidos,MONTERREY,Mexico,18,2131
2026M04,AUSTIN,Estados Unidos,PUERTO VALLARTA,Mexico,0,0
2026M04,AUSTIN,Estados Unidos,SAN JOSÉ DEL CABO,Mexico,17,749
2026M04,BALTIMORE,Estados Unidos,CANCUN,Mexico,93,9937
2026M04,BALTIMORE,Estados Unidos,SAN JOSÉ DEL CABO,Mexico,1,51
2026M04,"BARCELONA, España",España,CANCUN,Mexico,0,0
2026M04,"BARCELONA, España",España,MEXICO,Mexico,55,10530
2026M04,BELFAST,Reino Unido,CANCUN,Mexico,0,0
2026M04,BELICE,Belice,CANCUN,Mexico,30,306
2026M04,"BIRMINGHAM, INGLATERRA",Reino Unido,CANCUN,Mexico,9,2976
2026M04,BOGOTA,Colombia,CANCUN,Mexico,110,14346
2026M04,BOGOTA,Colombia,GUADALAJARA,Mexico,19,2935
2026M04,BOGOTA,Colombia,MEXICO,Mexico,210,31994
2026M04,BOGOTA,Colombia,MONTERREY,Mexico,30,4081
2026M04,BOGOTA,Colombia,SANTA LUCÍA,Mexico,49,6063
2026M04,BOSTON,Estados Unidos,CANCUN,Mexico,102,15412
2026M04,BOSTON,Estados Unidos,MEXICO,Mexico,30,3861
2026M04,BRASILIA,Brasil,CANCUN,Mexico,0,0
2026M04,BROWNSVILLE,Estados Unidos,MONTERREY,Mexico,30,123
2026M04,BUENOS AIRES,Argentina,CANCUN,Mexico,18,3978
2026M04,BUENOS AIRES,Argentina,MEXICO,Mexico,30,7039
2026M04,CALGARY,Canada,CANCUN,Mexico,67,12448
2026M04,CALGARY,Canada,COZUMEL,Mexico,2,139
2026M04,CALGARY,Canada,GUADALAJARA,Mexico,5,406
2026M04,CALGARY,Canada,HUATULCO,Mexico,18,1709
2026M04,CALGARY,Canada,IXTAPA ZIHUATANEJO,Mexico,13,935
2026M04,CALGARY,Canada,LORETO,Mexico,7,429
2026M04,CALGARY,Canada,MANZANILLO,Mexico,9,371
2026M04,CALGARY,Canada,MAZATLAN,Mexico,18,1490
2026M04,CALGARY,Canada,MEXICO,Mexico,17,1672
2026M04,CALGARY,Canada,PUERTO ESCONDIDO,Mexico,4,398
2026M04,CALGARY,Canada,PUERTO VALLARTA,Mexico,70,9530
2026M04,CALGARY,Canada,SAN JOSÉ DEL CABO,Mexico,34,5063
2026M04,CALGARY,Canada,TEPIC,Mexico,4,94
2026M04,CALGARY,Canada,TULUM,Mexico,7,903
2026M04,CALI,Colombia,MEXICO,Mexico,16,1932
2026M04,CAMAGUEY,Cuba,CANCUN,Mexico,5,548
2026M04,CAMPINAS,Brasil,SANTA LUCÍA,Mexico,8,0
2026M04,CANCUN,Mexico,AMSTERDAM,Paises Bajos,8,1997
2026M04,CANCUN,Mexico,ATLANTA,Estados Unidos,201,33709
2026M04,CANCUN,Mexico,AUSTIN,Estados Unidos,43,5443
2026M04,CANCUN,Mexico,BALTIMORE,Estados Unidos,92,11515
2026M04,CANCUN,Mexico,"BARCELONA, España",España,0,0
2026M04,CANCUN,Mexico,BELFAST,Reino Unido,0,0
2026M04,CANCUN,Mexico,BELICE,Belice,30,243
2026M04,CANCUN,Mexico,"BIRMINGHAM, INGLATERRA",Reino Unido,9,3002
2026M04,CANCUN,Mexico,BOGOTA,Colombia,110,14664
2026M04,CANCUN,Mexico,BOSTON,Estados Unidos,101,15367
2026M04,CANCUN,Mexico,BRASILIA,Brasil,0,0
2026M04,CANCUN,Mexico,BUENOS AIRES,Argentina,18,4105
2026M04,CANCUN,Mexico,CALGARY,Canada,67,13637
2026M04,CANCUN,Mexico,CAMAGUEY,Cuba,5,441
2026M04,CANCUN,Mexico,CARACAS,Venezuela,4,309
2026M04,CANCUN,Mexico,CHARLOTTE,Estados Unidos,118,19115
2026M04,CANCUN,Mexico,CHARLOTTETOWN,Canada,4,685
2026M04,CANCUN,Mexico,CHICAGO,Estados Unidos,273,45190
2026M04,CANCUN,Mexico,CLEVELAND,Estados Unidos,26,3538
2026M04,CANCUN,Mexico,COLORADO SPRINGS,Estados Unidos,1,53
2026M04,CANCUN,Mexico,"COLUMBUS, Ohio",Estados Unidos,8,991
2026M04,CANCUN,Mexico,COVINGTON,Estados Unidos,10,1397
2026M04,CANCUN,Mexico,"Cardiff, Glamorgan",Reino Unido,2,575
2026M04,CANCUN,Mexico,"Charleston, Sur de Carolina",Estados Unidos,4,310
2026M04,CANCUN,Mexico,DALLAS-FORT WORTH,Estados Unidos,268,41933
2026M04,CANCUN,Mexico,DENVER,Estados Unidos,117,18240
2026M04,CANCUN,Mexico,DETROIT,Estados Unidos,60,10182
2026M04,CANCUN,Mexico,DUBLIN,Irlanda,0,0
2026M04,CANCUN,Mexico,EDMONTON,Canada,73,12254
2026M04,CANCUN,Mexico,ESTAMBUL (ARNAVUTKOY),Turquia,37,5641
2026M04,CANCUN,Mexico,FORT LAUDERDALE,Estados Unidos,88,11069
2026M04,CANCUN,Mexico,FRANKFURT,Alemania,29,8866
2026M04,CANCUN,Mexico,"Fredericton, Canada",Canada,11,1957
2026M04,CANCUN,Mexico,"GANDER, Canadá",Canada,4,679
2026M04,CANCUN,Mexico,GLASGOW,Reino Unido,0,0
2026M04,CANCUN,Mexico,GUATEMALA,Guatemala,30,2957
2026M04,CANCUN,Mexico,HALIFAX,Canada,39,7002
2026M04,CANCUN,Mexico,HAMILTON,Canada,17,1921
2026M04,CANCUN,Mexico,HARLINGEN TEXAS,Estados Unidos,0,0
2026M04,CANCUN,Mexico,HOUSTON,Estados Unidos,271,33362
2026M04,CANCUN,Mexico,INDIANAPOLIS,Estados Unidos,7,1059
2026M04,CANCUN,Mexico,KANSAS CITY,Estados Unidos,34,4391
2026M04,CANCUN,Mexico,KELOWNA,Canada,19,2781
2026M04,CANCUN,Mexico,KITCHENER,Canada,1,123
2026M04,CANCUN,Mexico,LA HABANA,Cuba,30,3582
2026M04,CANCUN,Mexico,LAS VEGAS,Estados Unidos,0,0
2026M04,CANCUN,Mexico,LIMA,Peru,73,11141
2026M04,CANCUN,Mexico,LISBON,Portugal,4,1433
2026M04,CANCUN,Mexico,"LONDON, ONTARIO",Canada,7,1128
2026M04,CANCUN,Mexico,LONDRES,Reino Unido,47,15061
2026M04,CANCUN,Mexico,LOS ANGELES,Estados Unidos,129,20121
2026M04,CANCUN,Mexico,MADRID,España,37,13899
2026M04,CANCUN,Mexico,MANCHESTER,Reino Unido,23,6580
2026M04,CANCUN,Mexico,MEDELLIN,Colombia,30,3763
2026M04,CANCUN,Mexico,MIAMI,Estados Unidos,151,19505
2026M04,CANCUN,Mexico,MILAN,Italia,4,1344
2026M04,CANCUN,Mexico,MILWAUKEE,Estados Unidos,8,1204
2026M04,CANCUN,Mexico,MINNEAPOLIS,Estados Unidos,156,26167
2026M04,CANCUN,Mexico,MONCTON,Canada,13,2330
2026M04,CANCUN,Mexico,MONTREAL,Canada,175,41083
2026M04,CANCUN,Mexico,NASHVILLE,Estados Unidos,34,4492
2026M04,CANCUN,Mexico,NEWARK,Estados Unidos,148,22221
2026M04,CANCUN,Mexico,NEWCASTLE,Reino Unido,1,294
2026M04,CANCUN,Mexico,NORFOLK,Estados Unidos,4,309
2026M04,CANCUN,Mexico,NUEVA ORLEANS,Estados Unidos,12,910
2026M04,CANCUN,Mexico,NUEVA YORK,Estados Unidos,218,33564
2026M04,CANCUN,Mexico,ORLANDO,Estados Unidos,77,9352
2026M04,CANCUN,Mexico,OTTAWA,Canada,38,5998
2026M04,CANCUN,Mexico,PANAMA,Panama,180,25529
2026M04,CANCUN,Mexico,PARIS,Francia,26,10599
2026M04,CANCUN,Mexico,PHILADELPHIA,Estados Unidos,105,18479
2026M04,CANCUN,Mexico,PHOENIX,Estados Unidos,65,9477
2026M04,CANCUN,Mexico,PITTSBURGH,Estados Unidos,0,0
2026M04,CANCUN,Mexico,"PORTLAND, OREGON",Estados Unidos,3,433
2026M04,CANCUN,Mexico,PUNTA CANA,Republica Dominicana,30,3546
2026M04,CANCUN,Mexico,"Providence, Rhode Island",Estados Unidos,4,271
2026M04,CANCUN,Mexico,QUEBEC,Canada,46,8460
2026M04,CANCUN,Mexico,RALEIGH/DURHAM,Estados Unidos,15,1956
2026M04,CANCUN,Mexico,"REGINA, Canada",Canada,18,2845
2026M04,CANCUN,Mexico,ROMA,Italia,5,1671
2026M04,CANCUN,Mexico,SALT LAKE CITY,Estados Unidos,42,6907
2026M04,CANCUN,Mexico,SAN ANTONIO,Estados Unidos,1,65
2026M04,CANCUN,Mexico,SAN FRANCISCO,Estados Unidos,60,9498
2026M04,CANCUN,Mexico,"SAN JOSE, COSTA RICA",Costa Rica,59,5979
2026M04,CANCUN,Mexico,SANTIAGO DE CHILE,Chile,4,887
2026M04,CANCUN,Mexico,SASKATOON,Canada,10,1615
2026M04,CANCUN,Mexico,SEATTLE,Estados Unidos,59,9672
2026M04,CANCUN,Mexico,ST. JOHN'S,Canada,4,709
2026M04,CANCUN,Mexico,ST. LOUIS,Estados Unidos,65,9229
2026M04,CANCUN,Mexico,TAMPA,Estados Unidos,30,3329
2026M04,CANCUN,Mexico,THUNDER BAY,Canada,1,168
2026M04,CANCUN,Mexico,TORONTO,Canada,436,86806
2026M04,CANCUN,Mexico,TULSA,Estados Unidos,0,0
2026M04,CANCUN,Mexico,"VALENCIA, Venezuela",Venezuela,0,0
2026M04,CANCUN,Mexico,VANCOUVER,Canada,117,17931
2026M04,CANCUN,Mexico,"VICTORIA, COLUMBIA",Canada,11,1737
2026M04,CANCUN,Mexico,WASHINGTON,Estados Unidos,60,9868
2026M04,CANCUN,Mexico,WINDSOR,Canada,1,147
2026M04,CANCUN,Mexico,WINNIPEG,Canada,41,6913
2026M04,CANCUN,Mexico,ZURICH,Suiza,13,3767
2026M04,CARACAS,Venezuela,CANCUN,Mexico,4,297
2026M04,CARACAS,Venezuela,SANTA LUCÍA,Mexico,4,953
2026M04,CARTAGENA DE INDIAS,Colombia,MEXICO,Mexico,30,4569
2026M04,CARTAGENA DE INDIAS,Colombia,SANTA LUCÍA,Mexico,0,0
2026M04,CHARLOTTE,Estados Unidos,CANCUN,Mexico,118,17694
2026M04,CHARLOTTE,Estados Unidos,COZUMEL,Mexico,4,483
2026M04,CHARLOTTE,Estados Unidos,GUADALAJARA,Mexico,8,1243
2026M04,CHARLOTTE,Estados Unidos,MEXICO,Mexico,30,4049
2026M04,CHARLOTTE,Estados Unidos,SAN JOSÉ DEL CABO,Mexico,8,1122
2026M04,CHARLOTTETOWN,Canada,CANCUN,Mexico,3,489
2026M04,CHICAGO,Estados Unidos,AGUASCALIENTES,Mexico,19,2274
2026M04,CHICAGO,Estados Unidos,CANCUN,Mexico,273,38819
2026M04,CHICAGO,Estados Unidos,COZUMEL,Mexico,1,111
2026M04,CHICAGO,Estados Unidos,DEL BAJIO,Mexico,30,3931
2026M04,CHICAGO,Estados Unidos,DURANGO,Mexico,13,1434
2026M04,CHICAGO,Estados Unidos,GUADALAJARA,Mexico,127,17695
2026M04,CHICAGO,Estados Unidos,IXTAPA ZIHUATANEJO,Mexico,0,0
2026M04,CHICAGO,Estados Unidos,MEXICO,Mexico,209,30459
2026M04,CHICAGO,Estados Unidos,MONTERREY,Mexico,47,3934
2026M04,CHICAGO,Estados Unidos,MORELIA,Mexico,60,7745
2026M04,CHICAGO,Estados Unidos,PUERTO VALLARTA,Mexico,56,5477
2026M04,CHICAGO,Estados Unidos,QUERETARO,Mexico,9,1076
2026M04,CHICAGO,Estados Unidos,SAN JOSÉ DEL CABO,Mexico,71,8558
2026M04,CHICAGO,Estados Unidos,SAN LUIS POTOSI,Mexico,0,0
2026M04,CHICAGO,Estados Unidos,ZACATECAS,Mexico,17,2164
2026M04,CHIHUAHUA,Mexico,DALLAS-FORT WORTH,Estados Unidos,60,3946
2026M04,CHIHUAHUA,Mexico,DENVER,Estados Unidos,13,1456
2026M04,CLEVELAND,Estados Unidos,CANCUN,Mexico,26,2836
2026M04,COLORADO SPRINGS,Estados Unidos,CANCUN,Mexico,1,26
2026M04,"COLUMBUS, Ohio",Estados Unidos,CANCUN,Mexico,8,694
2026M04,COMAYAGUA,Honduras,MEXICO,Mexico,16,699
2026M04,COMOX,Canada,PUERTO VALLARTA,Mexico,2,144
2026M04,COVINGTON,Estados Unidos,CANCUN,Mexico,10,965
2026M04,COZUMEL,Mexico,ATLANTA,Estados Unidos,14,1686
2026M04,COZUMEL,Mexico,CALGARY,Canada,2,232
2026M04,COZUMEL,Mexico,CHARLOTTE,Estados Unidos,4,580
2026M04,COZUMEL,Mexico,CHICAGO,Estados Unidos,1,170
2026M04,COZUMEL,Mexico,DALLAS-FORT WORTH,Estados Unidos,34,4807
2026M04,COZUMEL,Mexico,DENVER,Estados Unidos,4,629
2026M04,COZUMEL,Mexico,HOUSTON,Estados Unidos,30,3070
2026M04,COZUMEL,Mexico,MIAMI,Estados Unidos,30,1955
2026M04,COZUMEL,Mexico,MINNEAPOLIS,Estados Unidos,8,1090
2026M04,COZUMEL,Mexico,MONTREAL,Canada,10,1778
2026M04,COZUMEL,Mexico,TORONTO,Canada,16,2269
2026M04,CULIACAN,Mexico,PHOENIX,Estados Unidos,9,1100
2026M04,"Cardiff, Glamorgan",Reino Unido,CANCUN,Mexico,1,280
2026M04,"Charleston, Sur de Carolina",Estados Unidos,CANCUN,Mexico,4,273
2026M04,DALLAS-FORT WORTH,Estados Unidos,ACAPULCO,Mexico,9,516
2026M04,DALLAS-FORT WORTH,Estados Unidos,AGUASCALIENTES,Mexico,60,3512
2026M04,DALLAS-FORT WORTH,Estados Unidos,CANCUN,Mexico,271,39178
2026M04,DALLAS-FORT WORTH,Estados Unidos,CHIHUAHUA,Mexico,60,3902
2026M04,DALLAS-FORT WORTH,Estados Unidos,COZUMEL,Mexico,34,4258
2026M04,DALLAS-FORT WORTH,Estados Unidos,DEL BAJIO,Mexico,65,8062
2026M04,DALLAS-FORT WORTH,Estados Unidos,DURANGO,Mexico,30,2766
2026M04,DALLAS-FORT WORTH,Estados Unidos,GUADALAJARA,Mexico,90,13568
2026M04,DALLAS-FORT WORTH,Estados Unidos,HUATULCO,Mexico,13,761
2026M04,DALLAS-FORT WORTH,Estados Unidos,IXTAPA ZIHUATANEJO,Mexico,6,281
2026M04,DALLAS-FORT WORTH,Estados Unidos,LORETO,Mexico,5,105
2026M04,DALLAS-FORT WORTH,Estados Unidos,MANZANILLO,Mexico,1,15
2026M04,DALLAS-FORT WORTH,Estados Unidos,MAZATLAN,Mexico,8,760
2026M04,DALLAS-FORT WORTH,Estados Unidos,MERIDA,Mexico,22,2257
2026M04,DALLAS-FORT WORTH,Estados Unidos,MEXICO,Mexico,197,25771
2026M04,DALLAS-FORT WORTH,Estados Unidos,MONTERREY,Mexico,180,14672
2026M04,DALLAS-FORT WORTH,Estados Unidos,MORELIA,Mexico,47,4430
2026M04,DALLAS-FORT WORTH,Estados Unidos,OAXACA,Mexico,29,3433
2026M04,DALLAS-FORT WORTH,Estados Unidos,PUERTO ESCONDIDO,Mexico,9,476
2026M04,DALLAS-FORT WORTH,Estados Unidos,PUERTO VALLARTA,Mexico,69,9309
2026M04,DALLAS-FORT WORTH,Estados Unidos,QUERETARO,Mexico,65,9298
2026M04,DALLAS-FORT WORTH,Estados Unidos,SAN JOSÉ DEL CABO,Mexico,128,16789
2026M04,DALLAS-FORT WORTH,Estados Unidos,SAN LUIS POTOSI,Mexico,47,4941
2026M04,DALLAS-FORT WORTH,Estados Unidos,TAMPICO,Mexico,26,1323
2026M04,DALLAS-FORT WORTH,Estados Unidos,TORREON,Mexico,30,1996
2026M04,DALLAS-FORT WORTH,Estados Unidos,TULUM,Mexico,30,3073
2026M04,DALLAS-FORT WORTH,Estados Unidos,VERACRUZ,Mexico,30,1712
2026M04,DALLAS-FORT WORTH,Estados Unidos,ZACATECAS,Mexico,30,1673
2026M04,DEER LAKE,Canada,CANCUN,Mexico,3,537
2026M04,DEL BAJIO,Mexico,ATLANTA,Estados Unidos,30,2225
2026M04,DEL BAJIO,Mexico,CHICAGO,Estados Unidos,30,4837
2026M04,DEL BAJIO,Mexico,DALLAS-FORT WORTH,Estados Unidos,63,8328
2026M04,DEL BAJIO,Mexico,FRESNO,Estados Unidos,13,1864
2026M04,DEL BAJIO,Mexico,HOUSTON,Estados Unidos,117,6912
2026M04,DEL BAJIO,Mexico,LOS ANGELES,Estados Unidos,18,2093
2026M04,DEL BAJIO,Mexico,OAKLAND,Estados Unidos,22,2708
2026M04,DEL BAJIO,Mexico,ONTARIO,Estados Unidos,13,1468
2026M04,DEL BAJIO,Mexico,SACRAMENTO,Estados Unidos,12,1466
2026M04,DEL BAJIO,Mexico,SAN ANTONIO,Estados Unidos,5,473
2026M04,DEL BAJIO,Mexico,"SAN JOSE, CALIFORNIA",Estados Unidos,9,1220
2026M04,DENVER,Estados Unidos,CANCUN,Mexico,116,16106
2026M04,DENVER,Estados Unidos,CHIHUAHUA,Mexico,13,1430
2026M04,DENVER,Estados Unidos,COZUMEL,Mexico,4,557
2026M04,DENVER,Estados Unidos,GUADALAJARA,Mexico,30,4041
2026M04,DENVER,Estados Unidos,MEXICO,Mexico,93,11005
2026M04,DENVER,Estados Unidos,MONTERREY,Mexico,14,1741
2026M04,DENVER,Estados Unidos,PUERTO VALLARTA,Mexico,48,6227
2026M04,DENVER,Estados Unidos,QUERETARO,Mexico,0,0
2026M04,DENVER,Estados Unidos,SAN JOSÉ DEL CABO,Mexico,98,10944
2026M04,DETROIT,Estados Unidos,CANCUN,Mexico,60,9816
2026M04,DETROIT,Estados Unidos,GUADALAJARA,Mexico,0,0
2026M04,DETROIT,Estados Unidos,MEXICO,Mexico,30,3084
2026M04,DETROIT,Estados Unidos,MONTERREY,Mexico,30,1636
2026M04,DETROIT,Estados Unidos,PUERTO VALLARTA,Mexico,2,143
2026M04,DETROIT,Estados Unidos,QUERETARO,Mexico,20,1192
2026M04,DETROIT,Estados Unidos,SAN JOSÉ DEL CABO,Mexico,14,1642
2026M04,DOHA,Qatar,SANTA LUCÍA,Mexico,10,0
2026M04,DUBAI,Emiratos Arabes,MEXICO,Mexico,30,1737
2026M04,DUBLIN,Irlanda,CANCUN,Mexico,0,0
2026M04,DURANGO,Mexico,CHICAGO,Estados Unidos,13,1725
2026M04,DURANGO,Mexico,DALLAS-FORT WORTH,Estados Unidos,30,2859
2026M04,EDMONTON,Canada,CANCUN,Mexico,73,11433
2026M04,EDMONTON,Canada,HUATULCO,Mexico,9,681
2026M04,EDMONTON,Canada,MAZATLAN,Mexico,12,812
2026M04,EDMONTON,Canada,PUERTO VALLARTA,Mexico,49,5473
2026M04,EDMONTON,Canada,SAN JOSÉ DEL CABO,Mexico,16,2061
2026M04,ESTAMBUL (ARNAVUTKOY),Turquia,CANCUN,Mexico,37,2399
2026M04,ESTAMBUL (ARNAVUTKOY),Turquia,MEXICO,Mexico,38,7476
2026M04,ESTAMBUL (ARNAVUTKOY),Turquia,SANTA LUCÍA,Mexico,8,0
2026M04,FORT LAUDERDALE,Estados Unidos,CANCUN,Mexico,88,11054
2026M04,FRANKFURT,Alemania,CANCUN,Mexico,30,8650
2026M04,FRANKFURT,Alemania,MEXICO,Mexico,25,6847
2026M04,FRANKFURT,Alemania,SAN JOSÉ DEL CABO,Mexico,2,380
2026M04,FRANKFURT,Alemania,SANTA LUCÍA,Mexico,33,0
2026M04,FRESNO,Estados Unidos,DEL BAJIO,Mexico,13,1605
2026M04,FRESNO,Estados Unidos,GUADALAJARA,Mexico,93,13943
2026M04,FRESNO,Estados Unidos,MORELIA,Mexico,17,2219
2026M04,"Fredericton, Canada",Canada,CANCUN,Mexico,10,1624
2026M04,GLASGOW,Reino Unido,CANCUN,Mexico,0,0
2026M04,GUADALAJARA,Mexico,ATLANTA,Estados Unidos,30,4598
2026M04,GUADALAJARA,Mexico,BOGOTA,Colombia,31,2570
2026M04,GUADALAJARA,Mexico,CALGARY,Canada,5,649
2026M04,GUADALAJARA,Mexico,CHARLOTTE,Estados Unidos,8,1397
2026M04,GUADALAJARA,Mexico,CHICAGO,Estados Unidos,126,20239
2026M04,GUADALAJARA,Mexico,DALLAS-FORT WORTH,Estados Unidos,90,13184
2026M04,GUADALAJARA,Mexico,DENVER,Estados Unidos,30,4057
2026M04,GUADALAJARA,Mexico,DETROIT,Estados Unidos,0,0
2026M04,GUADALAJARA,Mexico,FRESNO,Estados Unidos,93,15464
2026M04,GUADALAJARA,Mexico,HONG KONG,HONG KONG,17,0
2026M04,GUADALAJARA,Mexico,HOUSTON,Estados Unidos,126,11308
2026M04,GUADALAJARA,Mexico,LAS VEGAS,Estados Unidos,61,10416
2026M04,GUADALAJARA,Mexico,LOS ANGELES,Estados Unidos,236,37226
2026M04,GUADALAJARA,Mexico,"LOUISVILLE, KENTUCKY",Estados Unidos,21,0
2026M04,GUADALAJARA,Mexico,LUXEMBURGO,Luxemburgo,20,0
2026M04,GUADALAJARA,Mexico,MADRID,España,26,6524
2026M04,GUADALAJARA,Mexico,MEMPHIS,Estados Unidos,50,0
2026M04,GUADALAJARA,Mexico,MIAMI,Estados Unidos,21,2673
2026M04,GUADALAJARA,Mexico,MONTREAL,Canada,5,510
2026M04,GUADALAJARA,Mexico,NEWARK,Estados Unidos,18,3037
2026M04,GUADALAJARA,Mexico,OAKLAND,Estados Unidos,78,12725
2026M04,GUADALAJARA,Mexico,ONTARIO,Estados Unidos,60,9179
2026M04,GUADALAJARA,Mexico,ORLANDO,Estados Unidos,22,3517
2026M04,GUADALAJARA,Mexico,PANAMA,Panama,33,4180
2026M04,GUADALAJARA,Mexico,PARIS,Francia,3,0
2026M04,GUADALAJARA,Mexico,PHOENIX,Estados Unidos,73,6479
2026M04,GUADALAJARA,Mexico,"PORTLAND, OREGON",Estados Unidos,35,5888
2026M04,GUADALAJARA,Mexico,RENO,Estados Unidos,22,2885
2026M04,GUADALAJARA,Mexico,SACRAMENTO,Estados Unidos,80,12453
2026M04,GUADALAJARA,Mexico,SALT LAKE CITY,Estados Unidos,30,4343
2026M04,GUADALAJARA,Mexico,SAN ANTONIO,Estados Unidos,42,4980
2026M04,GUADALAJARA,Mexico,SAN FRANCISCO,Estados Unidos,26,3171
2026M04,GUADALAJARA,Mexico,"SAN JOSE, CALIFORNIA",Estados Unidos,51,8862
2026M04,GUADALAJARA,Mexico,"SAN JOSE, COSTA RICA",Costa Rica,18,1390
2026M04,GUADALAJARA,Mexico,SEATTLE,Estados Unidos,37,6869
2026M04,GUADALAJARA,Mexico,Seoul,COREA DEL SUR,14,0
2026M04,GUADALAJARA,Mexico,TORONTO,Canada,19,2335
2026M04,GUADALAJARA,Mexico,VANCOUVER,Canada,17,2213
2026M04,GUATEMALA,Guatemala,CANCUN,Mexico,30,2992
2026M04,GUATEMALA,Guatemala,MERIDA,Mexico,0,0
2026M04,GUATEMALA,Guatemala,MEXICO,Mexico,118,18398
2026M04,GUATEMALA,Guatemala,SANTA LUCÍA,Mexico,15,0
2026M04,HALIFAX,Canada,CANCUN,Mexico,39,6577
2026M04,HAMILTON,Canada,CANCUN,Mexico,16,1321
2026M04,HAMILTON,Canada,PUERTO VALLARTA,Mexico,4,124
2026M04,"HANGZHOU, China",China,SANTA LUCÍA,Mexico,0,0
2026M04,HARLINGEN TEXAS,Estados Unidos,CANCUN,Mexico,0,0
2026M04,HERMOSILLO,Mexico,PHOENIX,Estados Unidos,30,2025
2026M04,HONG KONG,HONG KONG,GUADALAJARA,Mexico,32,0
2026M04,HONG KONG,HONG KONG,SANTA LUCÍA,Mexico,45,0
2026M04,HOUSTON,Estados Unidos,ACAPULCO,Mexico,4,251
2026M04,HOUSTON,Estados Unidos,AGUASCALIENTES,Mexico,60,3596
2026M04,HOUSTON,Estados Unidos,CANCUN,Mexico,269,30334
2026M04,HOUSTON,Estados Unidos,COZUMEL,Mexico,30,2826
2026M04,HOUSTON,Estados Unidos,DEL BAJIO,Mexico,102,6721
2026M04,HOUSTON,Estados Unidos,GUADALAJARA,Mexico,126,12843
2026M04,HOUSTON,Estados Unidos,IXTAPA ZIHUATANEJO,Mexico,12,460
2026M04,HOUSTON,Estados Unidos,MANZANILLO,Mexico,9,394
2026M04,HOUSTON,Estados Unidos,MAZATLAN,Mexico,8,353
2026M04,HOUSTON,Estados Unidos,MERIDA,Mexico,30,3547
2026M04,HOUSTON,Estados Unidos,MEXICO,Mexico,282,32282
2026M04,HOUSTON,Estados Unidos,MONTERREY,Mexico,227,18119
2026M04,HOUSTON,Estados Unidos,MORELIA,Mexico,43,2472
2026M04,HOUSTON,Estados Unidos,OAXACA,Mexico,29,1763
2026M04,HOUSTON,Estados Unidos,PUEBLA,Mexico,30,1233
2026M04,HOUSTON,Estados Unidos,PUERTO ESCONDIDO,Mexico,13,781
2026M04,HOUSTON,Estados Unidos,PUERTO VALLARTA,Mexico,60,6133
2026M04,HOUSTON,Estados Unidos,QUERETARO,Mexico,99,9980
2026M04,HOUSTON,Estados Unidos,SAN JOSÉ DEL CABO,Mexico,113,10506
2026M04,HOUSTON,Estados Unidos,SAN LUIS POTOSI,Mexico,73,4438
2026M04,HOUSTON,Estados Unidos,TAMPICO,Mexico,30,1573
2026M04,HOUSTON,Estados Unidos,TEPIC,Mexico,4,83
2026M04,HOUSTON,Estados Unidos,TULUM,Mexico,21,1830
2026M04,HOUSTON,Estados Unidos,VERACRUZ,Mexico,30,2303
2026M04,HUATULCO,Mexico,CALGARY,Canada,18,2601
2026M04,HUATULCO,Mexico,DALLAS-FORT WORTH,Estados Unidos,13,892
2026M04,HUATULCO,Mexico,EDMONTON,Canada,9,1248
2026M04,HUATULCO,Mexico,TORONTO,Canada,7,891
2026M04,HUATULCO,Mexico,VANCOUVER,Canada,14,1940
2026M04,HUATULCO,Mexico,WINNIPEG,Canada,7,754
2026M04,INDIANAPOLIS,Estados Unidos,CANCUN,Mexico,7,937
2026M04,INDIANAPOLIS,Estados Unidos,SAN JOSÉ DEL CABO,Mexico,1,136
2026M04,IXTAPA ZIHUATANEJO,Mexico,CALGARY,Canada,13,1801
2026M04,IXTAPA ZIHUATANEJO,Mexico,CHICAGO,Estados Unidos,0,0
2026M04,IXTAPA ZIHUATANEJO,Mexico,DALLAS-FORT WORTH,Estados Unidos,6,361
2026M04,IXTAPA ZIHUATANEJO,Mexico,HOUSTON,Estados Unidos,12,782
2026M04,IXTAPA ZIHUATANEJO,Mexico,LOS ANGELES,Estados Unidos,25,3353
2026M04,IXTAPA ZIHUATANEJO,Mexico,MINNEAPOLIS,Estados Unidos,1,178
2026M04,IXTAPA ZIHUATANEJO,Mexico,MONTREAL,Canada,2,310
2026M04,IXTAPA ZIHUATANEJO,Mexico,PHOENIX,Estados Unidos,8,476
2026M04,IXTAPA ZIHUATANEJO,Mexico,SAN FRANCISCO,Estados Unidos,3,491
2026M04,IXTAPA ZIHUATANEJO,Mexico,TORONTO,Canada,2,302
2026M04,IXTAPA ZIHUATANEJO,Mexico,VANCOUVER,Canada,6,749
2026M04,JEBEL ALI,Emiratos Arabes,SANTA LUCÍA,Mexico,12,0
2026M04,KANSAS CITY,Estados Unidos,CANCUN,Mexico,34,3820
2026M04,KANSAS CITY,Estados Unidos,SAN JOSÉ DEL CABO,Mexico,8,448
2026M04,KELOWNA,Canada,CANCUN,Mexico,19,1999
2026M04,KELOWNA,Canada,MAZATLAN,Mexico,1,15
2026M04,KELOWNA,Canada,PUERTO VALLARTA,Mexico,3,342
2026M04,KELOWNA,Canada,SAN JOSÉ DEL CABO,Mexico,8,730
2026M04,KITCHENER,Canada,CANCUN,Mexico,0,0
2026M04,LA HABANA,Cuba,CANCUN,Mexico,30,3855
2026M04,LA HABANA,Cuba,MERIDA,Mexico,10,1188
2026M04,LA HABANA,Cuba,MEXICO,Mexico,30,3067
2026M04,LA HABANA,Cuba,MONTERREY,Mexico,8,1024
2026M04,LA HABANA,Cuba,SANTA LUCÍA,Mexico,13,1208
2026M04,LA PAZ,Mexico,LOS ANGELES,Estados Unidos,27,1662
2026M04,LAREDO,Estados Unidos,MONTERREY,Mexico,7,15
2026M04,LAS VEGAS,Estados Unidos,CANCUN,Mexico,0,0
2026M04,LAS VEGAS,Estados Unidos,GUADALAJARA,Mexico,61,10982
2026M04,LAS VEGAS,Estados Unidos,MEXICO,Mexico,93,15484
2026M04,LAS VEGAS,Estados Unidos,MONTERREY,Mexico,32,5668
2026M04,LAS VEGAS,Estados Unidos,PUERTO VALLARTA,Mexico,0,0
2026M04,LAS VEGAS,Estados Unidos,SAN JOSÉ DEL CABO,Mexico,15,1001
2026M04,LIMA,Peru,CANCUN,Mexico,73,11291
2026M04,LIMA,Peru,MEXICO,Mexico,90,12625
2026M04,LIMA,Peru,SANTA LUCÍA,Mexico,3,0
2026M04,LISBON,Portugal,CANCUN,Mexico,4,1423
2026M04,LIÈGE,Belgica,SANTA LUCÍA,Mexico,0,0
2026M04,"LONDON, ONTARIO",Canada,CANCUN,Mexico,6,941
2026M04,LONDRES,Reino Unido,CANCUN,Mexico,47,14839
2026M04,LONDRES,Reino Unido,MEXICO,Mexico,59,11961
2026M04,LORETO,Mexico,CALGARY,Canada,7,813
2026M04,LORETO,Mexico,DALLAS-FORT WORTH,Estados Unidos,5,262
2026M04,LORETO,Mexico,LOS ANGELES,Estados Unidos,29,3138
2026M04,LORETO,Mexico,PHOENIX,Estados Unidos,22,1456
2026M04,LORETO,Mexico,SAN FRANCISCO,Estados Unidos,3,428
2026M04,LOS ANGELES,Estados Unidos,AGUASCALIENTES,Mexico,19,2936
2026M04,LOS ANGELES,Estados Unidos,CANCUN,Mexico,129,20210
2026M04,LOS ANGELES,Estados Unidos,DEL BAJIO,Mexico,17,2110
2026M04,LOS ANGELES,Estados Unidos,GUADALAJARA,Mexico,272,39487
2026M04,LOS ANGELES,Estados Unidos,IXTAPA ZIHUATANEJO,Mexico,25,2294
2026M04,LOS ANGELES,Estados Unidos,LA PAZ,Mexico,27,1467
2026M04,LOS ANGELES,Estados Unidos,LORETO,Mexico,29,2813
2026M04,LOS ANGELES,Estados Unidos,MANZANILLO,Mexico,29,1924
2026M04,LOS ANGELES,Estados Unidos,MAZATLAN,Mexico,29,2416
2026M04,LOS ANGELES,Estados Unidos,MERIDA,Mexico,0,0
2026M04,LOS ANGELES,Estados Unidos,MEXICO,Mexico,256,39753
2026M04,LOS ANGELES,Estados Unidos,MONTERREY,Mexico,23,2556
2026M04,LOS ANGELES,Estados Unidos,MORELIA,Mexico,30,3369
2026M04,LOS ANGELES,Estados Unidos,OAXACA,Mexico,17,1969
2026M04,LOS ANGELES,Estados Unidos,PUEBLA,Mexico,0,0
2026M04,LOS ANGELES,Estados Unidos,PUERTO VALLARTA,Mexico,121,16520
2026M04,LOS ANGELES,Estados Unidos,QUERETARO,Mexico,13,1458
2026M04,LOS ANGELES,Estados Unidos,SAN JOSÉ DEL CABO,Mexico,163,21138
2026M04,LOS ANGELES,Estados Unidos,SANTA LUCÍA,Mexico,63,0
2026M04,LOS ANGELES,Estados Unidos,TEPIC,Mexico,13,1530
2026M04,LOS ANGELES,Estados Unidos,URUAPAN,Mexico,8,964
2026M04,LOS ANGELES,Estados Unidos,ZACATECAS,Mexico,17,2355
2026M04,"LOUISVILLE, KENTUCKY",Estados Unidos,GUADALAJARA,Mexico,4,0
2026M04,"LOUISVILLE, KENTUCKY",Estados Unidos,MONTERREY,Mexico,22,0
2026M04,"LOUISVILLE, KENTUCKY",Estados Unidos,SANTA LUCÍA,Mexico,22,0
2026M04,LUXEMBURGO,Luxemburgo,GUADALAJARA,Mexico,8,0
2026M04,LUXEMBURGO,Luxemburgo,SANTA LUCÍA,Mexico,12,0
2026M04,MADRID,España,CANCUN,Mexico,37,13313
2026M04,MADRID,España,GUADALAJARA,Mexico,26,6343
2026M04,MADRID,España,MEXICO,Mexico,167,45599
2026M04,MADRID,España,MONTERREY,Mexico,26,5507
2026M04,MADRID,España,QUERETARO,Mexico,5,1755
2026M04,MANAGUA,Nicaragua,MEXICO,Mexico,13,813
2026M04,MANCHESTER,Reino Unido,CANCUN,Mexico,24,7134
2026M04,MANZANILLO,Mexico,CALGARY,Canada,9,1160
2026M04,MANZANILLO,Mexico,DALLAS-FORT WORTH,Estados Unidos,1,71
2026M04,MANZANILLO,Mexico,HOUSTON,Estados Unidos,9,570
2026M04,MANZANILLO,Mexico,LOS ANGELES,Estados Unidos,29,2052
2026M04,MANZANILLO,Mexico,PHOENIX,Estados Unidos,1,67
2026M04,MAZATLAN,Mexico,CALGARY,Canada,18,2649
2026M04,MAZATLAN,Mexico,DALLAS-FORT WORTH,Estados Unidos,8,1008
2026M04,MAZATLAN,Mexico,EDMONTON,Canada,12,1732
2026M04,MAZATLAN,Mexico,HOUSTON,Estados Unidos,8,530
2026M04,MAZATLAN,Mexico,KELOWNA,Canada,1,139
2026M04,MAZATLAN,Mexico,LOS ANGELES,Estados Unidos,30,2606
2026M04,MAZATLAN,Mexico,MINNEAPOLIS,Estados Unidos,5,746
2026M04,MAZATLAN,Mexico,MONTREAL,Canada,0,0
2026M04,MAZATLAN,Mexico,PHOENIX,Estados Unidos,31,3511
2026M04,MAZATLAN,Mexico,"REGINA, Canada",Canada,2,329
2026M04,MAZATLAN,Mexico,TORONTO,Canada,3,547
2026M04,MAZATLAN,Mexico,VANCOUVER,Canada,11,1775
2026M04,MAZATLAN,Mexico,WINNIPEG,Canada,3,552
2026M04,MC ALLEN,Estados Unidos,MONTERREY,Mexico,21,64
2026M04,MEDELLIN,Colombia,CANCUN,Mexico,30,3541
2026M04,MEDELLIN,Colombia,MEXICO,Mexico,60,9064
2026M04,MEDELLIN,Colombia,SANTA LUCÍA,Mexico,0,0
2026M04,MEMPHIS,Estados Unidos,GUADALAJARA,Mexico,54,0
2026M04,MEMPHIS,Estados Unidos,MONTERREY,Mexico,27,0
2026M04,MEMPHIS,Estados Unidos,QUERETARO,Mexico,17,0
2026M04,MEMPHIS,Estados Unidos,TOLUCA,Mexico,26,0
2026M04,MERIDA,Mexico,DALLAS-FORT WORTH,Estados Unidos,22,2282
2026M04,MERIDA,Mexico,GUATEMALA,Guatemala,0,0
2026M04,MERIDA,Mexico,HOUSTON,Estados Unidos,30,3849
2026M04,MERIDA,Mexico,LA HABANA,Cuba,9,942
2026M04,MERIDA,Mexico,LOS ANGELES,Estados Unidos,0,0
2026M04,MERIDA,Mexico,MIAMI,Estados Unidos,42,3550
2026M04,MERIDA,Mexico,ORLANDO,Estados Unidos,8,1068
2026M04,MERIDA,Mexico,TORONTO,Canada,8,1252
2026M04,MEXICO,Mexico,AMSTERDAM,Paises Bajos,59,14256
2026M04,MEXICO,Mexico,ATLANTA,Estados Unidos,137,18841
2026M04,MEXICO,Mexico,AUSTIN,Estados Unidos,44,4170
2026M04,MEXICO,Mexico,"BARCELONA, España",España,56,9485
2026M04,MEXICO,Mexico,BOGOTA,Colombia,210,31089
2026M04,MEXICO,Mexico,BOSTON,Estados Unidos,30,4049
2026M04,MEXICO,Mexico,BUENOS AIRES,Argentina,30,6521
2026M04,MEXICO,Mexico,CALGARY,Canada,17,2167
2026M04,MEXICO,Mexico,CALI,Colombia,17,1862
2026M04,MEXICO,Mexico,CARTAGENA DE INDIAS,Colombia,30,4319
2026M04,MEXICO,Mexico,CHARLOTTE,Estados Unidos,30,4210
2026M04,MEXICO,Mexico,CHICAGO,Estados Unidos,210,33261
2026M04,MEXICO,Mexico,COMAYAGUA,Honduras,16,812
2026M04,MEXICO,Mexico,DALLAS-FORT WORTH,Estados Unidos,198,25013
2026M04,MEXICO,Mexico,DENVER,Estados Unidos,93,10750
2026M04,MEXICO,Mexico,DETROIT,Estados Unidos,30,3306
2026M04,MEXICO,Mexico,DUBAI,Emiratos Arabes,30,1699
2026M04,MEXICO,Mexico,ESTAMBUL (ARNAVUTKOY),Turquia,37,8040
2026M04,MEXICO,Mexico,FRANKFURT,Alemania,26,8070
2026M04,MEXICO,Mexico,FRESNO,Estados Unidos,0,0
2026M04,MEXICO,Mexico,GUATEMALA,Guatemala,118,16335
2026M04,MEXICO,Mexico,HOUSTON,Estados Unidos,283,30164
2026M04,MEXICO,Mexico,LA HABANA,Cuba,30,2814
2026M04,MEXICO,Mexico,LAS VEGAS,Estados Unidos,93,15198
2026M04,MEXICO,Mexico,LIMA,Peru,89,11688
2026M04,MEXICO,Mexico,LONDRES,Reino Unido,59,13448
2026M04,MEXICO,Mexico,LOS ANGELES,Estados Unidos,257,41340
2026M04,MEXICO,Mexico,MADRID,España,192,47994
2026M04,MEXICO,Mexico,MANAGUA,Nicaragua,13,734
2026M04,MEXICO,Mexico,MEDELLIN,Colombia,60,8463
2026M04,MEXICO,Mexico,MIAMI,Estados Unidos,208,28336
2026M04,MEXICO,Mexico,MINNEAPOLIS,Estados Unidos,30,3314
2026M04,MEXICO,Mexico,MONTREAL,Canada,60,9247
2026M04,MEXICO,Mexico,MUNICH,Alemania,13,3213
2026M04,MEXICO,Mexico,NEWARK,Estados Unidos,89,11425
2026M04,MEXICO,Mexico,NUEVA YORK,Estados Unidos,180,29422
2026M04,MEXICO,Mexico,OAKLAND,Estados Unidos,30,5714
2026M04,MEXICO,Mexico,ORLANDO,Estados Unidos,120,16718
2026M04,MEXICO,Mexico,PANAMA,Panama,202,25728
2026M04,MEXICO,Mexico,PARIS,Francia,87,22844
2026M04,MEXICO,Mexico,PHILADELPHIA,Estados Unidos,30,3585
2026M04,MEXICO,Mexico,PHOENIX,Estados Unidos,60,7574
2026M04,MEXICO,Mexico,PUNTA CANA,Republica Dominicana,30,4611
2026M04,MEXICO,Mexico,QUITO,Ecuador,17,1507
2026M04,MEXICO,Mexico,RALEIGH/DURHAM,Estados Unidos,30,2644
2026M04,MEXICO,Mexico,ROMA,Italia,30,6677
2026M04,MEXICO,Mexico,SACRAMENTO,Estados Unidos,0,0
2026M04,MEXICO,Mexico,SALT LAKE CITY,Estados Unidos,30,3257
2026M04,MEXICO,Mexico,SAN ANTONIO,Estados Unidos,87,10564
2026M04,MEXICO,Mexico,SAN FRANCISCO,Estados Unidos,146,17596
2026M04,MEXICO,Mexico,"SAN JOSE, COSTA RICA",Costa Rica,120,16916
2026M04,MEXICO,Mexico,SAN PEDRO SULA,Honduras,17,1214
2026M04,MEXICO,Mexico,SAN SALVADOR,El Salvador,65,8231
2026M04,MEXICO,Mexico,SANTIAGO DE CHILE,Chile,28,4988
2026M04,MEXICO,Mexico,"SANTO DOMINGO,REP DOM",Republica Dominicana,30,3803
2026M04,MEXICO,Mexico,SAO PAULO,Brasil,59,12488
2026M04,MEXICO,Mexico,SEATTLE,Estados Unidos,30,3801
2026M04,MEXICO,Mexico,SHENZHEN,China,13,1489
2026M04,MEXICO,Mexico,Seoul,COREA DEL SUR,8,663
2026M04,MEXICO,Mexico,TAMPA,Estados Unidos,30,3822
2026M04,MEXICO,Mexico,TOKYO,Japon,60,10274
2026M04,MEXICO,Mexico,TORONTO,Canada,106,15531
2026M04,MEXICO,Mexico,VANCOUVER,Canada,87,11503
2026M04,MEXICO,Mexico,WASHINGTON,Estados Unidos,60,7462
2026M04,MIAMI,Estados Unidos,CANCUN,Mexico,152,17163
2026M04,MIAMI,Estados Unidos,COZUMEL,Mexico,30,1580
2026M04,MIAMI,Estados Unidos,GUADALAJARA,Mexico,21,3061
2026M04,MIAMI,Estados Unidos,MERIDA,Mexico,41,3842
2026M04,MIAMI,Estados Unidos,MEXICO,Mexico,209,29994
2026M04,MIAMI,Estados Unidos,MONTERREY,Mexico,48,3969
2026M04,MIAMI,Estados Unidos,SANTA LUCÍA,Mexico,7,0
2026M04,MIAMI,Estados Unidos,TULUM,Mexico,21,1391
2026M04,MILAN,Italia,CANCUN,Mexico,4,1235
2026M04,MILWAUKEE,Estados Unidos,CANCUN,Mexico,8,346
2026M04,MINNEAPOLIS,Estados Unidos,CANCUN,Mexico,156,18750
2026M04,MINNEAPOLIS,Estados Unidos,COZUMEL,Mexico,8,464
2026M04,MINNEAPOLIS,Estados Unidos,IXTAPA ZIHUATANEJO,Mexico,1,19
2026M04,MINNEAPOLIS,Estados Unidos,MAZATLAN,Mexico,5,242
2026M04,MINNEAPOLIS,Estados Unidos,MEXICO,Mexico,30,2885
2026M04,MINNEAPOLIS,Estados Unidos,PUERTO VALLARTA,Mexico,9,679
2026M04,MINNEAPOLIS,Estados Unidos,SAN JOSÉ DEL CABO,Mexico,34,3286
2026M04,MONCTON,Canada,CANCUN,Mexico,11,1976
2026M04,MONTERREY,Mexico,ATLANTA,Estados Unidos,60,5948
2026M04,MONTERREY,Mexico,AUSTIN,Estados Unidos,18,1720
2026M04,MONTERREY,Mexico,BOGOTA,Colombia,30,3390
2026M04,MONTERREY,Mexico,BROWNSVILLE,Estados Unidos,32,141
2026M04,MONTERREY,Mexico,CHICAGO,Estados Unidos,48,4957
2026M04,MONTERREY,Mexico,DALLAS-FORT WORTH,Estados Unidos,179,14430
2026M04,MONTERREY,Mexico,DENVER,Estados Unidos,14,1578
2026M04,MONTERREY,Mexico,DETROIT,Estados Unidos,30,1824
2026M04,MONTERREY,Mexico,HOUSTON,Estados Unidos,228,16381
2026M04,MONTERREY,Mexico,LA HABANA,Cuba,9,1045
2026M04,MONTERREY,Mexico,LAREDO,Estados Unidos,7,16
2026M04,MONTERREY,Mexico,LAS VEGAS,Estados Unidos,32,5748
2026M04,MONTERREY,Mexico,LOS ANGELES,Estados Unidos,19,2837
2026M04,MONTERREY,Mexico,"LOUISVILLE, KENTUCKY",Estados Unidos,22,0
2026M04,MONTERREY,Mexico,MADRID,España,26,5653
2026M04,MONTERREY,Mexico,MC ALLEN,Estados Unidos,26,120
2026M04,MONTERREY,Mexico,MEMPHIS,Estados Unidos,27,0
2026M04,MONTERREY,Mexico,MIAMI,Estados Unidos,48,3778
2026M04,MONTERREY,Mexico,NUEVA YORK,Estados Unidos,0,0
2026M04,MONTERREY,Mexico,OAKLAND,Estados Unidos,3,258
2026M04,MONTERREY,Mexico,ORLANDO,Estados Unidos,18,2695
2026M04,MONTERREY,Mexico,PANAMA,Panama,34,4266
2026M04,MONTERREY,Mexico,PARIS,Francia,8,1804
2026M04,MONTERREY,Mexico,PHOENIX,Estados Unidos,22,1117
2026M04,MONTERREY,Mexico,SALT LAKE CITY,Estados Unidos,0,0
2026M04,MONTERREY,Mexico,SAN ANTONIO,Estados Unidos,52,5123
2026M04,MONTERREY,Mexico,SAN FRANCISCO,Estados Unidos,30,1628
2026M04,MONTERREY,Mexico,"SAN JOSE, COSTA RICA",Costa Rica,8,699
2026M04,MONTERREY,Mexico,Seoul,COREA DEL SUR,30,6601
2026M04,MONTERREY,Mexico,TOKYO,Japon,30,1426
2026M04,MONTERREY,Mexico,TORONTO,Canada,15,1630
2026M04,MONTREAL,Canada,ACAPULCO,Mexico,3,95
2026M04,MONTREAL,Canada,CANCUN,Mexico,187,40395
2026M04,MONTREAL,Canada,COZUMEL,Mexico,9,1420
2026M04,MONTREAL,Canada,GUADALAJARA,Mexico,5,275
2026M04,MONTREAL,Canada,IXTAPA ZIHUATANEJO,Mexico,2,81
2026M04,MONTREAL,Canada,MAZATLAN,Mexico,0,0
2026M04,MONTREAL,Canada,MEXICO,Mexico,60,6416
2026M04,MONTREAL,Canada,PUERTO VALLARTA,Mexico,29,2684
2026M04,MONTREAL,Canada,SAN JOSÉ DEL CABO,Mexico,3,487
2026M04,MONTREAL,Canada,TULUM,Mexico,20,2469
2026M04,MORELIA,Mexico,CHICAGO,Estados Unidos,60,10069
2026M04,MORELIA,Mexico,DALLAS-FORT WORTH,Estados Unidos,47,4794
2026M04,MORELIA,Mexico,FRESNO,Estados Unidos,17,2567
2026M04,MORELIA,Mexico,HOUSTON,Estados Unidos,43,2698
2026M04,MORELIA,Mexico,LOS ANGELES,Estados Unidos,30,3534
2026M04,MORELIA,Mexico,OAKLAND,Estados Unidos,30,4068
2026M04,MORELIA,Mexico,ONTARIO,Estados Unidos,15,1448
2026M04,MORELIA,Mexico,SACRAMENTO,Estados Unidos,17,2117
2026M04,MORELIA,Mexico,SAN ANTONIO,Estados Unidos,5,336
2026M04,MORELIA,Mexico,"SAN JOSE, CALIFORNIA",Estados Unidos,17,2437
2026M04,MUNICH,Alemania,MEXICO,Mexico,13,2707
2026M04,NASHVILLE,Estados Unidos,CANCUN,Mexico,34,3984
2026M04,NASHVILLE,Estados Unidos,SAN JOSÉ DEL CABO,Mexico,4,290
2026M04,NEWARK,Estados Unidos,CANCUN,Mexico,149,19162
2026M04,NEWARK,Estados Unidos,GUADALAJARA,Mexico,18,2635
2026M04,NEWARK,Estados Unidos,MEXICO,Mexico,89,10433
2026M04,NEWARK,Estados Unidos,PUEBLA,Mexico,0,0
2026M04,NEWARK,Estados Unidos,PUERTO VALLARTA,Mexico,4,414
2026M04,NEWARK,Estados Unidos,SAN JOSÉ DEL CABO,Mexico,20,2356
2026M04,NEWARK,Estados Unidos,TULUM,Mexico,0,0
2026M04,NEWCASTLE,Reino Unido,CANCUN,Mexico,1,281
2026M04,NORFOLK,Estados Unidos,CANCUN,Mexico,4,256
2026M04,NUEVA ORLEANS,Estados Unidos,CANCUN,Mexico,12,707
2026M04,NUEVA YORK,Estados Unidos,CANCUN,Mexico,218,30329
2026M04,NUEVA YORK,Estados Unidos,MEXICO,Mexico,179,26807
2026M04,NUEVA YORK,Estados Unidos,MONTERREY,Mexico,0,0
2026M04,NUEVA YORK,Estados Unidos,PUERTO VALLARTA,Mexico,20,1851
2026M04,NUEVA YORK,Estados Unidos,SAN JOSÉ DEL CABO,Mexico,34,4433
2026M04,NUEVA YORK,Estados Unidos,TULUM,Mexico,0,0
2026M04,OAKLAND,Estados Unidos,DEL BAJIO,Mexico,22,2440
2026M04,OAKLAND,Estados Unidos,GUADALAJARA,Mexico,78,11575
2026M04,OAKLAND,Estados Unidos,MEXICO,Mexico,30,5688
2026M04,OAKLAND,Estados Unidos,MONTERREY,Mexico,4,408
2026M04,OAKLAND,Estados Unidos,MORELIA,Mexico,30,3583
2026M04,OAKLAND,Estados Unidos,SAN JOSÉ DEL CABO,Mexico,13,1165
2026M04,OAKLAND,Estados Unidos,ZACATECAS,Mexico,6,417
2026M04,OAXACA,Mexico,DALLAS-FORT WORTH,Estados Unidos,29,4056
2026M04,OAXACA,Mexico,HOUSTON,Estados Unidos,27,1615
2026M04,OAXACA,Mexico,LOS ANGELES,Estados Unidos,17,2519
2026M04,ONTARIO,Estados Unidos,DEL BAJIO,Mexico,13,1348
2026M04,ONTARIO,Estados Unidos,GUADALAJARA,Mexico,60,9215
2026M04,ONTARIO,Estados Unidos,MORELIA,Mexico,16,1299
2026M04,ONTARIO,Estados Unidos,SAN JOSÉ DEL CABO,Mexico,12,720
2026M04,ORLANDO,Estados Unidos,CANCUN,Mexico,78,8637
2026M04,ORLANDO,Estados Unidos,GUADALAJARA,Mexico,22,3798
2026M04,ORLANDO,Estados Unidos,MERIDA,Mexico,8,1149
2026M04,ORLANDO,Estados Unidos,MEXICO,Mexico,120,17038
2026M04,ORLANDO,Estados Unidos,MONTERREY,Mexico,18,2643
2026M04,ORLANDO,Estados Unidos,QUERETARO,Mexico,0,0
2026M04,OTTAWA,Canada,CANCUN,Mexico,34,4597
2026M04,OTTAWA,Canada,PUERTO VALLARTA,Mexico,7,214
2026M04,PANAMA,Panama,CANCUN,Mexico,180,25161
2026M04,PANAMA,Panama,GUADALAJARA,Mexico,32,4566
2026M04,PANAMA,Panama,MEXICO,Mexico,202,28316
2026M04,PANAMA,Panama,MONTERREY,Mexico,34,4273
2026M04,PANAMA,Panama,SAN JOSÉ DEL CABO,Mexico,13,1557
2026M04,PANAMA,Panama,SANTA LUCÍA,Mexico,0,0
2026M04,PARIS,Francia,CANCUN,Mexico,26,10112
2026M04,PARIS,Francia,GUADALAJARA,Mexico,3,0
2026M04,PARIS,Francia,MEXICO,Mexico,88,21190
2026M04,PARIS,Francia,MONTERREY,Mexico,7,1165
2026M04,PARIS,Francia,SANTA LUCÍA,Mexico,8,0
2026M04,PHILADELPHIA,Estados Unidos,CANCUN,Mexico,107,15353
2026M04,PHILADELPHIA,Estados Unidos,MEXICO,Mexico,30,3015
2026M04,PHOENIX,Estados Unidos,CANCUN,Mexico,65,9686
2026M04,PHOENIX,Estados Unidos,CULIACAN,Mexico,9,1006
2026M04,PHOENIX,Estados Unidos,GUADALAJARA,Mexico,73,6901
2026M04,PHOENIX,Estados Unidos,HERMOSILLO,Mexico,30,1966
2026M04,PHOENIX,Estados Unidos,IXTAPA ZIHUATANEJO,Mexico,8,391
2026M04,PHOENIX,Estados Unidos,LORETO,Mexico,22,1361
2026M04,PHOENIX,Estados Unidos,MANZANILLO,Mexico,1,40
2026M04,PHOENIX,Estados Unidos,MAZATLAN,Mexico,31,3246
2026M04,PHOENIX,Estados Unidos,MEXICO,Mexico,60,7834
2026M04,PHOENIX,Estados Unidos,MONTERREY,Mexico,22,999
2026M04,PHOENIX,Estados Unidos,PUERTO VALLARTA,Mexico,72,10121
2026M04,PHOENIX,Estados Unidos,SAN JOSÉ DEL CABO,Mexico,125,14811
2026M04,PHOENIX,Estados Unidos,TIJUANA,Mexico,18,595
2026M04,PITTSBURGH,Estados Unidos,CANCUN,Mexico,0,0
2026M04,"PORTLAND, OREGON",Estados Unidos,CANCUN,Mexico,3,310
2026M04,"PORTLAND, OREGON",Estados Unidos,GUADALAJARA,Mexico,35,5293
2026M04,"PORTLAND, OREGON",Estados Unidos,PUERTO VALLARTA,Mexico,25,3685
2026M04,"PORTLAND, OREGON",Estados Unidos,SAN JOSÉ DEL CABO,Mexico,25,3557
2026M04,PRINCE GEORGE,Canada,PUERTO VALLARTA,Mexico,2,282
2026M04,PUEBLA,Mexico,HOUSTON,Estados Unidos,30,1262
2026M04,PUEBLA,Mexico,LOS ANGELES,Estados Unidos,0,0
2026M04,PUEBLA,Mexico,NEWARK,Estados Unidos,0,0
2026M04,PUERTO ESCONDIDO,Mexico,CALGARY,Canada,4,609
2026M04,PUERTO ESCONDIDO,Mexico,DALLAS-FORT WORTH,Estados Unidos,9,626
2026M04,PUERTO ESCONDIDO,Mexico,HOUSTON,Estados Unidos,13,943
2026M04,PUERTO ESCONDIDO,Mexico,TORONTO,Canada,2,252
2026M04,PUERTO VALLARTA,Mexico,ABBOTSFORD,Canada,1,114
2026M04,PUERTO VALLARTA,Mexico,ATLANTA,Estados Unidos,32,4392
2026M04,PUERTO VALLARTA,Mexico,AUSTIN,Estados Unidos,0,0
2026M04,PUERTO VALLARTA,Mexico,CALGARY,Canada,70,12481
2026M04,PUERTO VALLARTA,Mexico,CHICAGO,Estados Unidos,56,8049
2026M04,PUERTO VALLARTA,Mexico,COMOX,Canada,2,257
2026M04,PUERTO VALLARTA,Mexico,DALLAS-FORT WORTH,Estados Unidos,67,10723
2026M04,PUERTO VALLARTA,Mexico,DENVER,Estados Unidos,48,6992
2026M04,PUERTO VALLARTA,Mexico,DETROIT,Estados Unidos,2,296
2026M04,PUERTO VALLARTA,Mexico,EDMONTON,Canada,49,7810
2026M04,PUERTO VALLARTA,Mexico,HAMILTON,Canada,4,334
2026M04,PUERTO VALLARTA,Mexico,HOUSTON,Estados Unidos,59,6842
2026M04,PUERTO VALLARTA,Mexico,KELOWNA,Canada,3,506
2026M04,PUERTO VALLARTA,Mexico,LAS VEGAS,Estados Unidos,0,0
2026M04,PUERTO VALLARTA,Mexico,LOS ANGELES,Estados Unidos,121,17719
2026M04,PUERTO VALLARTA,Mexico,MINNEAPOLIS,Estados Unidos,9,1527
2026M04,PUERTO VALLARTA,Mexico,MONTREAL,Canada,33,5533
2026M04,PUERTO VALLARTA,Mexico,NEWARK,Estados Unidos,4,540
2026M04,PUERTO VALLARTA,Mexico,NUEVA YORK,Estados Unidos,20,2295
2026M04,PUERTO VALLARTA,Mexico,OTTAWA,Canada,7,698
2026M04,PUERTO VALLARTA,Mexico,PHOENIX,Estados Unidos,72,10341
2026M04,PUERTO VALLARTA,Mexico,"PORTLAND, OREGON",Estados Unidos,25,3865
2026M04,PUERTO VALLARTA,Mexico,PRINCE GEORGE,Canada,2,315
2026M04,PUERTO VALLARTA,Mexico,QUEBEC,Canada,11,1818
2026M04,PUERTO VALLARTA,Mexico,"REGINA, Canada",Canada,7,1099
2026M04,PUERTO VALLARTA,Mexico,SACRAMENTO,Estados Unidos,5,626
2026M04,PUERTO VALLARTA,Mexico,SALT LAKE CITY,Estados Unidos,2,294
2026M04,PUERTO VALLARTA,Mexico,SAN DIEGO,Estados Unidos,28,4306
2026M04,PUERTO VALLARTA,Mexico,SAN FRANCISCO,Estados Unidos,62,9637
2026M04,PUERTO VALLARTA,Mexico,"SAN JOSE, CALIFORNIA",Estados Unidos,0,0
2026M04,PUERTO VALLARTA,Mexico,"SANTA ANA, CALIFORNIA",Estados Unidos,9,932
2026M04,PUERTO VALLARTA,Mexico,SASKATOON,Canada,8,1307
2026M04,PUERTO VALLARTA,Mexico,SEATTLE,Estados Unidos,9,1487
2026M04,PUERTO VALLARTA,Mexico,ST. LOUIS,Estados Unidos,0,0
2026M04,PUERTO VALLARTA,Mexico,TORONTO,Canada,71,10667
2026M04,PUERTO VALLARTA,Mexico,VANCOUVER,Canada,98,15630
2026M04,PUERTO VALLARTA,Mexico,"VICTORIA, COLUMBIA",Canada,11,1721
2026M04,PUERTO VALLARTA,Mexico,WINNIPEG,Canada,18,2942
2026M04,PUNTA CANA,Republica Dominicana,CANCUN,Mexico,30,3344
2026M04,PUNTA CANA,Republica Dominicana,MEXICO,Mexico,30,4853
2026M04,PUNTA CANA,Republica Dominicana,SANTA LUCÍA,Mexico,26,3830
2026M04,"Providence, Rhode Island",Estados Unidos,CANCUN,Mexico,4,287
2026M04,QUEBEC,Canada,CANCUN,Mexico,46,7074
2026M04,QUEBEC,Canada,PUERTO VALLARTA,Mexico,10,813
2026M04,QUEBEC,Canada,TULUM,Mexico,8,1196
2026M04,QUERETARO,Mexico,ATLANTA,Estados Unidos,30,2574
2026M04,QUERETARO,Mexico,CHICAGO,Estados Unidos,9,1309
2026M04,QUERETARO,Mexico,DALLAS-FORT WORTH,Estados Unidos,63,9353
2026M04,QUERETARO,Mexico,DENVER,Estados Unidos,0,0
2026M04,QUERETARO,Mexico,DETROIT,Estados Unidos,22,1567
2026M04,QUERETARO,Mexico,HOUSTON,Estados Unidos,99,9676
2026M04,QUERETARO,Mexico,LOS ANGELES,Estados Unidos,13,1582
2026M04,QUERETARO,Mexico,MADRID,España,5,1928
2026M04,QUERETARO,Mexico,MEMPHIS,Estados Unidos,25,0
2026M04,QUERETARO,Mexico,ORLANDO,Estados Unidos,0,0
2026M04,QUERETARO,Mexico,SAN ANTONIO,Estados Unidos,39,1613
2026M04,QUITO,Ecuador,MEXICO,Mexico,17,1694
2026M04,QUITO,Ecuador,SANTA LUCÍA,Mexico,17,0
2026M04,RALEIGH/DURHAM,Estados Unidos,CANCUN,Mexico,15,1321
2026M04,RALEIGH/DURHAM,Estados Unidos,MEXICO,Mexico,30,2103
2026M04,"REGINA, Canada",Canada,CANCUN,Mexico,17,1885
2026M04,"REGINA, Canada",Canada,MAZATLAN,Mexico,1,157
2026M04,"REGINA, Canada",Canada,PUERTO VALLARTA,Mexico,7,608
2026M04,RENO,Estados Unidos,GUADALAJARA,Mexico,22,2333
2026M04,ROMA,Italia,CANCUN,Mexico,5,1540
2026M04,ROMA,Italia,MEXICO,Mexico,30,5855
2026M04,SACRAMENTO,Estados Unidos,DEL BAJIO,Mexico,13,1192
2026M04,SACRAMENTO,Estados Unidos,GUADALAJARA,Mexico,80,11621
2026M04,SACRAMENTO,Estados Unidos,MEXICO,Mexico,0,0
2026M04,SACRAMENTO,Estados Unidos,MORELIA,Mexico,17,1512
2026M04,SACRAMENTO,Estados Unidos,PUERTO VALLARTA,Mexico,5,492
2026M04,SACRAMENTO,Estados Unidos,SAN JOSÉ DEL CABO,Mexico,24,2953
2026M04,SALT LAKE CITY,Estados Unidos,CANCUN,Mexico,42,6620
2026M04,SALT LAKE CITY,Estados Unidos,GUADALAJARA,Mexico,30,3964
2026M04,SALT LAKE CITY,Estados Unidos,MEXICO,Mexico,30,3453
2026M04,SALT LAKE CITY,Estados Unidos,MONTERREY,Mexico,0,0
2026M04,SALT LAKE CITY,Estados Unidos,PUERTO VALLARTA,Mexico,2,239
2026M04,SALT LAKE CITY,Estados Unidos,SAN JOSÉ DEL CABO,Mexico,42,5772
2026M04,SAN ANTONIO,Estados Unidos,CANCUN,Mexico,1,42
2026M04,SAN ANTONIO,Estados Unidos,DEL BAJIO,Mexico,5,461
2026M04,SAN ANTONIO,Estados Unidos,GUADALAJARA,Mexico,60,5658
2026M04,SAN ANTONIO,Estados Unidos,MEXICO,Mexico,86,11524
2026M04,SAN ANTONIO,Estados Unidos,MONTERREY,Mexico,53,6031
2026M04,SAN ANTONIO,Estados Unidos,MORELIA,Mexico,5,327
2026M04,SAN ANTONIO,Estados Unidos,QUERETARO,Mexico,13,1451
2026M04,SAN ANTONIO,Estados Unidos,SAN LUIS POTOSI,Mexico,13,853
2026M04,SAN ANTONIO,Estados Unidos,TORREON,Mexico,0,0
2026M04,SAN DIEGO,Estados Unidos,PUERTO VALLARTA,Mexico,28,4106
2026M04,SAN DIEGO,Estados Unidos,SAN JOSÉ DEL CABO,Mexico,70,8277
2026M04,SAN FRANCISCO,Estados Unidos,CANCUN,Mexico,60,9126
2026M04,SAN FRANCISCO,Estados Unidos,GUADALAJARA,Mexico,26,3475
2026M04,SAN FRANCISCO,Estados Unidos,IXTAPA ZIHUATANEJO,Mexico,3,378
2026M04,SAN FRANCISCO,Estados Unidos,LORETO,Mexico,4,474
2026M04,SAN FRANCISCO,Estados Unidos,MEXICO,Mexico,146,18156
2026M04,SAN FRANCISCO,Estados Unidos,MONTERREY,Mexico,30,1614
2026M04,SAN FRANCISCO,Estados Unidos,PUERTO VALLARTA,Mexico,61,8509
2026M04,SAN FRANCISCO,Estados Unidos,SAN JOSÉ DEL CABO,Mexico,93,11986
2026M04,"SAN JOSE, CALIFORNIA",Estados Unidos,DEL BAJIO,Mexico,9,1035
2026M04,"SAN JOSE, CALIFORNIA",Estados Unidos,GUADALAJARA,Mexico,51,8565
2026M04,"SAN JOSE, CALIFORNIA",Estados Unidos,MORELIA,Mexico,17,2032
2026M04,"SAN JOSE, CALIFORNIA",Estados Unidos,PUERTO VALLARTA,Mexico,0,0
2026M04,"SAN JOSE, CALIFORNIA",Estados Unidos,SAN JOSÉ DEL CABO,Mexico,8,936
2026M04,"SAN JOSE, CALIFORNIA",Estados Unidos,ZACATECAS,Mexico,10,1021
2026M04,"SAN JOSE, COSTA RICA",Costa Rica,CANCUN,Mexico,60,6221
2026M04,"SAN JOSE, COSTA RICA",Costa Rica,GUADALAJARA,Mexico,16,1634
2026M04,"SAN JOSE, COSTA RICA",Costa Rica,MEXICO,Mexico,120,17950
2026M04,"SAN JOSE, COSTA RICA",Costa Rica,MONTERREY,Mexico,8,816
2026M04,SAN JOSÉ DEL CABO,Mexico,ATLANTA,Estados Unidos,64,9051
2026M04,SAN JOSÉ DEL CABO,Mexico,AUSTIN,Estados Unidos,17,922
2026M04,SAN JOSÉ DEL CABO,Mexico,BALTIMORE,Estados Unidos,1,121
2026M04,SAN JOSÉ DEL CABO,Mexico,CALGARY,Canada,34,5515
2026M04,SAN JOSÉ DEL CABO,Mexico,CHARLOTTE,Estados Unidos,8,1237
2026M04,SAN JOSÉ DEL CABO,Mexico,CHICAGO,Estados Unidos,70,10172
2026M04,SAN JOSÉ DEL CABO,Mexico,DALLAS-FORT WORTH,Estados Unidos,128,17808
2026M04,SAN JOSÉ DEL CABO,Mexico,DENVER,Estados Unidos,97,12020
2026M04,SAN JOSÉ DEL CABO,Mexico,DETROIT,Estados Unidos,14,2173
2026M04,SAN JOSÉ DEL CABO,Mexico,EDMONTON,Canada,16,2328
2026M04,SAN JOSÉ DEL CABO,Mexico,FRANKFURT,Alemania,3,690
2026M04,SAN JOSÉ DEL CABO,Mexico,HOUSTON,Estados Unidos,113,11485
2026M04,SAN JOSÉ DEL CABO,Mexico,INDIANAPOLIS,Estados Unidos,1,135
2026M04,SAN JOSÉ DEL CABO,Mexico,KANSAS CITY,Estados Unidos,8,766
2026M04,SAN JOSÉ DEL CABO,Mexico,KELOWNA,Canada,8,1040
2026M04,SAN JOSÉ DEL CABO,Mexico,LAS VEGAS,Estados Unidos,15,985
2026M04,SAN JOSÉ DEL CABO,Mexico,LOS ANGELES,Estados Unidos,163,23705
2026M04,SAN JOSÉ DEL CABO,Mexico,MINNEAPOLIS,Estados Unidos,33,5228
2026M04,SAN JOSÉ DEL CABO,Mexico,MONTREAL,Canada,4,644
2026M04,SAN JOSÉ DEL CABO,Mexico,NASHVILLE,Estados Unidos,4,412
2026M04,SAN JOSÉ DEL CABO,Mexico,NEWARK,Estados Unidos,20,2783
2026M04,SAN JOSÉ DEL CABO,Mexico,NUEVA YORK,Estados Unidos,34,4960
2026M04,SAN JOSÉ DEL CABO,Mexico,OAKLAND,Estados Unidos,13,1601
2026M04,SAN JOSÉ DEL CABO,Mexico,ONTARIO,Estados Unidos,12,1210
2026M04,SAN JOSÉ DEL CABO,Mexico,PANAMA,Panama,13,1471
2026M04,SAN JOSÉ DEL CABO,Mexico,PHOENIX,Estados Unidos,125,14731
2026M04,SAN JOSÉ DEL CABO,Mexico,"PORTLAND, OREGON",Estados Unidos,25,3701
2026M04,SAN JOSÉ DEL CABO,Mexico,SACRAMENTO,Estados Unidos,24,3107
2026M04,SAN JOSÉ DEL CABO,Mexico,SALT LAKE CITY,Estados Unidos,42,6697
2026M04,SAN JOSÉ DEL CABO,Mexico,SAN DIEGO,Estados Unidos,68,8700
2026M04,SAN JOSÉ DEL CABO,Mexico,SAN FRANCISCO,Estados Unidos,94,12908
2026M04,SAN JOSÉ DEL CABO,Mexico,"SAN JOSE, CALIFORNIA",Estados Unidos,8,1127
2026M04,SAN JOSÉ DEL CABO,Mexico,"SANTA ANA, CALIFORNIA",Estados Unidos,30,3315
2026M04,SAN JOSÉ DEL CABO,Mexico,SEATTLE,Estados Unidos,84,11843
2026M04,SAN JOSÉ DEL CABO,Mexico,ST. LOUIS,Estados Unidos,1,104
2026M04,SAN JOSÉ DEL CABO,Mexico,TORONTO,Canada,32,5203
2026M04,SAN JOSÉ DEL CABO,Mexico,VANCOUVER,Canada,55,8977
2026M04,SAN JOSÉ DEL CABO,Mexico,"VICTORIA, COLUMBIA",Canada,3,463
2026M04,SAN JOSÉ DEL CABO,Mexico,WINNIPEG,Canada,4,572
2026M04,SAN LUIS POTOSI,Mexico,ATLANTA,Estados Unidos,29,1765
2026M04,SAN LUIS POTOSI,Mexico,CHICAGO,Estados Unidos,0,0
2026M04,SAN LUIS POTOSI,Mexico,DALLAS-FORT WORTH,Estados Unidos,47,5050
2026M04,SAN LUIS POTOSI,Mexico,HOUSTON,Estados Unidos,73,3894
2026M04,SAN LUIS POTOSI,Mexico,SAN ANTONIO,Estados Unidos,13,776
2026M04,SAN PEDRO SULA,Honduras,MEXICO,Mexico,17,1236
2026M04,SAN SALVADOR,El Salvador,MEXICO,Mexico,64,9133
2026M04,"SANTA ANA, CALIFORNIA",Estados Unidos,PUERTO VALLARTA,Mexico,9,909
2026M04,"SANTA ANA, CALIFORNIA",Estados Unidos,SAN JOSÉ DEL CABO,Mexico,30,3146
2026M04,SANTA LUCÍA,Mexico,BOGOTA,Colombia,63,5500
2026M04,SANTA LUCÍA,Mexico,CAMPINAS,Brasil,9,0
2026M04,SANTA LUCÍA,Mexico,CARACAS,Venezuela,4,790
2026M04,SANTA LUCÍA,Mexico,CARTAGENA DE INDIAS,Colombia,0,0
2026M04,SANTA LUCÍA,Mexico,CHICAGO,Estados Unidos,0,0
2026M04,SANTA LUCÍA,Mexico,DOHA,Qatar,7,0
2026M04,SANTA LUCÍA,Mexico,ESTAMBUL (ARNAVUTKOY),Turquia,8,0
2026M04,SANTA LUCÍA,Mexico,FRANKFURT,Alemania,24,0
2026M04,SANTA LUCÍA,Mexico,GUATEMALA,Guatemala,15,0
2026M04,SANTA LUCÍA,Mexico,HONG KONG,HONG KONG,29,0
2026M04,SANTA LUCÍA,Mexico,HOUSTON,Estados Unidos,4,0
2026M04,SANTA LUCÍA,Mexico,JEBEL ALI,Emiratos Arabes,8,0
2026M04,SANTA LUCÍA,Mexico,LA HABANA,Cuba,14,1239
2026M04,SANTA LUCÍA,Mexico,LIMA,Peru,4,0
2026M04,SANTA LUCÍA,Mexico,LOS ANGELES,Estados Unidos,40,0
2026M04,SANTA LUCÍA,Mexico,"LOUISVILLE, KENTUCKY",Estados Unidos,22,0
2026M04,SANTA LUCÍA,Mexico,LUXEMBURGO,Luxemburgo,27,0
2026M04,SANTA LUCÍA,Mexico,MEDELLIN,Colombia,0,0
2026M04,SANTA LUCÍA,Mexico,MIAMI,Estados Unidos,5,0
2026M04,SANTA LUCÍA,Mexico,MONTREAL,Canada,0,0
2026M04,SANTA LUCÍA,Mexico,PANAMA,Panama,4,0
2026M04,SANTA LUCÍA,Mexico,PARIS,Francia,8,0
2026M04,SANTA LUCÍA,Mexico,PUNTA CANA,Republica Dominicana,26,4001
2026M04,SANTA LUCÍA,Mexico,QUITO,Ecuador,16,0
2026M04,SANTA LUCÍA,Mexico,SAN ANTONIO,Estados Unidos,19,109
2026M04,SANTA LUCÍA,Mexico,"SAN JOSE, COSTA RICA",Costa Rica,4,0
2026M04,SANTA LUCÍA,Mexico,SAN PEDRO SULA,Honduras,0,0
2026M04,SANTA LUCÍA,Mexico,SANTIAGO DE CHILE,Chile,4,0
2026M04,SANTA LUCÍA,Mexico,"SANTO DOMINGO,REP DOM",Republica Dominicana,17,2251
2026M04,SANTA LUCÍA,Mexico,SHANGHAI,China,27,0
2026M04,SANTA LUCÍA,Mexico,SHENZHEN,China,3,0
2026M04,SANTA LUCÍA,Mexico,Seoul,COREA DEL SUR,0,0
2026M04,SANTA LUCÍA,Mexico,TORONTO,Canada,23,0
2026M04,SANTA LUCÍA,Mexico,"VALENCIA, Venezuela",Venezuela,0,0
2026M04,SANTA LUCÍA,Mexico,VANCOUVER,Canada,0,0
2026M04,SANTA LUCÍA,Mexico,WUXI,China,0,0
2026M04,SANTIAGO DE CHILE,Chile,CANCUN,Mexico,4,1042
2026M04,SANTIAGO DE CHILE,Chile,MEXICO,Mexico,28,5497
2026M04,SANTIAGO DE CHILE,Chile,SANTA LUCÍA,Mexico,0,0
2026M04,"SANTO DOMINGO,REP DOM",Republica Dominicana,MEXICO,Mexico,30,3685
2026M04,"SANTO DOMINGO,REP DOM",Republica Dominicana,SANTA LUCÍA,Mexico,18,2225
2026M04,SAO PAULO,Brasil,MEXICO,Mexico,59,14111
2026M04,SASKATOON,Canada,CANCUN,Mexico,10,1158
2026M04,SASKATOON,Canada,PUERTO VALLARTA,Mexico,8,866
2026M04,SEATTLE,Estados Unidos,CANCUN,Mexico,60,9536
2026M04,SEATTLE,Estados Unidos,GUADALAJARA,Mexico,37,7033
2026M04,SEATTLE,Estados Unidos,MEXICO,Mexico,30,4049
2026M04,SEATTLE,Estados Unidos,PUERTO VALLARTA,Mexico,9,1494
2026M04,SEATTLE,Estados Unidos,SAN JOSÉ DEL CABO,Mexico,83,11634
2026M04,SHANGHAI,China,SANTA LUCÍA,Mexico,35,0
2026M04,SHENZHEN,China,MEXICO,Mexico,13,2199
2026M04,SHENZHEN,China,SANTA LUCÍA,Mexico,3,0
2026M04,ST. JOHN'S,Canada,CANCUN,Mexico,4,728
2026M04,ST. LOUIS,Estados Unidos,CANCUN,Mexico,64,8724
2026M04,ST. LOUIS,Estados Unidos,PUERTO VALLARTA,Mexico,0,0
2026M04,ST. LOUIS,Estados Unidos,SAN JOSÉ DEL CABO,Mexico,1,34
2026M04,Seoul,COREA DEL SUR,GUADALAJARA,Mexico,14,0
2026M04,Seoul,COREA DEL SUR,MEXICO,Mexico,30,7404
2026M04,Seoul,COREA DEL SUR,SANTA LUCÍA,Mexico,3,0
2026M04,TAMPA,Estados Unidos,CANCUN,Mexico,30,3205
2026M04,TAMPA,Estados Unidos,MEXICO,Mexico,30,4308
2026M04,TAMPICO,Mexico,DALLAS-FORT WORTH,Estados Unidos,26,1359
2026M04,TAMPICO,Mexico,HOUSTON,Estados Unidos,30,1691
2026M04,TEPIC,Mexico,CALGARY,Canada,4,177
2026M04,TEPIC,Mexico,HOUSTON,Estados Unidos,4,84
2026M04,TEPIC,Mexico,LOS ANGELES,Estados Unidos,13,1555
2026M04,THUNDER BAY,Canada,CANCUN,Mexico,1,47
2026M04,TIJUANA,Mexico,PHOENIX,Estados Unidos,18,697
2026M04,TOKYO,Japon,MEXICO,Mexico,60,12571
2026M04,TOLUCA,Mexico,MEMPHIS,Estados Unidos,20,0
2026M04,TORONTO,Canada,CANCUN,Mexico,435,77344
2026M04,TORONTO,Canada,COZUMEL,Mexico,16,1800
2026M04,TORONTO,Canada,GUADALAJARA,Mexico,18,1533
2026M04,TORONTO,Canada,HUATULCO,Mexico,7,527
2026M04,TORONTO,Canada,IXTAPA ZIHUATANEJO,Mexico,2,107
2026M04,TORONTO,Canada,MAZATLAN,Mexico,2,327
2026M04,TORONTO,Canada,MERIDA,Mexico,8,756
2026M04,TORONTO,Canada,MEXICO,Mexico,106,12366
2026M04,TORONTO,Canada,MONTERREY,Mexico,15,1686
2026M04,TORONTO,Canada,PUERTO ESCONDIDO,Mexico,2,126
2026M04,TORONTO,Canada,PUERTO VALLARTA,Mexico,71,6416
2026M04,TORONTO,Canada,SAN JOSÉ DEL CABO,Mexico,30,4363
2026M04,TORONTO,Canada,SANTA LUCÍA,Mexico,27,0
2026M04,TORONTO,Canada,TULUM,Mexico,19,1982
2026M04,TORREON,Mexico,DALLAS-FORT WORTH,Estados Unidos,30,1656
2026M04,TORREON,Mexico,SAN ANTONIO,Estados Unidos,0,0
2026M04,TULSA,Estados Unidos,CANCUN,Mexico,0,0
2026M04,TULUM,Mexico,ATLANTA,Estados Unidos,30,4122
2026M04,TULUM,Mexico,CALGARY,Canada,7,1120
2026M04,TULUM,Mexico,DALLAS-FORT WORTH,Estados Unidos,30,3008
2026M04,TULUM,Mexico,HOUSTON,Estados Unidos,21,2202
2026M04,TULUM,Mexico,MIAMI,Estados Unidos,20,1481
2026M04,TULUM,Mexico,MONTREAL,Canada,23,3831
2026M04,TULUM,Mexico,NEWARK,Estados Unidos,0,0
2026M04,TULUM,Mexico,NUEVA YORK,Estados Unidos,0,0
2026M04,TULUM,Mexico,QUEBEC,Canada,8,1404
2026M04,TULUM,Mexico,TORONTO,Canada,19,2885
2026M04,URUAPAN,Mexico,LOS ANGELES,Estados Unidos,8,1075
2026M04,"VALENCIA, Venezuela",Venezuela,CANCUN,Mexico,0,0
2026M04,"VALENCIA, Venezuela",Venezuela,SANTA LUCÍA,Mexico,0,0
2026M04,VANCOUVER,Canada,CANCUN,Mexico,118,17310
2026M04,VANCOUVER,Canada,GUADALAJARA,Mexico,17,1863
2026M04,VANCOUVER,Canada,HUATULCO,Mexico,14,1087
2026M04,VANCOUVER,Canada,IXTAPA ZIHUATANEJO,Mexico,6,325
2026M04,VANCOUVER,Canada,MAZATLAN,Mexico,11,1017
2026M04,VANCOUVER,Canada,MEXICO,Mexico,87,11109
2026M04,VANCOUVER,Canada,PUERTO VALLARTA,Mexico,99,11635
2026M04,VANCOUVER,Canada,SAN JOSÉ DEL CABO,Mexico,55,7892
2026M04,VERACRUZ,Mexico,DALLAS-FORT WORTH,Estados Unidos,56,1983
2026M04,VERACRUZ,Mexico,HOUSTON,Estados Unidos,30,2656
2026M04,"VICTORIA, COLUMBIA",Canada,CANCUN,Mexico,11,1450
2026M04,"VICTORIA, COLUMBIA",Canada,PUERTO VALLARTA,Mexico,11,1294
2026M04,"VICTORIA, COLUMBIA",Canada,SAN JOSÉ DEL CABO,Mexico,3,352
2026M04,WASHINGTON,Estados Unidos,CANCUN,Mexico,60,8225
2026M04,WASHINGTON,Estados Unidos,MEXICO,Mexico,60,6572
2026M04,WINDSOR,Canada,CANCUN,Mexico,0,0
2026M04,WINNIPEG,Canada,CANCUN,Mexico,44,4820
2026M04,WINNIPEG,Canada,HUATULCO,Mexico,7,329
2026M04,WINNIPEG,Canada,MAZATLAN,Mexico,2,165
2026M04,WINNIPEG,Canada,PUERTO VALLARTA,Mexico,18,1458
2026M04,WINNIPEG,Canada,SAN JOSÉ DEL CABO,Mexico,4,310
2026M04,WUXI,China,SANTA LUCÍA,Mexico,15,0
2026M04,ZACATECAS,Mexico,CHICAGO,Estados Unidos,17,2631
2026M04,ZACATECAS,Mexico,DALLAS-FORT WORTH,Estados Unidos,30,1629
2026M04,ZACATECAS,Mexico,LOS ANGELES,Estados Unidos,17,2671
2026M04,ZACATECAS,Mexico,OAKLAND,Estados Unidos,5,489
2026M04,ZACATECAS,Mexico,"SAN JOSE, CALIFORNIA",Estados Unidos,10,1196
2026M04,"ZARAGOZA, ES",España,SANTA LUCÍA,Mexico,18,0
2026M04,ZURICH,Suiza,CANCUN,Mexico,13,3886
2026M05,ABBOTSFORD,Canada,PUERTO VALLARTA,Mexico,0,0
2026M05,ACAPULCO,Mexico,DALLAS-FORT WORTH,Estados Unidos,9,567
2026M05,ACAPULCO,Mexico,HOUSTON,Estados Unidos,6,324
2026M05,ACAPULCO,Mexico,MONTREAL,Canada,0,0
2026M05,AGUASCALIENTES,Mexico,CHICAGO,Estados Unidos,17,2960
2026M05,AGUASCALIENTES,Mexico,DALLAS-FORT WORTH,Estados Unidos,62,3265
2026M05,AGUASCALIENTES,Mexico,HOUSTON,Estados Unidos,61,2958
2026M05,AGUASCALIENTES,Mexico,LOS ANGELES,Estados Unidos,18,2930
2026M05,AMSTERDAM,Paises Bajos,CANCUN,Mexico,9,2042
2026M05,AMSTERDAM,Paises Bajos,MEXICO,Mexico,61,14294
2026M05,ATLANTA,Estados Unidos,CANCUN,Mexico,180,30484
2026M05,ATLANTA,Estados Unidos,COZUMEL,Mexico,1,49
2026M05,ATLANTA,Estados Unidos,DEL BAJIO,Mexico,31,2210
2026M05,ATLANTA,Estados Unidos,GUADALAJARA,Mexico,30,4833
2026M05,ATLANTA,Estados Unidos,MEXICO,Mexico,155,21578
2026M05,ATLANTA,Estados Unidos,MONTERREY,Mexico,62,5351
2026M05,ATLANTA,Estados Unidos,PUERTO VALLARTA,Mexico,31,4815
2026M05,ATLANTA,Estados Unidos,QUERETARO,Mexico,31,2663
2026M05,ATLANTA,Estados Unidos,SAN JOSÉ DEL CABO,Mexico,40,6796
2026M05,ATLANTA,Estados Unidos,SAN LUIS POTOSI,Mexico,0,0
2026M05,ATLANTA,Estados Unidos,TULUM,Mexico,10,962
2026M05,AUSTIN,Estados Unidos,CANCUN,Mexico,31,4829
2026M05,AUSTIN,Estados Unidos,MEXICO,Mexico,31,4511
2026M05,AUSTIN,Estados Unidos,MONTERREY,Mexico,18,2287
2026M05,AUSTIN,Estados Unidos,PUERTO VALLARTA,Mexico,0,0
2026M05,AUSTIN,Estados Unidos,SAN JOSÉ DEL CABO,Mexico,0,0
2026M05,BALTIMORE,Estados Unidos,CANCUN,Mexico,69,6998
2026M05,BALTIMORE,Estados Unidos,SAN JOSÉ DEL CABO,Mexico,0,0
2026M05,"BARCELONA, España",España,CANCUN,Mexico,0,0
2026M05,"BARCELONA, España",España,MEXICO,Mexico,58,11536
2026M05,BELFAST,Reino Unido,CANCUN,Mexico,0,0
2026M05,BELICE,Belice,CANCUN,Mexico,34,308
2026M05,"BIRMINGHAM, INGLATERRA",Reino Unido,CANCUN,Mexico,9,2924
2026M05,BOGOTA,Colombia,CANCUN,Mexico,113,14352
2026M05,BOGOTA,Colombia,GUADALAJARA,Mexico,10,1611
2026M05,BOGOTA,Colombia,MEXICO,Mexico,217,32725
2026M05,BOGOTA,Colombia,MONTERREY,Mexico,32,4170
2026M05,BOGOTA,Colombia,SANTA LUCÍA,Mexico,49,6329
2026M05,BOSTON,Estados Unidos,CANCUN,Mexico,68,9222
2026M05,BOSTON,Estados Unidos,MEXICO,Mexico,31,3981
2026M05,BRASILIA,Brasil,CANCUN,Mexico,0,0
2026M05,BROWNSVILLE,Estados Unidos,MONTERREY,Mexico,25,95
2026M05,BUENOS AIRES,Argentina,CANCUN,Mexico,17,3457
2026M05,BUENOS AIRES,Argentina,MEXICO,Mexico,31,7366
2026M05,CALGARY,Canada,CANCUN,Mexico,50,8010
2026M05,CALGARY,Canada,COZUMEL,Mexico,0,0
2026M05,CALGARY,Canada,GUADALAJARA,Mexico,5,333
2026M05,CALGARY,Canada,HUATULCO,Mexico,0,0
2026M05,CALGARY,Canada,IXTAPA ZIHUATANEJO,Mexico,0,0
2026M05,CALGARY,Canada,LORETO,Mexico,0,0
2026M05,CALGARY,Canada,MANZANILLO,Mexico,0,0
2026M05,CALGARY,Canada,MAZATLAN,Mexico,7,701
2026M05,CALGARY,Canada,MEXICO,Mexico,21,1923
2026M05,CALGARY,Canada,PUERTO ESCONDIDO,Mexico,0,0
2026M05,CALGARY,Canada,PUERTO VALLARTA,Mexico,40,5142
2026M05,CALGARY,Canada,SAN JOSÉ DEL CABO,Mexico,26,3507
2026M05,CALGARY,Canada,TEPIC,Mexico,0,0
2026M05,CALGARY,Canada,TULUM,Mexico,0,0
2026M05,CALI,Colombia,MEXICO,Mexico,19,1828
2026M05,CAMAGUEY,Cuba,CANCUN,Mexico,4,349
2026M05,CAMPINAS,Brasil,SANTA LUCÍA,Mexico,9,0
2026M05,CANCUN,Mexico,AMSTERDAM,Paises Bajos,9,2243
2026M05,CANCUN,Mexico,ATLANTA,Estados Unidos,180,29385
2026M05,CANCUN,Mexico,AUSTIN,Estados Unidos,31,4645
2026M05,CANCUN,Mexico,BALTIMORE,Estados Unidos,72,7499
2026M05,CANCUN,Mexico,"BARCELONA, España",España,0,0
2026M05,CANCUN,Mexico,BELFAST,Reino Unido,0,0
2026M05,CANCUN,Mexico,BELICE,Belice,34,262
2026M05,CANCUN,Mexico,"BIRMINGHAM, INGLATERRA",Reino Unido,9,3066
2026M05,CANCUN,Mexico,BOGOTA,Colombia,112,15210
2026M05,CANCUN,Mexico,BOSTON,Estados Unidos,68,10593
2026M05,CANCUN,Mexico,BRASILIA,Brasil,0,0
2026M05,CANCUN,Mexico,BUENOS AIRES,Argentina,17,3612
2026M05,CANCUN,Mexico,CALGARY,Canada,50,8456
2026M05,CANCUN,Mexico,CAMAGUEY,Cuba,4,364
2026M05,CANCUN,Mexico,CARACAS,Venezuela,5,333
2026M05,CANCUN,Mexico,CHARLOTTE,Estados Unidos,104,17224
2026M05,CANCUN,Mexico,CHARLOTTETOWN,Canada,0,0
2026M05,CANCUN,Mexico,CHICAGO,Estados Unidos,236,37963
2026M05,CANCUN,Mexico,CLEVELAND,Estados Unidos,28,3483
2026M05,CANCUN,Mexico,COLORADO SPRINGS,Estados Unidos,0,0
2026M05,CANCUN,Mexico,"COLUMBUS, Ohio",Estados Unidos,10,1055
2026M05,CANCUN,Mexico,COVINGTON,Estados Unidos,6,535
2026M05,CANCUN,Mexico,"Cardiff, Glamorgan",Reino Unido,0,0
2026M05,CANCUN,Mexico,"Charleston, Sur de Carolina",Estados Unidos,4,266
2026M05,CANCUN,Mexico,DALLAS-FORT WORTH,Estados Unidos,261,41251
2026M05,CANCUN,Mexico,DENVER,Estados Unidos,125,19618
2026M05,CANCUN,Mexico,DETROIT,Estados Unidos,36,6350
2026M05,CANCUN,Mexico,DUBLIN,Irlanda,0,0
2026M05,CANCUN,Mexico,EDMONTON,Canada,21,3392
2026M05,CANCUN,Mexico,ESTAMBUL (ARNAVUTKOY),Turquia,37,6897
2026M05,CANCUN,Mexico,FORT LAUDERDALE,Estados Unidos,56,7080
2026M05,CANCUN,Mexico,FRANKFURT,Alemania,26,7938
2026M05,CANCUN,Mexico,"Fredericton, Canada",Canada,1,189
2026M05,CANCUN,Mexico,"GANDER, Canadá",Canada,0,0
2026M05,CANCUN,Mexico,GLASGOW,Reino Unido,7,1729
2026M05,CANCUN,Mexico,GUATEMALA,Guatemala,31,2617
2026M05,CANCUN,Mexico,HALIFAX,Canada,11,1899
2026M05,CANCUN,Mexico,HAMILTON,Canada,0,0
2026M05,CANCUN,Mexico,HARLINGEN TEXAS,Estados Unidos,1,4
2026M05,CANCUN,Mexico,HOUSTON,Estados Unidos,256,35102
2026M05,CANCUN,Mexico,INDIANAPOLIS,Estados Unidos,5,686
2026M05,CANCUN,Mexico,KANSAS CITY,Estados Unidos,31,4124
2026M05,CANCUN,Mexico,KELOWNA,Canada,0,0
2026M05,CANCUN,Mexico,KITCHENER,Canada,0,0
2026M05,CANCUN,Mexico,LA HABANA,Cuba,31,3355
2026M05,CANCUN,Mexico,LAS VEGAS,Estados Unidos,0,0
2026M05,CANCUN,Mexico,LIMA,Peru,84,12771
2026M05,CANCUN,Mexico,LISBON,Portugal,4,1425
2026M05,CANCUN,Mexico,"LONDON, ONTARIO",Canada,1,190
2026M05,CANCUN,Mexico,LONDRES,Reino Unido,47,14525
2026M05,CANCUN,Mexico,LOS ANGELES,Estados Unidos,128,19274
2026M05,CANCUN,Mexico,MADRID,España,37,13383
2026M05,CANCUN,Mexico,MANCHESTER,Reino Unido,23,7580
2026M05,CANCUN,Mexico,MEDELLIN,Colombia,32,4204
2026M05,CANCUN,Mexico,MIAMI,Estados Unidos,118,16489
2026M05,CANCUN,Mexico,MILAN,Italia,1,351
2026M05,CANCUN,Mexico,MILWAUKEE,Estados Unidos,0,0
2026M05,CANCUN,Mexico,MINNEAPOLIS,Estados Unidos,48,7888
2026M05,CANCUN,Mexico,MONCTON,Canada,1,180
2026M05,CANCUN,Mexico,MONTREAL,Canada,102,22203
2026M05,CANCUN,Mexico,NASHVILLE,Estados Unidos,31,4761
2026M05,CANCUN,Mexico,NEWARK,Estados Unidos,115,17314
2026M05,CANCUN,Mexico,NEWCASTLE,Reino Unido,5,1303
2026M05,CANCUN,Mexico,NORFOLK,Estados Unidos,6,334
2026M05,CANCUN,Mexico,NUEVA ORLEANS,Estados Unidos,11,785
2026M05,CANCUN,Mexico,NUEVA YORK,Estados Unidos,170,25091
2026M05,CANCUN,Mexico,ORLANDO,Estados Unidos,75,8578
2026M05,CANCUN,Mexico,OTTAWA,Canada,15,2012
2026M05,CANCUN,Mexico,PANAMA,Panama,177,25575
2026M05,CANCUN,Mexico,PARIS,Francia,18,6954
2026M05,CANCUN,Mexico,PHILADELPHIA,Estados Unidos,70,10769
2026M05,CANCUN,Mexico,PHOENIX,Estados Unidos,62,8997
2026M05,CANCUN,Mexico,PITTSBURGH,Estados Unidos,0,0
2026M05,CANCUN,Mexico,"PORTLAND, OREGON",Estados Unidos,0,0
2026M05,CANCUN,Mexico,PUNTA CANA,Republica Dominicana,31,4489
2026M05,CANCUN,Mexico,"Providence, Rhode Island",Estados Unidos,0,0
2026M05,CANCUN,Mexico,QUEBEC,Canada,14,2485
2026M05,CANCUN,Mexico,RALEIGH/DURHAM,Estados Unidos,1,47
2026M05,CANCUN,Mexico,"REGINA, Canada",Canada,0,0
2026M05,CANCUN,Mexico,ROMA,Italia,4,1290
2026M05,CANCUN,Mexico,SALT LAKE CITY,Estados Unidos,31,5361
2026M05,CANCUN,Mexico,SAN ANTONIO,Estados Unidos,7,794
2026M05,CANCUN,Mexico,SAN FRANCISCO,Estados Unidos,64,10218
2026M05,CANCUN,Mexico,"SAN JOSE, COSTA RICA",Costa Rica,62,5717
2026M05,CANCUN,Mexico,SANTIAGO DE CHILE,Chile,5,1309
2026M05,CANCUN,Mexico,SASKATOON,Canada,0,0
2026M05,CANCUN,Mexico,SEATTLE,Estados Unidos,43,7137
2026M05,CANCUN,Mexico,ST. JOHN'S,Canada,2,376
2026M05,CANCUN,Mexico,ST. LOUIS,Estados Unidos,67,10385
2026M05,CANCUN,Mexico,TAMPA,Estados Unidos,31,3676
2026M05,CANCUN,Mexico,THUNDER BAY,Canada,0,0
2026M05,CANCUN,Mexico,TORONTO,Canada,273,47353
2026M05,CANCUN,Mexico,TULSA,Estados Unidos,4,500
2026M05,CANCUN,Mexico,"VALENCIA, Venezuela",Venezuela,0,0
2026M05,CANCUN,Mexico,VANCOUVER,Canada,44,7398
2026M05,CANCUN,Mexico,"VICTORIA, COLUMBIA",Canada,0,0
2026M05,CANCUN,Mexico,WASHINGTON,Estados Unidos,62,10052
2026M05,CANCUN,Mexico,WINDSOR,Canada,0,0
2026M05,CANCUN,Mexico,WINNIPEG,Canada,13,2054
2026M05,CANCUN,Mexico,ZURICH,Suiza,5,1197
2026M05,CARACAS,Venezuela,CANCUN,Mexico,5,354
2026M05,CARACAS,Venezuela,SANTA LUCÍA,Mexico,4,696
2026M05,CARTAGENA DE INDIAS,Colombia,MEXICO,Mexico,31,4504
2026M05,CARTAGENA DE INDIAS,Colombia,SANTA LUCÍA,Mexico,0,0
2026M05,CHARLOTTE,Estados Unidos,CANCUN,Mexico,104,17784
2026M05,CHARLOTTE,Estados Unidos,COZUMEL,Mexico,5,493
2026M05,CHARLOTTE,Estados Unidos,GUADALAJARA,Mexico,13,1916
2026M05,CHARLOTTE,Estados Unidos,MEXICO,Mexico,31,4418
2026M05,CHARLOTTE,Estados Unidos,SAN JOSÉ DEL CABO,Mexico,12,1858
2026M05,CHARLOTTETOWN,Canada,CANCUN,Mexico,0,0
2026M05,CHICAGO,Estados Unidos,AGUASCALIENTES,Mexico,17,2525
2026M05,CHICAGO,Estados Unidos,CANCUN,Mexico,236,36951
2026M05,CHICAGO,Estados Unidos,COZUMEL,Mexico,0,0
2026M05,CHICAGO,Estados Unidos,DEL BAJIO,Mexico,30,4321
2026M05,CHICAGO,Estados Unidos,DURANGO,Mexico,13,1424
2026M05,CHICAGO,Estados Unidos,GUADALAJARA,Mexico,130,20580
2026M05,CHICAGO,Estados Unidos,IXTAPA ZIHUATANEJO,Mexico,0,0
2026M05,CHICAGO,Estados Unidos,MEXICO,Mexico,217,34951
2026M05,CHICAGO,Estados Unidos,MONTERREY,Mexico,46,4657
2026M05,CHICAGO,Estados Unidos,MORELIA,Mexico,54,8232
2026M05,CHICAGO,Estados Unidos,PUERTO VALLARTA,Mexico,27,3103
2026M05,CHICAGO,Estados Unidos,QUERETARO,Mexico,9,1218
2026M05,CHICAGO,Estados Unidos,SAN JOSÉ DEL CABO,Mexico,36,5803
2026M05,CHICAGO,Estados Unidos,SAN LUIS POTOSI,Mexico,0,0
2026M05,CHICAGO,Estados Unidos,ZACATECAS,Mexico,18,2399
2026M05,CHIHUAHUA,Mexico,DALLAS-FORT WORTH,Estados Unidos,70,4163
2026M05,CHIHUAHUA,Mexico,DENVER,Estados Unidos,13,1707
2026M05,CLEVELAND,Estados Unidos,CANCUN,Mexico,28,3412
2026M05,COLORADO SPRINGS,Estados Unidos,CANCUN,Mexico,0,0
2026M05,"COLUMBUS, Ohio",Estados Unidos,CANCUN,Mexico,10,994
2026M05,COMAYAGUA,Honduras,MEXICO,Mexico,18,776
2026M05,COMOX,Canada,PUERTO VALLARTA,Mexico,0,0
2026M05,COVINGTON,Estados Unidos,CANCUN,Mexico,6,725
2026M05,COZUMEL,Mexico,ATLANTA,Estados Unidos,1,123
2026M05,COZUMEL,Mexico,CALGARY,Canada,0,0
2026M05,COZUMEL,Mexico,CHARLOTTE,Estados Unidos,5,536
2026M05,COZUMEL,Mexico,CHICAGO,Estados Unidos,0,0
2026M05,COZUMEL,Mexico,DALLAS-FORT WORTH,Estados Unidos,36,4683
2026M05,COZUMEL,Mexico,DENVER,Estados Unidos,5,579
2026M05,COZUMEL,Mexico,HOUSTON,Estados Unidos,31,2898
2026M05,COZUMEL,Mexico,MIAMI,Estados Unidos,31,1816
2026M05,COZUMEL,Mexico,MINNEAPOLIS,Estados Unidos,0,0
2026M05,COZUMEL,Mexico,MONTREAL,Canada,5,687
2026M05,COZUMEL,Mexico,TORONTO,Canada,3,547
2026M05,CULIACAN,Mexico,PHOENIX,Estados Unidos,9,1102
2026M05,"Cardiff, Glamorgan",Reino Unido,CANCUN,Mexico,0,0
2026M05,"Charleston, Sur de Carolina",Estados Unidos,CANCUN,Mexico,4,301
2026M05,DALLAS-FORT WORTH,Estados Unidos,ACAPULCO,Mexico,9,541
2026M05,DALLAS-FORT WORTH,Estados Unidos,AGUASCALIENTES,Mexico,62,3553
2026M05,DALLAS-FORT WORTH,Estados Unidos,CANCUN,Mexico,262,43571
2026M05,DALLAS-FORT WORTH,Estados Unidos,CHIHUAHUA,Mexico,70,4326
2026M05,DALLAS-FORT WORTH,Estados Unidos,COZUMEL,Mexico,36,4831
2026M05,DALLAS-FORT WORTH,Estados Unidos,DEL BAJIO,Mexico,74,9237
2026M05,DALLAS-FORT WORTH,Estados Unidos,DURANGO,Mexico,31,2849
2026M05,DALLAS-FORT WORTH,Estados Unidos,GUADALAJARA,Mexico,102,16546
2026M05,DALLAS-FORT WORTH,Estados Unidos,HUATULCO,Mexico,9,589
2026M05,DALLAS-FORT WORTH,Estados Unidos,IXTAPA ZIHUATANEJO,Mexico,2,100
2026M05,DALLAS-FORT WORTH,Estados Unidos,LORETO,Mexico,5,148
2026M05,DALLAS-FORT WORTH,Estados Unidos,MANZANILLO,Mexico,0,0
2026M05,DALLAS-FORT WORTH,Estados Unidos,MAZATLAN,Mexico,6,690
2026M05,DALLAS-FORT WORTH,Estados Unidos,MERIDA,Mexico,23,1758
2026M05,DALLAS-FORT WORTH,Estados Unidos,MEXICO,Mexico,206,27875
2026M05,DALLAS-FORT WORTH,Estados Unidos,MONTERREY,Mexico,190,16049
2026M05,DALLAS-FORT WORTH,Estados Unidos,MORELIA,Mexico,49,5229
2026M05,DALLAS-FORT WORTH,Estados Unidos,OAXACA,Mexico,31,3761
2026M05,DALLAS-FORT WORTH,Estados Unidos,PUERTO ESCONDIDO,Mexico,9,540
2026M05,DALLAS-FORT WORTH,Estados Unidos,PUERTO VALLARTA,Mexico,61,9257
2026M05,DALLAS-FORT WORTH,Estados Unidos,QUERETARO,Mexico,70,9980
2026M05,DALLAS-FORT WORTH,Estados Unidos,SAN JOSÉ DEL CABO,Mexico,131,20241
2026M05,DALLAS-FORT WORTH,Estados Unidos,SAN LUIS POTOSI,Mexico,49,5709
2026M05,DALLAS-FORT WORTH,Estados Unidos,TAMPICO,Mexico,26,1280
2026M05,DALLAS-FORT WORTH,Estados Unidos,TORREON,Mexico,40,2382
2026M05,DALLAS-FORT WORTH,Estados Unidos,TULUM,Mexico,29,2452
2026M05,DALLAS-FORT WORTH,Estados Unidos,VERACRUZ,Mexico,31,1960
2026M05,DALLAS-FORT WORTH,Estados Unidos,ZACATECAS,Mexico,31,1824
2026M05,DEER LAKE,Canada,CANCUN,Mexico,0,0
2026M05,DEL BAJIO,Mexico,ATLANTA,Estados Unidos,31,2310
2026M05,DEL BAJIO,Mexico,CHICAGO,Estados Unidos,31,4959
2026M05,DEL BAJIO,Mexico,DALLAS-FORT WORTH,Estados Unidos,72,8126
2026M05,DEL BAJIO,Mexico,FRESNO,Estados Unidos,13,1756
2026M05,DEL BAJIO,Mexico,HOUSTON,Estados Unidos,117,6989
2026M05,DEL BAJIO,Mexico,LOS ANGELES,Estados Unidos,18,2453
2026M05,DEL BAJIO,Mexico,OAKLAND,Estados Unidos,14,2020
2026M05,DEL BAJIO,Mexico,ONTARIO,Estados Unidos,13,1287
2026M05,DEL BAJIO,Mexico,SACRAMENTO,Estados Unidos,9,1162
2026M05,DEL BAJIO,Mexico,SAN ANTONIO,Estados Unidos,0,0
2026M05,DEL BAJIO,Mexico,"SAN JOSE, CALIFORNIA",Estados Unidos,9,1232
2026M05,DENVER,Estados Unidos,CANCUN,Mexico,125,19461
2026M05,DENVER,Estados Unidos,CHIHUAHUA,Mexico,13,1552
2026M05,DENVER,Estados Unidos,COZUMEL,Mexico,5,581
2026M05,DENVER,Estados Unidos,GUADALAJARA,Mexico,27,4208
2026M05,DENVER,Estados Unidos,MEXICO,Mexico,93,10073
2026M05,DENVER,Estados Unidos,MONTERREY,Mexico,2,164
2026M05,DENVER,Estados Unidos,PUERTO VALLARTA,Mexico,41,5896
2026M05,DENVER,Estados Unidos,QUERETARO,Mexico,0,0
2026M05,DENVER,Estados Unidos,SAN JOSÉ DEL CABO,Mexico,95,11696
2026M05,DETROIT,Estados Unidos,CANCUN,Mexico,36,6173
2026M05,DETROIT,Estados Unidos,GUADALAJARA,Mexico,0,0
2026M05,DETROIT,Estados Unidos,MEXICO,Mexico,31,3398
2026M05,DETROIT,Estados Unidos,MONTERREY,Mexico,31,1437
2026M05,DETROIT,Estados Unidos,PUERTO VALLARTA,Mexico,0,0
2026M05,DETROIT,Estados Unidos,QUERETARO,Mexico,22,1141
2026M05,DETROIT,Estados Unidos,SAN JOSÉ DEL CABO,Mexico,0,0
2026M05,DOHA,Qatar,SANTA LUCÍA,Mexico,8,0
2026M05,DUBAI,Emiratos Arabes,MEXICO,Mexico,31,2173
2026M05,DUBLIN,Irlanda,CANCUN,Mexico,0,0
2026M05,DURANGO,Mexico,CHICAGO,Estados Unidos,13,1605
2026M05,DURANGO,Mexico,DALLAS-FORT WORTH,Estados Unidos,31,2770
2026M05,EDMONTON,Canada,CANCUN,Mexico,21,2723
2026M05,EDMONTON,Canada,HUATULCO,Mexico,0,0
2026M05,EDMONTON,Canada,MAZATLAN,Mexico,0,0
2026M05,EDMONTON,Canada,PUERTO VALLARTA,Mexico,13,1273
2026M05,EDMONTON,Canada,SAN JOSÉ DEL CABO,Mexico,2,207
2026M05,ESTAMBUL (ARNAVUTKOY),Turquia,CANCUN,Mexico,37,1517
2026M05,ESTAMBUL (ARNAVUTKOY),Turquia,MEXICO,Mexico,37,7654
2026M05,ESTAMBUL (ARNAVUTKOY),Turquia,SANTA LUCÍA,Mexico,4,0
2026M05,FORT LAUDERDALE,Estados Unidos,CANCUN,Mexico,56,7402
2026M05,FRANKFURT,Alemania,CANCUN,Mexico,26,6723
2026M05,FRANKFURT,Alemania,MEXICO,Mexico,31,9046
2026M05,FRANKFURT,Alemania,SAN JOSÉ DEL CABO,Mexico,0,0
2026M05,FRANKFURT,Alemania,SANTA LUCÍA,Mexico,40,0
2026M05,FRESNO,Estados Unidos,DEL BAJIO,Mexico,14,1794
2026M05,FRESNO,Estados Unidos,GUADALAJARA,Mexico,93,15867
2026M05,FRESNO,Estados Unidos,MORELIA,Mexico,17,2176
2026M05,"Fredericton, Canada",Canada,CANCUN,Mexico,0,0
2026M05,GLASGOW,Reino Unido,CANCUN,Mexico,9,2618
2026M05,GUADALAJARA,Mexico,ATLANTA,Estados Unidos,30,4588
2026M05,GUADALAJARA,Mexico,BOGOTA,Colombia,20,1374
2026M05,GUADALAJARA,Mexico,CALGARY,Canada,5,593
2026M05,GUADALAJARA,Mexico,CHARLOTTE,Estados Unidos,13,1953
2026M05,GUADALAJARA,Mexico,CHICAGO,Estados Unidos,129,21216
2026M05,GUADALAJARA,Mexico,DALLAS-FORT WORTH,Estados Unidos,102,15165
2026M05,GUADALAJARA,Mexico,DENVER,Estados Unidos,27,4394
2026M05,GUADALAJARA,Mexico,DETROIT,Estados Unidos,0,0
2026M05,GUADALAJARA,Mexico,FRESNO,Estados Unidos,93,16957
2026M05,GUADALAJARA,Mexico,HONG KONG,HONG KONG,17,0
2026M05,GUADALAJARA,Mexico,HOUSTON,Estados Unidos,124,12181
2026M05,GUADALAJARA,Mexico,LAS VEGAS,Estados Unidos,54,10981
2026M05,GUADALAJARA,Mexico,LOS ANGELES,Estados Unidos,237,41220
2026M05,GUADALAJARA,Mexico,"LOUISVILLE, KENTUCKY",Estados Unidos,19,0
2026M05,GUADALAJARA,Mexico,LUXEMBURGO,Luxemburgo,24,0
2026M05,GUADALAJARA,Mexico,MADRID,España,26,6476
2026M05,GUADALAJARA,Mexico,MEMPHIS,Estados Unidos,49,0
2026M05,GUADALAJARA,Mexico,MIAMI,Estados Unidos,24,2518
2026M05,GUADALAJARA,Mexico,MONTREAL,Canada,0,0
2026M05,GUADALAJARA,Mexico,NEWARK,Estados Unidos,31,4464
2026M05,GUADALAJARA,Mexico,OAKLAND,Estados Unidos,70,12596
2026M05,GUADALAJARA,Mexico,ONTARIO,Estados Unidos,62,10822
2026M05,GUADALAJARA,Mexico,ORLANDO,Estados Unidos,23,3443
2026M05,GUADALAJARA,Mexico,PANAMA,Panama,35,4738
2026M05,GUADALAJARA,Mexico,PARIS,Francia,5,0
2026M05,GUADALAJARA,Mexico,PHOENIX,Estados Unidos,71,6912
2026M05,GUADALAJARA,Mexico,"PORTLAND, OREGON",Estados Unidos,31,6191
2026M05,GUADALAJARA,Mexico,RENO,Estados Unidos,21,2805
2026M05,GUADALAJARA,Mexico,SACRAMENTO,Estados Unidos,93,15677
2026M05,GUADALAJARA,Mexico,SALT LAKE CITY,Estados Unidos,31,4547
2026M05,GUADALAJARA,Mexico,SAN ANTONIO,Estados Unidos,44,5664
2026M05,GUADALAJARA,Mexico,SAN FRANCISCO,Estados Unidos,23,3202
2026M05,GUADALAJARA,Mexico,"SAN JOSE, CALIFORNIA",Estados Unidos,51,9193
2026M05,GUADALAJARA,Mexico,"SAN JOSE, COSTA RICA",Costa Rica,11,910
2026M05,GUADALAJARA,Mexico,SEATTLE,Estados Unidos,31,6371
2026M05,GUADALAJARA,Mexico,Seoul,COREA DEL SUR,13,0
2026M05,GUADALAJARA,Mexico,TORONTO,Canada,11,1550
2026M05,GUADALAJARA,Mexico,VANCOUVER,Canada,18,2950
2026M05,GUATEMALA,Guatemala,CANCUN,Mexico,31,2894
2026M05,GUATEMALA,Guatemala,MERIDA,Mexico,0,0
2026M05,GUATEMALA,Guatemala,MEXICO,Mexico,124,18387
2026M05,GUATEMALA,Guatemala,SANTA LUCÍA,Mexico,15,0
2026M05,HALIFAX,Canada,CANCUN,Mexico,9,974
2026M05,HAMILTON,Canada,CANCUN,Mexico,0,0
2026M05,HAMILTON,Canada,PUERTO VALLARTA,Mexico,0,0
2026M05,"HANGZHOU, China",China,SANTA LUCÍA,Mexico,0,0
2026M05,HARLINGEN TEXAS,Estados Unidos,CANCUN,Mexico,1,166
2026M05,HERMOSILLO,Mexico,PHOENIX,Estados Unidos,31,2109
2026M05,HONG KONG,HONG KONG,GUADALAJARA,Mexico,34,0
2026M05,HONG KONG,HONG KONG,SANTA LUCÍA,Mexico,46,0
2026M05,HOUSTON,Estados Unidos,ACAPULCO,Mexico,6,360
2026M05,HOUSTON,Estados Unidos,AGUASCALIENTES,Mexico,62,3178
2026M05,HOUSTON,Estados Unidos,CANCUN,Mexico,256,38200
2026M05,HOUSTON,Estados Unidos,COZUMEL,Mexico,31,3358
2026M05,HOUSTON,Estados Unidos,DEL BAJIO,Mexico,103,7492
2026M05,HOUSTON,Estados Unidos,GUADALAJARA,Mexico,124,13637
2026M05,HOUSTON,Estados Unidos,IXTAPA ZIHUATANEJO,Mexico,15,678
2026M05,HOUSTON,Estados Unidos,MANZANILLO,Mexico,5,259
2026M05,HOUSTON,Estados Unidos,MAZATLAN,Mexico,5,286
2026M05,HOUSTON,Estados Unidos,MERIDA,Mexico,31,3312
2026M05,HOUSTON,Estados Unidos,MEXICO,Mexico,283,33529
2026M05,HOUSTON,Estados Unidos,MONTERREY,Mexico,233,18711
2026M05,HOUSTON,Estados Unidos,MORELIA,Mexico,44,2831
2026M05,HOUSTON,Estados Unidos,OAXACA,Mexico,31,1683
2026M05,HOUSTON,Estados Unidos,PUEBLA,Mexico,31,1367
2026M05,HOUSTON,Estados Unidos,PUERTO ESCONDIDO,Mexico,13,733
2026M05,HOUSTON,Estados Unidos,PUERTO VALLARTA,Mexico,71,8657
2026M05,HOUSTON,Estados Unidos,QUERETARO,Mexico,102,10187
2026M05,HOUSTON,Estados Unidos,SAN JOSÉ DEL CABO,Mexico,125,14642
2026M05,HOUSTON,Estados Unidos,SAN LUIS POTOSI,Mexico,75,5574
2026M05,HOUSTON,Estados Unidos,TAMPICO,Mexico,31,1738
2026M05,HOUSTON,Estados Unidos,TEPIC,Mexico,5,194
2026M05,HOUSTON,Estados Unidos,TULUM,Mexico,25,2254
2026M05,HOUSTON,Estados Unidos,VERACRUZ,Mexico,31,2824
2026M05,HUATULCO,Mexico,CALGARY,Canada,0,0
2026M05,HUATULCO,Mexico,DALLAS-FORT WORTH,Estados Unidos,9,587
2026M05,HUATULCO,Mexico,EDMONTON,Canada,0,0
2026M05,HUATULCO,Mexico,TORONTO,Canada,0,0
2026M05,HUATULCO,Mexico,VANCOUVER,Canada,0,0
2026M05,HUATULCO,Mexico,WINNIPEG,Canada,0,0
2026M05,INDIANAPOLIS,Estados Unidos,CANCUN,Mexico,5,782
2026M05,INDIANAPOLIS,Estados Unidos,SAN JOSÉ DEL CABO,Mexico,0,0
2026M05,IXTAPA ZIHUATANEJO,Mexico,CALGARY,Canada,0,0
2026M05,IXTAPA ZIHUATANEJO,Mexico,CHICAGO,Estados Unidos,0,0
2026M05,IXTAPA ZIHUATANEJO,Mexico,DALLAS-FORT WORTH,Estados Unidos,2,103
2026M05,IXTAPA ZIHUATANEJO,Mexico,HOUSTON,Estados Unidos,15,727
2026M05,IXTAPA ZIHUATANEJO,Mexico,LOS ANGELES,Estados Unidos,14,1706
2026M05,IXTAPA ZIHUATANEJO,Mexico,MINNEAPOLIS,Estados Unidos,0,0
2026M05,IXTAPA ZIHUATANEJO,Mexico,MONTREAL,Canada,0,0
2026M05,IXTAPA ZIHUATANEJO,Mexico,PHOENIX,Estados Unidos,9,420
2026M05,IXTAPA ZIHUATANEJO,Mexico,SAN FRANCISCO,Estados Unidos,0,0
2026M05,IXTAPA ZIHUATANEJO,Mexico,TORONTO,Canada,0,0
2026M05,IXTAPA ZIHUATANEJO,Mexico,VANCOUVER,Canada,0,0
2026M05,JEBEL ALI,Emiratos Arabes,SANTA LUCÍA,Mexico,16,0
2026M05,KANSAS CITY,Estados Unidos,CANCUN,Mexico,31,4028
2026M05,KANSAS CITY,Estados Unidos,SAN JOSÉ DEL CABO,Mexico,5,529
2026M05,KELOWNA,Canada,CANCUN,Mexico,0,0
2026M05,KELOWNA,Canada,MAZATLAN,Mexico,0,0
2026M05,KELOWNA,Canada,PUERTO VALLARTA,Mexico,0,0
2026M05,KELOWNA,Canada,SAN JOSÉ DEL CABO,Mexico,0,0
2026M05,KITCHENER,Canada,CANCUN,Mexico,0,0
2026M05,LA HABANA,Cuba,CANCUN,Mexico,31,3559
2026M05,LA HABANA,Cuba,MERIDA,Mexico,13,1016
2026M05,LA HABANA,Cuba,MEXICO,Mexico,31,3408
2026M05,LA HABANA,Cuba,MONTERREY,Mexico,9,1044
2026M05,LA HABANA,Cuba,SANTA LUCÍA,Mexico,13,1241
2026M05,LA PAZ,Mexico,LOS ANGELES,Estados Unidos,23,1463
2026M05,LAREDO,Estados Unidos,MONTERREY,Mexico,5,12
2026M05,LAS VEGAS,Estados Unidos,CANCUN,Mexico,0,0
2026M05,LAS VEGAS,Estados Unidos,GUADALAJARA,Mexico,54,11017
2026M05,LAS VEGAS,Estados Unidos,MEXICO,Mexico,93,16405
2026M05,LAS VEGAS,Estados Unidos,MONTERREY,Mexico,31,5530
2026M05,LAS VEGAS,Estados Unidos,PUERTO VALLARTA,Mexico,0,0
2026M05,LAS VEGAS,Estados Unidos,SAN JOSÉ DEL CABO,Mexico,0,0
2026M05,LIMA,Peru,CANCUN,Mexico,84,12226
2026M05,LIMA,Peru,MEXICO,Mexico,91,13342
2026M05,LIMA,Peru,SANTA LUCÍA,Mexico,5,0
2026M05,LISBON,Portugal,CANCUN,Mexico,4,1365
2026M05,LIÈGE,Belgica,SANTA LUCÍA,Mexico,0,0
2026M05,"LONDON, ONTARIO",Canada,CANCUN,Mexico,0,0
2026M05,LONDRES,Reino Unido,CANCUN,Mexico,48,13494
2026M05,LONDRES,Reino Unido,MEXICO,Mexico,61,12508
2026M05,LORETO,Mexico,CALGARY,Canada,0,0
2026M05,LORETO,Mexico,DALLAS-FORT WORTH,Estados Unidos,5,202
2026M05,LORETO,Mexico,LOS ANGELES,Estados Unidos,27,1996
2026M05,LORETO,Mexico,PHOENIX,Estados Unidos,23,1472
2026M05,LORETO,Mexico,SAN FRANCISCO,Estados Unidos,0,0
2026M05,LOS ANGELES,Estados Unidos,AGUASCALIENTES,Mexico,18,2760
2026M05,LOS ANGELES,Estados Unidos,CANCUN,Mexico,128,20173
2026M05,LOS ANGELES,Estados Unidos,DEL BAJIO,Mexico,18,2440
2026M05,LOS ANGELES,Estados Unidos,GUADALAJARA,Mexico,268,41010
2026M05,LOS ANGELES,Estados Unidos,IXTAPA ZIHUATANEJO,Mexico,14,1551
2026M05,LOS ANGELES,Estados Unidos,LA PAZ,Mexico,23,1436
2026M05,LOS ANGELES,Estados Unidos,LORETO,Mexico,27,1882
2026M05,LOS ANGELES,Estados Unidos,MANZANILLO,Mexico,21,1424
2026M05,LOS ANGELES,Estados Unidos,MAZATLAN,Mexico,23,1937
2026M05,LOS ANGELES,Estados Unidos,MERIDA,Mexico,0,0
2026M05,LOS ANGELES,Estados Unidos,MEXICO,Mexico,277,43550
2026M05,LOS ANGELES,Estados Unidos,MONTERREY,Mexico,18,2341
2026M05,LOS ANGELES,Estados Unidos,MORELIA,Mexico,23,2983
2026M05,LOS ANGELES,Estados Unidos,OAXACA,Mexico,14,1788
2026M05,LOS ANGELES,Estados Unidos,PUEBLA,Mexico,0,0
2026M05,LOS ANGELES,Estados Unidos,PUERTO VALLARTA,Mexico,111,17393
2026M05,LOS ANGELES,Estados Unidos,QUERETARO,Mexico,13,1286
2026M05,LOS ANGELES,Estados Unidos,SAN JOSÉ DEL CABO,Mexico,160,21665
2026M05,LOS ANGELES,Estados Unidos,SANTA LUCÍA,Mexico,64,0
2026M05,LOS ANGELES,Estados Unidos,TEPIC,Mexico,13,1432
2026M05,LOS ANGELES,Estados Unidos,URUAPAN,Mexico,9,1107
2026M05,LOS ANGELES,Estados Unidos,ZACATECAS,Mexico,13,2006
2026M05,"LOUISVILLE, KENTUCKY",Estados Unidos,GUADALAJARA,Mexico,4,0
2026M05,"LOUISVILLE, KENTUCKY",Estados Unidos,MONTERREY,Mexico,21,0
2026M05,"LOUISVILLE, KENTUCKY",Estados Unidos,SANTA LUCÍA,Mexico,21,0
2026M05,LUXEMBURGO,Luxemburgo,GUADALAJARA,Mexico,10,0
2026M05,LUXEMBURGO,Luxemburgo,SANTA LUCÍA,Mexico,14,0
2026M05,MADRID,España,CANCUN,Mexico,37,12200
2026M05,MADRID,España,GUADALAJARA,Mexico,26,6205
2026M05,MADRID,España,MEXICO,Mexico,173,47491
2026M05,MADRID,España,MONTERREY,Mexico,27,5916
2026M05,MADRID,España,QUERETARO,Mexico,5,1865
2026M05,MANAGUA,Nicaragua,MEXICO,Mexico,13,896
2026M05,MANCHESTER,Reino Unido,CANCUN,Mexico,22,7237
2026M05,MANZANILLO,Mexico,CALGARY,Canada,0,0
2026M05,MANZANILLO,Mexico,DALLAS-FORT WORTH,Estados Unidos,0,0
2026M05,MANZANILLO,Mexico,HOUSTON,Estados Unidos,5,246
2026M05,MANZANILLO,Mexico,LOS ANGELES,Estados Unidos,21,1449
2026M05,MANZANILLO,Mexico,PHOENIX,Estados Unidos,0,0
2026M05,MAZATLAN,Mexico,CALGARY,Canada,7,1144
2026M05,MAZATLAN,Mexico,DALLAS-FORT WORTH,Estados Unidos,6,777
2026M05,MAZATLAN,Mexico,EDMONTON,Canada,0,0
2026M05,MAZATLAN,Mexico,HOUSTON,Estados Unidos,5,254
2026M05,MAZATLAN,Mexico,KELOWNA,Canada,0,0
2026M05,MAZATLAN,Mexico,LOS ANGELES,Estados Unidos,23,2104
2026M05,MAZATLAN,Mexico,MINNEAPOLIS,Estados Unidos,0,0
2026M05,MAZATLAN,Mexico,MONTREAL,Canada,4,628
2026M05,MAZATLAN,Mexico,PHOENIX,Estados Unidos,31,2982
2026M05,MAZATLAN,Mexico,"REGINA, Canada",Canada,0,0
2026M05,MAZATLAN,Mexico,TORONTO,Canada,0,0
2026M05,MAZATLAN,Mexico,VANCOUVER,Canada,0,0
2026M05,MAZATLAN,Mexico,WINNIPEG,Canada,0,0
2026M05,MC ALLEN,Estados Unidos,MONTERREY,Mexico,23,60
2026M05,MEDELLIN,Colombia,CANCUN,Mexico,32,4085
2026M05,MEDELLIN,Colombia,MEXICO,Mexico,62,8892
2026M05,MEDELLIN,Colombia,SANTA LUCÍA,Mexico,0,0
2026M05,MEMPHIS,Estados Unidos,GUADALAJARA,Mexico,51,0
2026M05,MEMPHIS,Estados Unidos,MONTERREY,Mexico,26,0
2026M05,MEMPHIS,Estados Unidos,QUERETARO,Mexico,17,0
2026M05,MEMPHIS,Estados Unidos,TOLUCA,Mexico,26,0
2026M05,MERIDA,Mexico,DALLAS-FORT WORTH,Estados Unidos,23,1712
2026M05,MERIDA,Mexico,GUATEMALA,Guatemala,0,0
2026M05,MERIDA,Mexico,HOUSTON,Estados Unidos,30,3142
2026M05,MERIDA,Mexico,LA HABANA,Cuba,13,1062
2026M05,MERIDA,Mexico,LOS ANGELES,Estados Unidos,0,0
2026M05,MERIDA,Mexico,MIAMI,Estados Unidos,44,3721
2026M05,MERIDA,Mexico,ORLANDO,Estados Unidos,9,1233
2026M05,MERIDA,Mexico,TORONTO,Canada,3,476
2026M05,MEXICO,Mexico,AMSTERDAM,Paises Bajos,61,14517
2026M05,MEXICO,Mexico,ATLANTA,Estados Unidos,155,20983
2026M05,MEXICO,Mexico,AUSTIN,Estados Unidos,48,4456
2026M05,MEXICO,Mexico,"BARCELONA, España",España,58,10415
2026M05,MEXICO,Mexico,BOGOTA,Colombia,217,31575
2026M05,MEXICO,Mexico,BOSTON,Estados Unidos,31,4055
2026M05,MEXICO,Mexico,BUENOS AIRES,Argentina,31,6570
2026M05,MEXICO,Mexico,CALGARY,Canada,21,2794
2026M05,MEXICO,Mexico,CALI,Colombia,19,1636
2026M05,MEXICO,Mexico,CARTAGENA DE INDIAS,Colombia,31,4108
2026M05,MEXICO,Mexico,CHARLOTTE,Estados Unidos,31,4026
2026M05,MEXICO,Mexico,CHICAGO,Estados Unidos,217,35144
2026M05,MEXICO,Mexico,COMAYAGUA,Honduras,18,830
2026M05,MEXICO,Mexico,DALLAS-FORT WORTH,Estados Unidos,207,25962
2026M05,MEXICO,Mexico,DENVER,Estados Unidos,93,11504
2026M05,MEXICO,Mexico,DETROIT,Estados Unidos,31,3392
2026M05,MEXICO,Mexico,DUBAI,Emiratos Arabes,31,2137
2026M05,MEXICO,Mexico,ESTAMBUL (ARNAVUTKOY),Turquia,37,8414
2026M05,MEXICO,Mexico,FRANKFURT,Alemania,31,10238
2026M05,MEXICO,Mexico,FRESNO,Estados Unidos,0,0
2026M05,MEXICO,Mexico,GUATEMALA,Guatemala,124,15953
2026M05,MEXICO,Mexico,HOUSTON,Estados Unidos,283,30732
2026M05,MEXICO,Mexico,LA HABANA,Cuba,31,2810
2026M05,MEXICO,Mexico,LAS VEGAS,Estados Unidos,93,16607
2026M05,MEXICO,Mexico,LIMA,Peru,90,12974
2026M05,MEXICO,Mexico,LONDRES,Reino Unido,61,13807
2026M05,MEXICO,Mexico,LOS ANGELES,Estados Unidos,276,42847
2026M05,MEXICO,Mexico,MADRID,España,200,49980
2026M05,MEXICO,Mexico,MANAGUA,Nicaragua,13,738
2026M05,MEXICO,Mexico,MEDELLIN,Colombia,62,8336
2026M05,MEXICO,Mexico,MIAMI,Estados Unidos,214,27745
2026M05,MEXICO,Mexico,MINNEAPOLIS,Estados Unidos,31,3160
2026M05,MEXICO,Mexico,MONTREAL,Canada,62,9601
2026M05,MEXICO,Mexico,MUNICH,Alemania,13,2862
2026M05,MEXICO,Mexico,NEWARK,Estados Unidos,92,12102
2026M05,MEXICO,Mexico,NUEVA YORK,Estados Unidos,185,30162
2026M05,MEXICO,Mexico,OAKLAND,Estados Unidos,31,5941
2026M05,MEXICO,Mexico,ORLANDO,Estados Unidos,124,16229
2026M05,MEXICO,Mexico,PANAMA,Panama,217,29228
2026M05,MEXICO,Mexico,PARIS,Francia,90,24945
2026M05,MEXICO,Mexico,PHILADELPHIA,Estados Unidos,31,3446
2026M05,MEXICO,Mexico,PHOENIX,Estados Unidos,62,7227
2026M05,MEXICO,Mexico,PUNTA CANA,Republica Dominicana,31,4569
2026M05,MEXICO,Mexico,QUITO,Ecuador,18,1751
2026M05,MEXICO,Mexico,RALEIGH/DURHAM,Estados Unidos,31,2395
2026M05,MEXICO,Mexico,ROMA,Italia,31,6844
2026M05,MEXICO,Mexico,SACRAMENTO,Estados Unidos,0,0
2026M05,MEXICO,Mexico,SALT LAKE CITY,Estados Unidos,32,3634
2026M05,MEXICO,Mexico,SAN ANTONIO,Estados Unidos,84,10645
2026M05,MEXICO,Mexico,SAN FRANCISCO,Estados Unidos,150,17570
2026M05,MEXICO,Mexico,"SAN JOSE, COSTA RICA",Costa Rica,124,16244
2026M05,MEXICO,Mexico,SAN PEDRO SULA,Honduras,18,1131
2026M05,MEXICO,Mexico,SAN SALVADOR,El Salvador,66,8072
2026M05,MEXICO,Mexico,SANTIAGO DE CHILE,Chile,25,4929
2026M05,MEXICO,Mexico,"SANTO DOMINGO,REP DOM",Republica Dominicana,31,3862
2026M05,MEXICO,Mexico,SAO PAULO,Brasil,62,14305
2026M05,MEXICO,Mexico,SEATTLE,Estados Unidos,31,3969
2026M05,MEXICO,Mexico,SHENZHEN,China,14,1711
2026M05,MEXICO,Mexico,Seoul,COREA DEL SUR,31,4602
2026M05,MEXICO,Mexico,TAMPA,Estados Unidos,31,3767
2026M05,MEXICO,Mexico,TOKYO,Japon,62,10701
2026M05,MEXICO,Mexico,TORONTO,Canada,104,15430
2026M05,MEXICO,Mexico,VANCOUVER,Canada,79,11385
2026M05,MEXICO,Mexico,WASHINGTON,Estados Unidos,63,7784
2026M05,MIAMI,Estados Unidos,CANCUN,Mexico,117,16731
2026M05,MIAMI,Estados Unidos,COZUMEL,Mexico,31,1565
2026M05,MIAMI,Estados Unidos,GUADALAJARA,Mexico,18,2808
2026M05,MIAMI,Estados Unidos,MERIDA,Mexico,47,4122
2026M05,MIAMI,Estados Unidos,MEXICO,Mexico,214,30706
2026M05,MIAMI,Estados Unidos,MONTERREY,Mexico,45,3852
2026M05,MIAMI,Estados Unidos,SANTA LUCÍA,Mexico,4,0
2026M05,MIAMI,Estados Unidos,TULUM,Mexico,24,1824
2026M05,MILAN,Italia,CANCUN,Mexico,1,83
2026M05,MILWAUKEE,Estados Unidos,CANCUN,Mexico,0,0
2026M05,MINNEAPOLIS,Estados Unidos,CANCUN,Mexico,48,6914
2026M05,MINNEAPOLIS,Estados Unidos,COZUMEL,Mexico,0,0
2026M05,MINNEAPOLIS,Estados Unidos,IXTAPA ZIHUATANEJO,Mexico,0,0
2026M05,MINNEAPOLIS,Estados Unidos,MAZATLAN,Mexico,0,0
2026M05,MINNEAPOLIS,Estados Unidos,MEXICO,Mexico,31,3132
2026M05,MINNEAPOLIS,Estados Unidos,PUERTO VALLARTA,Mexico,0,0
2026M05,MINNEAPOLIS,Estados Unidos,SAN JOSÉ DEL CABO,Mexico,2,173
2026M05,MONCTON,Canada,CANCUN,Mexico,0,0
2026M05,MONTERREY,Mexico,ATLANTA,Estados Unidos,62,5560
2026M05,MONTERREY,Mexico,AUSTIN,Estados Unidos,18,1782
2026M05,MONTERREY,Mexico,BOGOTA,Colombia,32,3653
2026M05,MONTERREY,Mexico,BROWNSVILLE,Estados Unidos,27,80
2026M05,MONTERREY,Mexico,CHICAGO,Estados Unidos,46,5214
2026M05,MONTERREY,Mexico,DALLAS-FORT WORTH,Estados Unidos,190,15064
2026M05,MONTERREY,Mexico,DENVER,Estados Unidos,2,259
2026M05,MONTERREY,Mexico,DETROIT,Estados Unidos,31,1556
2026M05,MONTERREY,Mexico,HOUSTON,Estados Unidos,231,16964
2026M05,MONTERREY,Mexico,LA HABANA,Cuba,9,913
2026M05,MONTERREY,Mexico,LAREDO,Estados Unidos,5,7
2026M05,MONTERREY,Mexico,LAS VEGAS,Estados Unidos,31,6051
2026M05,MONTERREY,Mexico,LOS ANGELES,Estados Unidos,15,2470
2026M05,MONTERREY,Mexico,"LOUISVILLE, KENTUCKY",Estados Unidos,21,0
2026M05,MONTERREY,Mexico,MADRID,España,27,5807
2026M05,MONTERREY,Mexico,MC ALLEN,Estados Unidos,26,82
2026M05,MONTERREY,Mexico,MEMPHIS,Estados Unidos,26,0
2026M05,MONTERREY,Mexico,MIAMI,Estados Unidos,46,3519
2026M05,MONTERREY,Mexico,NUEVA YORK,Estados Unidos,0,0
2026M05,MONTERREY,Mexico,OAKLAND,Estados Unidos,0,0
2026M05,MONTERREY,Mexico,ORLANDO,Estados Unidos,18,2600
2026M05,MONTERREY,Mexico,PANAMA,Panama,35,4247
2026M05,MONTERREY,Mexico,PARIS,Francia,13,2985
2026M05,MONTERREY,Mexico,PHOENIX,Estados Unidos,21,1005
2026M05,MONTERREY,Mexico,SALT LAKE CITY,Estados Unidos,0,0
2026M05,MONTERREY,Mexico,SAN ANTONIO,Estados Unidos,44,4709
2026M05,MONTERREY,Mexico,SAN FRANCISCO,Estados Unidos,31,1691
2026M05,MONTERREY,Mexico,"SAN JOSE, COSTA RICA",Costa Rica,9,792
2026M05,MONTERREY,Mexico,Seoul,COREA DEL SUR,31,1973
2026M05,MONTERREY,Mexico,TOKYO,Japon,31,1510
2026M05,MONTERREY,Mexico,TORONTO,Canada,18,2356
2026M05,MONTREAL,Canada,ACAPULCO,Mexico,0,0
2026M05,MONTREAL,Canada,CANCUN,Mexico,111,20592
2026M05,MONTREAL,Canada,COZUMEL,Mexico,5,570
2026M05,MONTREAL,Canada,GUADALAJARA,Mexico,0,0
2026M05,MONTREAL,Canada,IXTAPA ZIHUATANEJO,Mexico,0,0
2026M05,MONTREAL,Canada,MAZATLAN,Mexico,5,719
2026M05,MONTREAL,Canada,MEXICO,Mexico,62,7339
2026M05,MONTREAL,Canada,PUERTO VALLARTA,Mexico,0,0
2026M05,MONTREAL,Canada,SAN JOSÉ DEL CABO,Mexico,0,0
2026M05,MONTREAL,Canada,TULUM,Mexico,0,0
2026M05,MORELIA,Mexico,CHICAGO,Estados Unidos,54,9171
2026M05,MORELIA,Mexico,DALLAS-FORT WORTH,Estados Unidos,49,5183
2026M05,MORELIA,Mexico,FRESNO,Estados Unidos,18,2478
2026M05,MORELIA,Mexico,HOUSTON,Estados Unidos,44,2739
2026M05,MORELIA,Mexico,LOS ANGELES,Estados Unidos,23,3187
2026M05,MORELIA,Mexico,OAKLAND,Estados Unidos,23,3401
2026M05,MORELIA,Mexico,ONTARIO,Estados Unidos,13,1190
2026M05,MORELIA,Mexico,SACRAMENTO,Estados Unidos,18,2353
2026M05,MORELIA,Mexico,SAN ANTONIO,Estados Unidos,0,0
2026M05,MORELIA,Mexico,"SAN JOSE, CALIFORNIA",Estados Unidos,14,1906
2026M05,MUNICH,Alemania,MEXICO,Mexico,13,2598
2026M05,NASHVILLE,Estados Unidos,CANCUN,Mexico,31,4507
2026M05,NASHVILLE,Estados Unidos,SAN JOSÉ DEL CABO,Mexico,5,516
2026M05,NEWARK,Estados Unidos,CANCUN,Mexico,115,16059
2026M05,NEWARK,Estados Unidos,GUADALAJARA,Mexico,31,4015
2026M05,NEWARK,Estados Unidos,MEXICO,Mexico,93,11362
2026M05,NEWARK,Estados Unidos,PUEBLA,Mexico,0,0
2026M05,NEWARK,Estados Unidos,PUERTO VALLARTA,Mexico,5,585
2026M05,NEWARK,Estados Unidos,SAN JOSÉ DEL CABO,Mexico,10,1131
2026M05,NEWARK,Estados Unidos,TULUM,Mexico,0,0
2026M05,NEWCASTLE,Reino Unido,CANCUN,Mexico,5,1416
2026M05,NORFOLK,Estados Unidos,CANCUN,Mexico,6,368
2026M05,NUEVA ORLEANS,Estados Unidos,CANCUN,Mexico,11,976
2026M05,NUEVA YORK,Estados Unidos,CANCUN,Mexico,170,24878
2026M05,NUEVA YORK,Estados Unidos,MEXICO,Mexico,185,28352
2026M05,NUEVA YORK,Estados Unidos,MONTERREY,Mexico,0,0
2026M05,NUEVA YORK,Estados Unidos,PUERTO VALLARTA,Mexico,0,0
2026M05,NUEVA YORK,Estados Unidos,SAN JOSÉ DEL CABO,Mexico,31,4262
2026M05,NUEVA YORK,Estados Unidos,TULUM,Mexico,0,0
2026M05,OAKLAND,Estados Unidos,DEL BAJIO,Mexico,14,1924
2026M05,OAKLAND,Estados Unidos,GUADALAJARA,Mexico,70,11742
2026M05,OAKLAND,Estados Unidos,MEXICO,Mexico,31,5872
2026M05,OAKLAND,Estados Unidos,MONTERREY,Mexico,0,0
2026M05,OAKLAND,Estados Unidos,MORELIA,Mexico,23,3149
2026M05,OAKLAND,Estados Unidos,SAN JOSÉ DEL CABO,Mexico,0,0
2026M05,OAKLAND,Estados Unidos,ZACATECAS,Mexico,0,0
2026M05,OAXACA,Mexico,DALLAS-FORT WORTH,Estados Unidos,31,3846
2026M05,OAXACA,Mexico,HOUSTON,Estados Unidos,31,1564
2026M05,OAXACA,Mexico,LOS ANGELES,Estados Unidos,14,2127
2026M05,ONTARIO,Estados Unidos,DEL BAJIO,Mexico,13,1258
2026M05,ONTARIO,Estados Unidos,GUADALAJARA,Mexico,62,9750
2026M05,ONTARIO,Estados Unidos,MORELIA,Mexico,13,1071
2026M05,ONTARIO,Estados Unidos,SAN JOSÉ DEL CABO,Mexico,0,0
2026M05,ORLANDO,Estados Unidos,CANCUN,Mexico,78,10124
2026M05,ORLANDO,Estados Unidos,GUADALAJARA,Mexico,23,4070
2026M05,ORLANDO,Estados Unidos,MERIDA,Mexico,9,1428
2026M05,ORLANDO,Estados Unidos,MEXICO,Mexico,124,18749
2026M05,ORLANDO,Estados Unidos,MONTERREY,Mexico,18,2775
2026M05,ORLANDO,Estados Unidos,QUERETARO,Mexico,0,0
2026M05,OTTAWA,Canada,CANCUN,Mexico,15,1211
2026M05,OTTAWA,Canada,PUERTO VALLARTA,Mexico,0,0
2026M05,PANAMA,Panama,CANCUN,Mexico,177,25173
2026M05,PANAMA,Panama,GUADALAJARA,Mexico,35,4847
2026M05,PANAMA,Panama,MEXICO,Mexico,217,30725
2026M05,PANAMA,Panama,MONTERREY,Mexico,36,4591
2026M05,PANAMA,Panama,SAN JOSÉ DEL CABO,Mexico,13,1350
2026M05,PANAMA,Panama,SANTA LUCÍA,Mexico,0,0
2026M05,PARIS,Francia,CANCUN,Mexico,18,5024
2026M05,PARIS,Francia,GUADALAJARA,Mexico,5,0
2026M05,PARIS,Francia,MEXICO,Mexico,90,22115
2026M05,PARIS,Francia,MONTERREY,Mexico,14,2524
2026M05,PARIS,Francia,SANTA LUCÍA,Mexico,10,0
2026M05,PHILADELPHIA,Estados Unidos,CANCUN,Mexico,70,10448
2026M05,PHILADELPHIA,Estados Unidos,MEXICO,Mexico,31,3019
2026M05,PHOENIX,Estados Unidos,CANCUN,Mexico,62,9843
2026M05,PHOENIX,Estados Unidos,CULIACAN,Mexico,9,1069
2026M05,PHOENIX,Estados Unidos,GUADALAJARA,Mexico,71,7503
2026M05,PHOENIX,Estados Unidos,HERMOSILLO,Mexico,31,1984
2026M05,PHOENIX,Estados Unidos,IXTAPA ZIHUATANEJO,Mexico,9,502
2026M05,PHOENIX,Estados Unidos,LORETO,Mexico,23,1395
2026M05,PHOENIX,Estados Unidos,MANZANILLO,Mexico,0,0
2026M05,PHOENIX,Estados Unidos,MAZATLAN,Mexico,31,2800
2026M05,PHOENIX,Estados Unidos,MEXICO,Mexico,62,8142
2026M05,PHOENIX,Estados Unidos,MONTERREY,Mexico,21,829
2026M05,PHOENIX,Estados Unidos,PUERTO VALLARTA,Mexico,62,9297
2026M05,PHOENIX,Estados Unidos,SAN JOSÉ DEL CABO,Mexico,124,15526
2026M05,PHOENIX,Estados Unidos,TIJUANA,Mexico,20,751
2026M05,PITTSBURGH,Estados Unidos,CANCUN,Mexico,0,0
2026M05,"PORTLAND, OREGON",Estados Unidos,CANCUN,Mexico,0,0
2026M05,"PORTLAND, OREGON",Estados Unidos,GUADALAJARA,Mexico,31,5394
2026M05,"PORTLAND, OREGON",Estados Unidos,PUERTO VALLARTA,Mexico,5,840
2026M05,"PORTLAND, OREGON",Estados Unidos,SAN JOSÉ DEL CABO,Mexico,5,745
2026M05,PRINCE GEORGE,Canada,PUERTO VALLARTA,Mexico,0,0
2026M05,PUEBLA,Mexico,HOUSTON,Estados Unidos,30,1279
2026M05,PUEBLA,Mexico,LOS ANGELES,Estados Unidos,0,0
2026M05,PUEBLA,Mexico,NEWARK,Estados Unidos,0,0
2026M05,PUERTO ESCONDIDO,Mexico,CALGARY,Canada,0,0
2026M05,PUERTO ESCONDIDO,Mexico,DALLAS-FORT WORTH,Estados Unidos,9,553
2026M05,PUERTO ESCONDIDO,Mexico,HOUSTON,Estados Unidos,13,756
2026M05,PUERTO ESCONDIDO,Mexico,TORONTO,Canada,0,0
2026M05,PUERTO VALLARTA,Mexico,ABBOTSFORD,Canada,0,0
2026M05,PUERTO VALLARTA,Mexico,ATLANTA,Estados Unidos,31,4857
2026M05,PUERTO VALLARTA,Mexico,AUSTIN,Estados Unidos,0,0
2026M05,PUERTO VALLARTA,Mexico,CALGARY,Canada,40,6853
2026M05,PUERTO VALLARTA,Mexico,CHICAGO,Estados Unidos,27,3603
2026M05,PUERTO VALLARTA,Mexico,COMOX,Canada,0,0
2026M05,PUERTO VALLARTA,Mexico,DALLAS-FORT WORTH,Estados Unidos,61,9548
2026M05,PUERTO VALLARTA,Mexico,DENVER,Estados Unidos,41,6260
2026M05,PUERTO VALLARTA,Mexico,DETROIT,Estados Unidos,0,0
2026M05,PUERTO VALLARTA,Mexico,EDMONTON,Canada,13,1910
2026M05,PUERTO VALLARTA,Mexico,HAMILTON,Canada,0,0
2026M05,PUERTO VALLARTA,Mexico,HOUSTON,Estados Unidos,71,8251
2026M05,PUERTO VALLARTA,Mexico,KELOWNA,Canada,0,0
2026M05,PUERTO VALLARTA,Mexico,LAS VEGAS,Estados Unidos,0,0
2026M05,PUERTO VALLARTA,Mexico,LOS ANGELES,Estados Unidos,110,16682
2026M05,PUERTO VALLARTA,Mexico,MINNEAPOLIS,Estados Unidos,0,0
2026M05,PUERTO VALLARTA,Mexico,MONTREAL,Canada,0,0
2026M05,PUERTO VALLARTA,Mexico,NEWARK,Estados Unidos,5,643
2026M05,PUERTO VALLARTA,Mexico,NUEVA YORK,Estados Unidos,0,0
2026M05,PUERTO VALLARTA,Mexico,OTTAWA,Canada,0,0
2026M05,PUERTO VALLARTA,Mexico,PHOENIX,Estados Unidos,61,8875
2026M05,PUERTO VALLARTA,Mexico,"PORTLAND, OREGON",Estados Unidos,5,876
2026M05,PUERTO VALLARTA,Mexico,PRINCE GEORGE,Canada,0,0
2026M05,PUERTO VALLARTA,Mexico,QUEBEC,Canada,0,0
2026M05,PUERTO VALLARTA,Mexico,"REGINA, Canada",Canada,0,0
2026M05,PUERTO VALLARTA,Mexico,SACRAMENTO,Estados Unidos,0,0
2026M05,PUERTO VALLARTA,Mexico,SALT LAKE CITY,Estados Unidos,0,0
2026M05,PUERTO VALLARTA,Mexico,SAN DIEGO,Estados Unidos,12,1995
2026M05,PUERTO VALLARTA,Mexico,SAN FRANCISCO,Estados Unidos,43,6862
2026M05,PUERTO VALLARTA,Mexico,"SAN JOSE, CALIFORNIA",Estados Unidos,0,0
2026M05,PUERTO VALLARTA,Mexico,"SANTA ANA, CALIFORNIA",Estados Unidos,0,0
2026M05,PUERTO VALLARTA,Mexico,SASKATOON,Canada,0,0
2026M05,PUERTO VALLARTA,Mexico,SEATTLE,Estados Unidos,5,883
2026M05,PUERTO VALLARTA,Mexico,ST. LOUIS,Estados Unidos,0,0
2026M05,PUERTO VALLARTA,Mexico,TORONTO,Canada,5,824
2026M05,PUERTO VALLARTA,Mexico,VANCOUVER,Canada,28,4487
2026M05,PUERTO VALLARTA,Mexico,"VICTORIA, COLUMBIA",Canada,0,0
2026M05,PUERTO VALLARTA,Mexico,WINNIPEG,Canada,1,173
2026M05,PUNTA CANA,Republica Dominicana,CANCUN,Mexico,31,4342
2026M05,PUNTA CANA,Republica Dominicana,MEXICO,Mexico,31,4726
2026M05,PUNTA CANA,Republica Dominicana,SANTA LUCÍA,Mexico,26,3976
2026M05,"Providence, Rhode Island",Estados Unidos,CANCUN,Mexico,0,0
2026M05,QUEBEC,Canada,CANCUN,Mexico,14,1545
2026M05,QUEBEC,Canada,PUERTO VALLARTA,Mexico,0,0
2026M05,QUEBEC,Canada,TULUM,Mexico,0,0
2026M05,QUERETARO,Mexico,ATLANTA,Estados Unidos,31,2463
2026M05,QUERETARO,Mexico,CHICAGO,Estados Unidos,9,1333
2026M05,QUERETARO,Mexico,DALLAS-FORT WORTH,Estados Unidos,70,8991
2026M05,QUERETARO,Mexico,DENVER,Estados Unidos,0,0
2026M05,QUERETARO,Mexico,DETROIT,Estados Unidos,22,1358
2026M05,QUERETARO,Mexico,HOUSTON,Estados Unidos,101,9243
2026M05,QUERETARO,Mexico,LOS ANGELES,Estados Unidos,13,1301
2026M05,QUERETARO,Mexico,MADRID,España,5,2094
2026M05,QUERETARO,Mexico,MEMPHIS,Estados Unidos,19,0
2026M05,QUERETARO,Mexico,ORLANDO,Estados Unidos,0,0
2026M05,QUERETARO,Mexico,SAN ANTONIO,Estados Unidos,43,1810
2026M05,QUITO,Ecuador,MEXICO,Mexico,17,1440
2026M05,QUITO,Ecuador,SANTA LUCÍA,Mexico,17,0
2026M05,RALEIGH/DURHAM,Estados Unidos,CANCUN,Mexico,1,90
2026M05,RALEIGH/DURHAM,Estados Unidos,MEXICO,Mexico,31,2361
2026M05,"REGINA, Canada",Canada,CANCUN,Mexico,0,0
2026M05,"REGINA, Canada",Canada,MAZATLAN,Mexico,0,0
2026M05,"REGINA, Canada",Canada,PUERTO VALLARTA,Mexico,0,0
2026M05,RENO,Estados Unidos,GUADALAJARA,Mexico,21,2248
2026M05,ROMA,Italia,CANCUN,Mexico,4,1133
2026M05,ROMA,Italia,MEXICO,Mexico,31,6549
2026M05,SACRAMENTO,Estados Unidos,DEL BAJIO,Mexico,9,1039
2026M05,SACRAMENTO,Estados Unidos,GUADALAJARA,Mexico,93,14757
2026M05,SACRAMENTO,Estados Unidos,MEXICO,Mexico,0,0
2026M05,SACRAMENTO,Estados Unidos,MORELIA,Mexico,17,1726
2026M05,SACRAMENTO,Estados Unidos,PUERTO VALLARTA,Mexico,0,0
2026M05,SACRAMENTO,Estados Unidos,SAN JOSÉ DEL CABO,Mexico,23,2780
2026M05,SALT LAKE CITY,Estados Unidos,CANCUN,Mexico,31,5388
2026M05,SALT LAKE CITY,Estados Unidos,GUADALAJARA,Mexico,31,3987
2026M05,SALT LAKE CITY,Estados Unidos,MEXICO,Mexico,31,3584
2026M05,SALT LAKE CITY,Estados Unidos,MONTERREY,Mexico,0,0
2026M05,SALT LAKE CITY,Estados Unidos,PUERTO VALLARTA,Mexico,0,0
2026M05,SALT LAKE CITY,Estados Unidos,SAN JOSÉ DEL CABO,Mexico,31,4398
2026M05,SAN ANTONIO,Estados Unidos,CANCUN,Mexico,7,1237
2026M05,SAN ANTONIO,Estados Unidos,DEL BAJIO,Mexico,0,0
2026M05,SAN ANTONIO,Estados Unidos,GUADALAJARA,Mexico,60,6100
2026M05,SAN ANTONIO,Estados Unidos,MEXICO,Mexico,84,11514
2026M05,SAN ANTONIO,Estados Unidos,MONTERREY,Mexico,45,5595
2026M05,SAN ANTONIO,Estados Unidos,MORELIA,Mexico,0,0
2026M05,SAN ANTONIO,Estados Unidos,QUERETARO,Mexico,13,1715
2026M05,SAN ANTONIO,Estados Unidos,SAN LUIS POTOSI,Mexico,13,885
2026M05,SAN ANTONIO,Estados Unidos,TORREON,Mexico,0,0
2026M05,SAN DIEGO,Estados Unidos,PUERTO VALLARTA,Mexico,12,1765
2026M05,SAN DIEGO,Estados Unidos,SAN JOSÉ DEL CABO,Mexico,75,9004
2026M05,SAN FRANCISCO,Estados Unidos,CANCUN,Mexico,64,9896
2026M05,SAN FRANCISCO,Estados Unidos,GUADALAJARA,Mexico,23,3377
2026M05,SAN FRANCISCO,Estados Unidos,IXTAPA ZIHUATANEJO,Mexico,0,0
2026M05,SAN FRANCISCO,Estados Unidos,LORETO,Mexico,0,0
2026M05,SAN FRANCISCO,Estados Unidos,MEXICO,Mexico,149,17010
2026M05,SAN FRANCISCO,Estados Unidos,MONTERREY,Mexico,31,1288
2026M05,SAN FRANCISCO,Estados Unidos,PUERTO VALLARTA,Mexico,43,6087
2026M05,SAN FRANCISCO,Estados Unidos,SAN JOSÉ DEL CABO,Mexico,86,11969
2026M05,"SAN JOSE, CALIFORNIA",Estados Unidos,DEL BAJIO,Mexico,9,1161
2026M05,"SAN JOSE, CALIFORNIA",Estados Unidos,GUADALAJARA,Mexico,51,8672
2026M05,"SAN JOSE, CALIFORNIA",Estados Unidos,MORELIA,Mexico,14,1701
2026M05,"SAN JOSE, CALIFORNIA",Estados Unidos,PUERTO VALLARTA,Mexico,0,0
2026M05,"SAN JOSE, CALIFORNIA",Estados Unidos,SAN JOSÉ DEL CABO,Mexico,4,325
2026M05,"SAN JOSE, CALIFORNIA",Estados Unidos,ZACATECAS,Mexico,9,1056
2026M05,"SAN JOSE, COSTA RICA",Costa Rica,CANCUN,Mexico,62,5742
2026M05,"SAN JOSE, COSTA RICA",Costa Rica,GUADALAJARA,Mexico,9,847
2026M05,"SAN JOSE, COSTA RICA",Costa Rica,MEXICO,Mexico,125,16337
2026M05,"SAN JOSE, COSTA RICA",Costa Rica,MONTERREY,Mexico,9,794
2026M05,SAN JOSÉ DEL CABO,Mexico,ATLANTA,Estados Unidos,40,6629
2026M05,SAN JOSÉ DEL CABO,Mexico,AUSTIN,Estados Unidos,0,0
2026M05,SAN JOSÉ DEL CABO,Mexico,BALTIMORE,Estados Unidos,0,0
2026M05,SAN JOSÉ DEL CABO,Mexico,CALGARY,Canada,26,4329
2026M05,SAN JOSÉ DEL CABO,Mexico,CHARLOTTE,Estados Unidos,12,1586
2026M05,SAN JOSÉ DEL CABO,Mexico,CHICAGO,Estados Unidos,36,5769
2026M05,SAN JOSÉ DEL CABO,Mexico,DALLAS-FORT WORTH,Estados Unidos,131,19324
2026M05,SAN JOSÉ DEL CABO,Mexico,DENVER,Estados Unidos,95,11627
2026M05,SAN JOSÉ DEL CABO,Mexico,DETROIT,Estados Unidos,0,0
2026M05,SAN JOSÉ DEL CABO,Mexico,EDMONTON,Canada,2,346
2026M05,SAN JOSÉ DEL CABO,Mexico,FRANKFURT,Alemania,0,0
2026M05,SAN JOSÉ DEL CABO,Mexico,HOUSTON,Estados Unidos,125,14284
2026M05,SAN JOSÉ DEL CABO,Mexico,INDIANAPOLIS,Estados Unidos,0,0
2026M05,SAN JOSÉ DEL CABO,Mexico,KANSAS CITY,Estados Unidos,5,546
2026M05,SAN JOSÉ DEL CABO,Mexico,KELOWNA,Canada,0,0
2026M05,SAN JOSÉ DEL CABO,Mexico,LAS VEGAS,Estados Unidos,0,0
2026M05,SAN JOSÉ DEL CABO,Mexico,LOS ANGELES,Estados Unidos,160,21475
2026M05,SAN JOSÉ DEL CABO,Mexico,MINNEAPOLIS,Estados Unidos,3,310
2026M05,SAN JOSÉ DEL CABO,Mexico,MONTREAL,Canada,0,0
2026M05,SAN JOSÉ DEL CABO,Mexico,NASHVILLE,Estados Unidos,5,476
2026M05,SAN JOSÉ DEL CABO,Mexico,NEWARK,Estados Unidos,10,1577
2026M05,SAN JOSÉ DEL CABO,Mexico,NUEVA YORK,Estados Unidos,31,4395
2026M05,SAN JOSÉ DEL CABO,Mexico,OAKLAND,Estados Unidos,0,0
2026M05,SAN JOSÉ DEL CABO,Mexico,ONTARIO,Estados Unidos,0,0
2026M05,SAN JOSÉ DEL CABO,Mexico,PANAMA,Panama,13,1318
2026M05,SAN JOSÉ DEL CABO,Mexico,PHOENIX,Estados Unidos,124,15018
2026M05,SAN JOSÉ DEL CABO,Mexico,"PORTLAND, OREGON",Estados Unidos,5,858
2026M05,SAN JOSÉ DEL CABO,Mexico,SACRAMENTO,Estados Unidos,23,2892
2026M05,SAN JOSÉ DEL CABO,Mexico,SALT LAKE CITY,Estados Unidos,31,4491
2026M05,SAN JOSÉ DEL CABO,Mexico,SAN DIEGO,Estados Unidos,75,8626
2026M05,SAN JOSÉ DEL CABO,Mexico,SAN FRANCISCO,Estados Unidos,86,11977
2026M05,SAN JOSÉ DEL CABO,Mexico,"SAN JOSE, CALIFORNIA",Estados Unidos,4,615
2026M05,SAN JOSÉ DEL CABO,Mexico,"SANTA ANA, CALIFORNIA",Estados Unidos,31,3321
2026M05,SAN JOSÉ DEL CABO,Mexico,SEATTLE,Estados Unidos,61,8516
2026M05,SAN JOSÉ DEL CABO,Mexico,ST. LOUIS,Estados Unidos,0,0
2026M05,SAN JOSÉ DEL CABO,Mexico,TORONTO,Canada,4,689
2026M05,SAN JOSÉ DEL CABO,Mexico,VANCOUVER,Canada,30,4998
2026M05,SAN JOSÉ DEL CABO,Mexico,"VICTORIA, COLUMBIA",Canada,0,0
2026M05,SAN JOSÉ DEL CABO,Mexico,WINNIPEG,Canada,0,0
2026M05,SAN LUIS POTOSI,Mexico,ATLANTA,Estados Unidos,0,0
2026M05,SAN LUIS POTOSI,Mexico,CHICAGO,Estados Unidos,0,0
2026M05,SAN LUIS POTOSI,Mexico,DALLAS-FORT WORTH,Estados Unidos,49,5399
2026M05,SAN LUIS POTOSI,Mexico,HOUSTON,Estados Unidos,75,4938
2026M05,SAN LUIS POTOSI,Mexico,SAN ANTONIO,Estados Unidos,13,885
2026M05,SAN PEDRO SULA,Honduras,MEXICO,Mexico,18,1071
2026M05,SAN SALVADOR,El Salvador,MEXICO,Mexico,66,8014
2026M05,"SANTA ANA, CALIFORNIA",Estados Unidos,PUERTO VALLARTA,Mexico,0,0
2026M05,"SANTA ANA, CALIFORNIA",Estados Unidos,SAN JOSÉ DEL CABO,Mexico,31,3443
2026M05,SANTA LUCÍA,Mexico,BOGOTA,Colombia,72,5828
2026M05,SANTA LUCÍA,Mexico,CAMPINAS,Brasil,9,0
2026M05,SANTA LUCÍA,Mexico,CARACAS,Venezuela,4,854
2026M05,SANTA LUCÍA,Mexico,CARTAGENA DE INDIAS,Colombia,0,0
2026M05,SANTA LUCÍA,Mexico,CHICAGO,Estados Unidos,2,0
2026M05,SANTA LUCÍA,Mexico,DOHA,Qatar,6,0
2026M05,SANTA LUCÍA,Mexico,ESTAMBUL (ARNAVUTKOY),Turquia,4,0
2026M05,SANTA LUCÍA,Mexico,FRANKFURT,Alemania,29,0
2026M05,SANTA LUCÍA,Mexico,GUATEMALA,Guatemala,15,0
2026M05,SANTA LUCÍA,Mexico,HONG KONG,HONG KONG,26,0
2026M05,SANTA LUCÍA,Mexico,HOUSTON,Estados Unidos,6,0
2026M05,SANTA LUCÍA,Mexico,JEBEL ALI,Emiratos Arabes,9,0
2026M05,SANTA LUCÍA,Mexico,LA HABANA,Cuba,13,1063
2026M05,SANTA LUCÍA,Mexico,LIMA,Peru,4,0
2026M05,SANTA LUCÍA,Mexico,LOS ANGELES,Estados Unidos,35,0
2026M05,SANTA LUCÍA,Mexico,"LOUISVILLE, KENTUCKY",Estados Unidos,21,0
2026M05,SANTA LUCÍA,Mexico,LUXEMBURGO,Luxemburgo,27,0
2026M05,SANTA LUCÍA,Mexico,MEDELLIN,Colombia,0,0
2026M05,SANTA LUCÍA,Mexico,MIAMI,Estados Unidos,4,0
2026M05,SANTA LUCÍA,Mexico,MONTREAL,Canada,3,0
2026M05,SANTA LUCÍA,Mexico,PANAMA,Panama,6,0
2026M05,SANTA LUCÍA,Mexico,PARIS,Francia,10,0
2026M05,SANTA LUCÍA,Mexico,PUNTA CANA,Republica Dominicana,26,4051
2026M05,SANTA LUCÍA,Mexico,QUITO,Ecuador,17,0
2026M05,SANTA LUCÍA,Mexico,SAN ANTONIO,Estados Unidos,7,14
2026M05,SANTA LUCÍA,Mexico,"SAN JOSE, COSTA RICA",Costa Rica,0,0
2026M05,SANTA LUCÍA,Mexico,SAN PEDRO SULA,Honduras,0,0
2026M05,SANTA LUCÍA,Mexico,SANTIAGO DE CHILE,Chile,3,0
2026M05,SANTA LUCÍA,Mexico,"SANTO DOMINGO,REP DOM",Republica Dominicana,16,2307
2026M05,SANTA LUCÍA,Mexico,SHANGHAI,China,31,0
2026M05,SANTA LUCÍA,Mexico,SHENZHEN,China,7,0
2026M05,SANTA LUCÍA,Mexico,Seoul,COREA DEL SUR,7,0
2026M05,SANTA LUCÍA,Mexico,TORONTO,Canada,22,0
2026M05,SANTA LUCÍA,Mexico,"VALENCIA, Venezuela",Venezuela,0,0
2026M05,SANTA LUCÍA,Mexico,VANCOUVER,Canada,0,0
2026M05,SANTA LUCÍA,Mexico,WUXI,China,0,0
2026M05,SANTIAGO DE CHILE,Chile,CANCUN,Mexico,5,1150
2026M05,SANTIAGO DE CHILE,Chile,MEXICO,Mexico,24,4537
2026M05,SANTIAGO DE CHILE,Chile,SANTA LUCÍA,Mexico,1,0
2026M05,"SANTO DOMINGO,REP DOM",Republica Dominicana,MEXICO,Mexico,31,4060
2026M05,"SANTO DOMINGO,REP DOM",Republica Dominicana,SANTA LUCÍA,Mexico,15,1919
2026M05,SAO PAULO,Brasil,MEXICO,Mexico,62,14585
2026M05,SASKATOON,Canada,CANCUN,Mexico,0,0
2026M05,SASKATOON,Canada,PUERTO VALLARTA,Mexico,0,0
2026M05,SEATTLE,Estados Unidos,CANCUN,Mexico,43,5845
2026M05,SEATTLE,Estados Unidos,GUADALAJARA,Mexico,31,5888
2026M05,SEATTLE,Estados Unidos,MEXICO,Mexico,31,3985
2026M05,SEATTLE,Estados Unidos,PUERTO VALLARTA,Mexico,5,886
2026M05,SEATTLE,Estados Unidos,SAN JOSÉ DEL CABO,Mexico,62,7645
2026M05,SHANGHAI,China,SANTA LUCÍA,Mexico,34,0
2026M05,SHENZHEN,China,MEXICO,Mexico,13,2105
2026M05,SHENZHEN,China,SANTA LUCÍA,Mexico,7,0
2026M05,ST. JOHN'S,Canada,CANCUN,Mexico,1,179
2026M05,ST. LOUIS,Estados Unidos,CANCUN,Mexico,67,10440
2026M05,ST. LOUIS,Estados Unidos,PUERTO VALLARTA,Mexico,0,0
2026M05,ST. LOUIS,Estados Unidos,SAN JOSÉ DEL CABO,Mexico,0,0
2026M05,Seoul,COREA DEL SUR,GUADALAJARA,Mexico,13,0
2026M05,Seoul,COREA DEL SUR,MEXICO,Mexico,31,7007
2026M05,Seoul,COREA DEL SUR,SANTA LUCÍA,Mexico,3,0
2026M05,TAMPA,Estados Unidos,CANCUN,Mexico,31,3810
2026M05,TAMPA,Estados Unidos,MEXICO,Mexico,31,4541
2026M05,TAMPICO,Mexico,DALLAS-FORT WORTH,Estados Unidos,26,1297
2026M05,TAMPICO,Mexico,HOUSTON,Estados Unidos,31,1604
2026M05,TEPIC,Mexico,CALGARY,Canada,0,0
2026M05,TEPIC,Mexico,HOUSTON,Estados Unidos,5,135
2026M05,TEPIC,Mexico,LOS ANGELES,Estados Unidos,13,1687
2026M05,THUNDER BAY,Canada,CANCUN,Mexico,0,0
2026M05,TIJUANA,Mexico,PHOENIX,Estados Unidos,20,663
2026M05,TOKYO,Japon,MEXICO,Mexico,62,12512
2026M05,TOLUCA,Mexico,MEMPHIS,Estados Unidos,20,0
2026M05,TORONTO,Canada,CANCUN,Mexico,264,40855
2026M05,TORONTO,Canada,COZUMEL,Mexico,3,501
2026M05,TORONTO,Canada,GUADALAJARA,Mexico,11,971
2026M05,TORONTO,Canada,HUATULCO,Mexico,0,0
2026M05,TORONTO,Canada,IXTAPA ZIHUATANEJO,Mexico,0,0
2026M05,TORONTO,Canada,MAZATLAN,Mexico,0,0
2026M05,TORONTO,Canada,MERIDA,Mexico,3,310
2026M05,TORONTO,Canada,MEXICO,Mexico,105,12588
2026M05,TORONTO,Canada,MONTERREY,Mexico,18,1776
2026M05,TORONTO,Canada,PUERTO ESCONDIDO,Mexico,0,0
2026M05,TORONTO,Canada,PUERTO VALLARTA,Mexico,5,773
2026M05,TORONTO,Canada,SAN JOSÉ DEL CABO,Mexico,4,655
2026M05,TORONTO,Canada,SANTA LUCÍA,Mexico,37,0
2026M05,TORONTO,Canada,TULUM,Mexico,0,0
2026M05,TORREON,Mexico,DALLAS-FORT WORTH,Estados Unidos,39,2098
2026M05,TORREON,Mexico,SAN ANTONIO,Estados Unidos,0,0
2026M05,TULSA,Estados Unidos,CANCUN,Mexico,4,694
2026M05,TULUM,Mexico,ATLANTA,Estados Unidos,10,1255
2026M05,TULUM,Mexico,CALGARY,Canada,0,0
2026M05,TULUM,Mexico,DALLAS-FORT WORTH,Estados Unidos,29,2161
2026M05,TULUM,Mexico,HOUSTON,Estados Unidos,25,1991
2026M05,TULUM,Mexico,MIAMI,Estados Unidos,24,1824
2026M05,TULUM,Mexico,MONTREAL,Canada,0,0
2026M05,TULUM,Mexico,NEWARK,Estados Unidos,0,0
2026M05,TULUM,Mexico,NUEVA YORK,Estados Unidos,0,0
2026M05,TULUM,Mexico,QUEBEC,Canada,1,190
2026M05,TULUM,Mexico,TORONTO,Canada,0,0
2026M05,URUAPAN,Mexico,LOS ANGELES,Estados Unidos,9,1251
2026M05,"VALENCIA, Venezuela",Venezuela,CANCUN,Mexico,0,0
2026M05,"VALENCIA, Venezuela",Venezuela,SANTA LUCÍA,Mexico,0,0
2026M05,VANCOUVER,Canada,CANCUN,Mexico,44,7004
2026M05,VANCOUVER,Canada,GUADALAJARA,Mexico,18,1871
2026M05,VANCOUVER,Canada,HUATULCO,Mexico,0,0
2026M05,VANCOUVER,Canada,IXTAPA ZIHUATANEJO,Mexico,0,0
2026M05,VANCOUVER,Canada,MAZATLAN,Mexico,0,0
2026M05,VANCOUVER,Canada,MEXICO,Mexico,79,9436
2026M05,VANCOUVER,Canada,PUERTO VALLARTA,Mexico,28,3742
2026M05,VANCOUVER,Canada,SAN JOSÉ DEL CABO,Mexico,30,4401
2026M05,VERACRUZ,Mexico,DALLAS-FORT WORTH,Estados Unidos,60,2137
2026M05,VERACRUZ,Mexico,HOUSTON,Estados Unidos,31,2575
2026M05,"VICTORIA, COLUMBIA",Canada,CANCUN,Mexico,0,0
2026M05,"VICTORIA, COLUMBIA",Canada,PUERTO VALLARTA,Mexico,0,0
2026M05,"VICTORIA, COLUMBIA",Canada,SAN JOSÉ DEL CABO,Mexico,0,0
2026M05,WASHINGTON,Estados Unidos,CANCUN,Mexico,62,9425
2026M05,WASHINGTON,Estados Unidos,MEXICO,Mexico,62,6164
2026M05,WINDSOR,Canada,CANCUN,Mexico,0,0
2026M05,WINNIPEG,Canada,CANCUN,Mexico,13,1348
2026M05,WINNIPEG,Canada,HUATULCO,Mexico,0,0
2026M05,WINNIPEG,Canada,MAZATLAN,Mexico,0,0
2026M05,WINNIPEG,Canada,PUERTO VALLARTA,Mexico,1,82
2026M05,WINNIPEG,Canada,SAN JOSÉ DEL CABO,Mexico,0,0
2026M05,WUXI,China,SANTA LUCÍA,Mexico,13,0
2026M05,ZACATECAS,Mexico,CHICAGO,Estados Unidos,18,2617
2026M05,ZACATECAS,Mexico,DALLAS-FORT WORTH,Estados Unidos,31,1624
2026M05,ZACATECAS,Mexico,LOS ANGELES,Estados Unidos,14,2297
2026M05,ZACATECAS,Mexico,OAKLAND,Estados Unidos,0,0
2026M05,ZACATECAS,Mexico,"SAN JOSE, CALIFORNIA",Estados Unidos,9,1174
2026M05,"ZARAGOZA, ES",España,SANTA LUCÍA,Mexico,16,0
2026M05,ZURICH,Suiza,CANCUN,Mexico,5,1513
2026M06,ABBOTSFORD,Canada,PUERTO VALLARTA,Mexico,0,0
2026M06,ACAPULCO,Mexico,DALLAS-FORT WORTH,Estados Unidos,8,443
2026M06,ACAPULCO,Mexico,HOUSTON,Estados Unidos,8,501
2026M06,ACAPULCO,Mexico,MONTREAL,Canada,0,0
2026M06,AGUASCALIENTES,Mexico,CHICAGO,Estados Unidos,18,2577
2026M06,AGUASCALIENTES,Mexico,DALLAS-FORT WORTH,Estados Unidos,60,3008
2026M06,AGUASCALIENTES,Mexico,HOUSTON,Estados Unidos,59,3120
2026M06,AGUASCALIENTES,Mexico,LOS ANGELES,Estados Unidos,17,2237
2026M06,AMSTERDAM,Paises Bajos,CANCUN,Mexico,8,1879
2026M06,AMSTERDAM,Paises Bajos,MEXICO,Mexico,59,13881
2026M06,ATLANTA,Estados Unidos,CANCUN,Mexico,187,31931
2026M06,ATLANTA,Estados Unidos,COZUMEL,Mexico,0,0
2026M06,ATLANTA,Estados Unidos,DEL BAJIO,Mexico,30,2492
2026M06,ATLANTA,Estados Unidos,GUADALAJARA,Mexico,30,4895
2026M06,ATLANTA,Estados Unidos,MEXICO,Mexico,150,23042
2026M06,ATLANTA,Estados Unidos,MONTERREY,Mexico,59,5369
2026M06,ATLANTA,Estados Unidos,PUERTO VALLARTA,Mexico,30,4840
2026M06,ATLANTA,Estados Unidos,QUERETARO,Mexico,30,2682
2026M06,ATLANTA,Estados Unidos,SAN JOSÉ DEL CABO,Mexico,34,5876
2026M06,ATLANTA,Estados Unidos,SAN LUIS POTOSI,Mexico,0,0
2026M06,ATLANTA,Estados Unidos,TULUM,Mexico,4,507
2026M06,AUSTIN,Estados Unidos,CANCUN,Mexico,57,8162
2026M06,AUSTIN,Estados Unidos,MEXICO,Mexico,30,4460
2026M06,AUSTIN,Estados Unidos,MONTERREY,Mexico,19,2535
2026M06,AUSTIN,Estados Unidos,PUERTO VALLARTA,Mexico,0,0
2026M06,AUSTIN,Estados Unidos,SAN JOSÉ DEL CABO,Mexico,20,2744
2026M06,BALTIMORE,Estados Unidos,CANCUN,Mexico,68,9512
2026M06,BALTIMORE,Estados Unidos,SAN JOSÉ DEL CABO,Mexico,0,0
2026M06,"BARCELONA, España",España,CANCUN,Mexico,2,621
2026M06,"BARCELONA, España",España,MEXICO,Mexico,56,11211
2026M06,BELFAST,Reino Unido,CANCUN,Mexico,2,647
2026M06,BELICE,Belice,CANCUN,Mexico,30,223
2026M06,"BIRMINGHAM, INGLATERRA",Reino Unido,CANCUN,Mexico,5,1670
2026M06,BOGOTA,Colombia,CANCUN,Mexico,118,17754
2026M06,BOGOTA,Colombia,GUADALAJARA,Mexico,24,3769
2026M06,BOGOTA,Colombia,MEXICO,Mexico,210,30283
2026M06,BOGOTA,Colombia,MONTERREY,Mexico,27,3487
2026M06,BOGOTA,Colombia,SANTA LUCÍA,Mexico,52,6744
2026M06,BOSTON,Estados Unidos,CANCUN,Mexico,60,8170
2026M06,BOSTON,Estados Unidos,MEXICO,Mexico,30,3835
2026M06,BRASILIA,Brasil,CANCUN,Mexico,5,689
2026M06,BROWNSVILLE,Estados Unidos,MONTERREY,Mexico,22,86
2026M06,BUENOS AIRES,Argentina,CANCUN,Mexico,8,866
2026M06,BUENOS AIRES,Argentina,MEXICO,Mexico,30,6261
2026M06,CALGARY,Canada,CANCUN,Mexico,33,5042
2026M06,CALGARY,Canada,COZUMEL,Mexico,0,0
2026M06,CALGARY,Canada,GUADALAJARA,Mexico,4,479
2026M06,CALGARY,Canada,HUATULCO,Mexico,0,0
2026M06,CALGARY,Canada,IXTAPA ZIHUATANEJO,Mexico,0,0
2026M06,CALGARY,Canada,LORETO,Mexico,0,0
2026M06,CALGARY,Canada,MANZANILLO,Mexico,0,0
2026M06,CALGARY,Canada,MAZATLAN,Mexico,4,428
2026M06,CALGARY,Canada,MEXICO,Mexico,20,2281
2026M06,CALGARY,Canada,PUERTO ESCONDIDO,Mexico,0,0
2026M06,CALGARY,Canada,PUERTO VALLARTA,Mexico,20,2780
2026M06,CALGARY,Canada,SAN JOSÉ DEL CABO,Mexico,12,1654
2026M06,CALGARY,Canada,TEPIC,Mexico,0,0
2026M06,CALGARY,Canada,TULUM,Mexico,0,0
2026M06,CALI,Colombia,MEXICO,Mexico,20,2643
2026M06,CAMAGUEY,Cuba,CANCUN,Mexico,4,403
2026M06,CAMPINAS,Brasil,SANTA LUCÍA,Mexico,9,0
2026M06,CANCUN,Mexico,AMSTERDAM,Paises Bajos,8,1935
2026M06,CANCUN,Mexico,ATLANTA,Estados Unidos,187,31320
2026M06,CANCUN,Mexico,AUSTIN,Estados Unidos,57,9077
2026M06,CANCUN,Mexico,BALTIMORE,Estados Unidos,68,8788
2026M06,CANCUN,Mexico,"BARCELONA, España",España,2,531
2026M06,CANCUN,Mexico,BELFAST,Reino Unido,0,0
2026M06,CANCUN,Mexico,BELICE,Belice,30,248
2026M06,CANCUN,Mexico,"BIRMINGHAM, INGLATERRA",Reino Unido,7,2265
2026M06,CANCUN,Mexico,BOGOTA,Colombia,118,15434
2026M06,CANCUN,Mexico,BOSTON,Estados Unidos,60,8028
2026M06,CANCUN,Mexico,BRASILIA,Brasil,5,440
2026M06,CANCUN,Mexico,BUENOS AIRES,Argentina,9,1175
2026M06,CANCUN,Mexico,CALGARY,Canada,33,5059
2026M06,CANCUN,Mexico,CAMAGUEY,Cuba,4,355
2026M06,CANCUN,Mexico,CARACAS,Venezuela,3,204
2026M06,CANCUN,Mexico,CHARLOTTE,Estados Unidos,119,20290
2026M06,CANCUN,Mexico,CHARLOTTETOWN,Canada,0,0
2026M06,CANCUN,Mexico,CHICAGO,Estados Unidos,221,37428
2026M06,CANCUN,Mexico,CLEVELAND,Estados Unidos,35,4609
2026M06,CANCUN,Mexico,COLORADO SPRINGS,Estados Unidos,0,0
2026M06,CANCUN,Mexico,"COLUMBUS, Ohio",Estados Unidos,20,2001
2026M06,CANCUN,Mexico,COVINGTON,Estados Unidos,12,1880
2026M06,CANCUN,Mexico,"Cardiff, Glamorgan",Reino Unido,0,0
2026M06,CANCUN,Mexico,"Charleston, Sur de Carolina",Estados Unidos,4,369
2026M06,CANCUN,Mexico,DALLAS-FORT WORTH,Estados Unidos,297,51685
2026M06,CANCUN,Mexico,DENVER,Estados Unidos,152,26986
2026M06,CANCUN,Mexico,DETROIT,Estados Unidos,55,8868
2026M06,CANCUN,Mexico,DUBLIN,Irlanda,1,293
2026M06,CANCUN,Mexico,EDMONTON,Canada,8,1095
2026M06,CANCUN,Mexico,ESTAMBUL (ARNAVUTKOY),Turquia,32,5631
2026M06,CANCUN,Mexico,FORT LAUDERDALE,Estados Unidos,58,8480
2026M06,CANCUN,Mexico,FRANKFURT,Alemania,22,6088
2026M06,CANCUN,Mexico,"Fredericton, Canada",Canada,0,0
2026M06,CANCUN,Mexico,"GANDER, Canadá",Canada,0,0
2026M06,CANCUN,Mexico,GLASGOW,Reino Unido,9,2698
2026M06,CANCUN,Mexico,GUATEMALA,Guatemala,30,2817
2026M06,CANCUN,Mexico,HALIFAX,Canada,0,0
2026M06,CANCUN,Mexico,HAMILTON,Canada,0,0
2026M06,CANCUN,Mexico,HARLINGEN TEXAS,Estados Unidos,8,1050
2026M06,CANCUN,Mexico,HOUSTON,Estados Unidos,306,50177
2026M06,CANCUN,Mexico,INDIANAPOLIS,Estados Unidos,8,1142
2026M06,CANCUN,Mexico,KANSAS CITY,Estados Unidos,38,5885
2026M06,CANCUN,Mexico,KELOWNA,Canada,0,0
2026M06,CANCUN,Mexico,KITCHENER,Canada,0,0
2026M06,CANCUN,Mexico,LA HABANA,Cuba,30,2983
2026M06,CANCUN,Mexico,LAS VEGAS,Estados Unidos,20,3297
2026M06,CANCUN,Mexico,LIMA,Peru,60,8443
2026M06,CANCUN,Mexico,LISBON,Portugal,7,1539
2026M06,CANCUN,Mexico,"LONDON, ONTARIO",Canada,0,0
2026M06,CANCUN,Mexico,LONDRES,Reino Unido,47,12197
2026M06,CANCUN,Mexico,LOS ANGELES,Estados Unidos,143,22487
2026M06,CANCUN,Mexico,MADRID,España,43,14631
2026M06,CANCUN,Mexico,MANCHESTER,Reino Unido,20,6547
2026M06,CANCUN,Mexico,MEDELLIN,Colombia,29,3799
2026M06,CANCUN,Mexico,MIAMI,Estados Unidos,128,18725
2026M06,CANCUN,Mexico,MILAN,Italia,0,0
2026M06,CANCUN,Mexico,MILWAUKEE,Estados Unidos,0,0
2026M06,CANCUN,Mexico,MINNEAPOLIS,Estados Unidos,34,5945
2026M06,CANCUN,Mexico,MONCTON,Canada,0,0
2026M06,CANCUN,Mexico,MONTREAL,Canada,95,15967
2026M06,CANCUN,Mexico,NASHVILLE,Estados Unidos,38,6264
2026M06,CANCUN,Mexico,NEWARK,Estados Unidos,127,16783
2026M06,CANCUN,Mexico,NEWCASTLE,Reino Unido,5,1511
2026M06,CANCUN,Mexico,NORFOLK,Estados Unidos,6,459
2026M06,CANCUN,Mexico,NUEVA ORLEANS,Estados Unidos,43,4429
2026M06,CANCUN,Mexico,NUEVA YORK,Estados Unidos,146,21997
2026M06,CANCUN,Mexico,ORLANDO,Estados Unidos,70,9449
2026M06,CANCUN,Mexico,OTTAWA,Canada,8,485
2026M06,CANCUN,Mexico,PANAMA,Panama,179,23485
2026M06,CANCUN,Mexico,PARIS,Francia,10,3401
2026M06,CANCUN,Mexico,PHILADELPHIA,Estados Unidos,83,11743
2026M06,CANCUN,Mexico,PHOENIX,Estados Unidos,64,10797
2026M06,CANCUN,Mexico,PITTSBURGH,Estados Unidos,4,448
2026M06,CANCUN,Mexico,"PORTLAND, OREGON",Estados Unidos,0,0
2026M06,CANCUN,Mexico,PUNTA CANA,Republica Dominicana,38,3390
2026M06,CANCUN,Mexico,"Providence, Rhode Island",Estados Unidos,0,0
2026M06,CANCUN,Mexico,QUEBEC,Canada,8,1156
2026M06,CANCUN,Mexico,RALEIGH/DURHAM,Estados Unidos,0,0
2026M06,CANCUN,Mexico,"REGINA, Canada",Canada,0,0
2026M06,CANCUN,Mexico,ROMA,Italia,4,1219
2026M06,CANCUN,Mexico,SALT LAKE CITY,Estados Unidos,30,5511
2026M06,CANCUN,Mexico,SAN ANTONIO,Estados Unidos,43,6299
2026M06,CANCUN,Mexico,SAN FRANCISCO,Estados Unidos,67,11032
2026M06,CANCUN,Mexico,"SAN JOSE, COSTA RICA",Costa Rica,60,4642
2026M06,CANCUN,Mexico,SANTIAGO DE CHILE,Chile,4,911
2026M06,CANCUN,Mexico,SASKATOON,Canada,0,0
2026M06,CANCUN,Mexico,SEATTLE,Estados Unidos,1,187
2026M06,CANCUN,Mexico,ST. JOHN'S,Canada,0,0
2026M06,CANCUN,Mexico,ST. LOUIS,Estados Unidos,91,13837
2026M06,CANCUN,Mexico,TAMPA,Estados Unidos,30,4339
2026M06,CANCUN,Mexico,THUNDER BAY,Canada,0,0
2026M06,CANCUN,Mexico,TORONTO,Canada,209,31757
2026M06,CANCUN,Mexico,TULSA,Estados Unidos,8,1349
2026M06,CANCUN,Mexico,"VALENCIA, Venezuela",Venezuela,0,0
2026M06,CANCUN,Mexico,VANCOUVER,Canada,23,3681
2026M06,CANCUN,Mexico,"VICTORIA, COLUMBIA",Canada,0,0
2026M06,CANCUN,Mexico,WASHINGTON,Estados Unidos,60,9633
2026M06,CANCUN,Mexico,WINDSOR,Canada,0,0
2026M06,CANCUN,Mexico,WINNIPEG,Canada,4,583
2026M06,CANCUN,Mexico,ZURICH,Suiza,5,1135
2026M06,CARACAS,Venezuela,CANCUN,Mexico,3,178
2026M06,CARACAS,Venezuela,SANTA LUCÍA,Mexico,4,709
2026M06,CARTAGENA DE INDIAS,Colombia,MEXICO,Mexico,30,4045
2026M06,CARTAGENA DE INDIAS,Colombia,SANTA LUCÍA,Mexico,11,1384
2026M06,CHARLOTTE,Estados Unidos,CANCUN,Mexico,119,20859
2026M06,CHARLOTTE,Estados Unidos,COZUMEL,Mexico,4,494
2026M06,CHARLOTTE,Estados Unidos,GUADALAJARA,Mexico,9,1718
2026M06,CHARLOTTE,Estados Unidos,MEXICO,Mexico,30,4602
2026M06,CHARLOTTE,Estados Unidos,SAN JOSÉ DEL CABO,Mexico,21,3354
2026M06,CHARLOTTETOWN,Canada,CANCUN,Mexico,0,0
2026M06,CHICAGO,Estados Unidos,AGUASCALIENTES,Mexico,18,2637
2026M06,CHICAGO,Estados Unidos,CANCUN,Mexico,222,38438
2026M06,CHICAGO,Estados Unidos,COZUMEL,Mexico,0,0
2026M06,CHICAGO,Estados Unidos,DEL BAJIO,Mexico,31,4906
2026M06,CHICAGO,Estados Unidos,DURANGO,Mexico,13,1888
2026M06,CHICAGO,Estados Unidos,GUADALAJARA,Mexico,157,25212
2026M06,CHICAGO,Estados Unidos,IXTAPA ZIHUATANEJO,Mexico,0,0
2026M06,CHICAGO,Estados Unidos,MEXICO,Mexico,212,36542
2026M06,CHICAGO,Estados Unidos,MONTERREY,Mexico,56,7738
2026M06,CHICAGO,Estados Unidos,MORELIA,Mexico,60,9692
2026M06,CHICAGO,Estados Unidos,PUERTO VALLARTA,Mexico,8,1180
2026M06,CHICAGO,Estados Unidos,QUERETARO,Mexico,8,1353
2026M06,CHICAGO,Estados Unidos,SAN JOSÉ DEL CABO,Mexico,34,5717
2026M06,CHICAGO,Estados Unidos,SAN LUIS POTOSI,Mexico,17,1817
2026M06,CHICAGO,Estados Unidos,ZACATECAS,Mexico,17,2460
2026M06,CHIHUAHUA,Mexico,DALLAS-FORT WORTH,Estados Unidos,86,4682
2026M06,CHIHUAHUA,Mexico,DENVER,Estados Unidos,13,1809
2026M06,CLEVELAND,Estados Unidos,CANCUN,Mexico,34,4321
2026M06,COLORADO SPRINGS,Estados Unidos,CANCUN,Mexico,0,0
2026M06,"COLUMBUS, Ohio",Estados Unidos,CANCUN,Mexico,20,1780
2026M06,COMAYAGUA,Honduras,MEXICO,Mexico,17,846
2026M06,COMOX,Canada,PUERTO VALLARTA,Mexico,0,0
2026M06,COVINGTON,Estados Unidos,CANCUN,Mexico,12,1955
2026M06,COZUMEL,Mexico,ATLANTA,Estados Unidos,0,0
2026M06,COZUMEL,Mexico,CALGARY,Canada,0,0
2026M06,COZUMEL,Mexico,CHARLOTTE,Estados Unidos,4,576
2026M06,COZUMEL,Mexico,CHICAGO,Estados Unidos,0,0
2026M06,COZUMEL,Mexico,DALLAS-FORT WORTH,Estados Unidos,34,5304
2026M06,COZUMEL,Mexico,DENVER,Estados Unidos,3,470
2026M06,COZUMEL,Mexico,HOUSTON,Estados Unidos,30,3790
2026M06,COZUMEL,Mexico,MIAMI,Estados Unidos,29,1810
2026M06,COZUMEL,Mexico,MINNEAPOLIS,Estados Unidos,0,0
2026M06,COZUMEL,Mexico,MONTREAL,Canada,4,317
2026M06,COZUMEL,Mexico,TORONTO,Canada,2,253
2026M06,CULIACAN,Mexico,PHOENIX,Estados Unidos,8,965
2026M06,"Cardiff, Glamorgan",Reino Unido,CANCUN,Mexico,0,0
2026M06,"Charleston, Sur de Carolina",Estados Unidos,CANCUN,Mexico,4,367
2026M06,DALLAS-FORT WORTH,Estados Unidos,ACAPULCO,Mexico,8,522
2026M06,DALLAS-FORT WORTH,Estados Unidos,AGUASCALIENTES,Mexico,60,3425
2026M06,DALLAS-FORT WORTH,Estados Unidos,CANCUN,Mexico,298,52370
2026M06,DALLAS-FORT WORTH,Estados Unidos,CHIHUAHUA,Mexico,86,4756
2026M06,DALLAS-FORT WORTH,Estados Unidos,COZUMEL,Mexico,34,5191
2026M06,DALLAS-FORT WORTH,Estados Unidos,DEL BAJIO,Mexico,88,12316
2026M06,DALLAS-FORT WORTH,Estados Unidos,DURANGO,Mexico,29,3708
2026M06,DALLAS-FORT WORTH,Estados Unidos,GUADALAJARA,Mexico,119,18022
2026M06,DALLAS-FORT WORTH,Estados Unidos,HUATULCO,Mexico,8,544
2026M06,DALLAS-FORT WORTH,Estados Unidos,IXTAPA ZIHUATANEJO,Mexico,4,252
2026M06,DALLAS-FORT WORTH,Estados Unidos,LORETO,Mexico,4,105
2026M06,DALLAS-FORT WORTH,Estados Unidos,MANZANILLO,Mexico,0,0
2026M06,DALLAS-FORT WORTH,Estados Unidos,MAZATLAN,Mexico,8,799
2026M06,DALLAS-FORT WORTH,Estados Unidos,MERIDA,Mexico,21,1391
2026M06,DALLAS-FORT WORTH,Estados Unidos,MEXICO,Mexico,202,30385
2026M06,DALLAS-FORT WORTH,Estados Unidos,MONTERREY,Mexico,204,16921
2026M06,DALLAS-FORT WORTH,Estados Unidos,MORELIA,Mexico,43,5444
2026M06,DALLAS-FORT WORTH,Estados Unidos,OAXACA,Mexico,29,4046
2026M06,DALLAS-FORT WORTH,Estados Unidos,PUERTO ESCONDIDO,Mexico,8,479
2026M06,DALLAS-FORT WORTH,Estados Unidos,PUERTO VALLARTA,Mexico,54,8697
2026M06,DALLAS-FORT WORTH,Estados Unidos,QUERETARO,Mexico,107,15662
2026M06,DALLAS-FORT WORTH,Estados Unidos,SAN JOSÉ DEL CABO,Mexico,129,20799
2026M06,DALLAS-FORT WORTH,Estados Unidos,SAN LUIS POTOSI,Mexico,43,5432
2026M06,DALLAS-FORT WORTH,Estados Unidos,TAMPICO,Mexico,25,1393
2026M06,DALLAS-FORT WORTH,Estados Unidos,TORREON,Mexico,60,3296
2026M06,DALLAS-FORT WORTH,Estados Unidos,TULUM,Mexico,21,1382
2026M06,DALLAS-FORT WORTH,Estados Unidos,VERACRUZ,Mexico,30,1954
2026M06,DALLAS-FORT WORTH,Estados Unidos,ZACATECAS,Mexico,30,2106
2026M06,DEER LAKE,Canada,CANCUN,Mexico,0,0
2026M06,DEL BAJIO,Mexico,ATLANTA,Estados Unidos,30,2087
2026M06,DEL BAJIO,Mexico,CHICAGO,Estados Unidos,30,4326
2026M06,DEL BAJIO,Mexico,DALLAS-FORT WORTH,Estados Unidos,86,9170
2026M06,DEL BAJIO,Mexico,FRESNO,Estados Unidos,13,1705
2026M06,DEL BAJIO,Mexico,HOUSTON,Estados Unidos,129,8213
2026M06,DEL BAJIO,Mexico,LOS ANGELES,Estados Unidos,16,1634
2026M06,DEL BAJIO,Mexico,OAKLAND,Estados Unidos,13,1602
2026M06,DEL BAJIO,Mexico,ONTARIO,Estados Unidos,9,841
2026M06,DEL BAJIO,Mexico,SACRAMENTO,Estados Unidos,5,711
2026M06,DEL BAJIO,Mexico,SAN ANTONIO,Estados Unidos,4,428
2026M06,DEL BAJIO,Mexico,"SAN JOSE, CALIFORNIA",Estados Unidos,8,1011
2026M06,DENVER,Estados Unidos,CANCUN,Mexico,153,25914
2026M06,DENVER,Estados Unidos,CHIHUAHUA,Mexico,13,1762
2026M06,DENVER,Estados Unidos,COZUMEL,Mexico,3,395
2026M06,DENVER,Estados Unidos,GUADALAJARA,Mexico,30,4856
2026M06,DENVER,Estados Unidos,MEXICO,Mexico,90,10989
2026M06,DENVER,Estados Unidos,MONTERREY,Mexico,11,1667
2026M06,DENVER,Estados Unidos,PUERTO VALLARTA,Mexico,56,7688
2026M06,DENVER,Estados Unidos,QUERETARO,Mexico,8,639
2026M06,DENVER,Estados Unidos,SAN JOSÉ DEL CABO,Mexico,82,10436
2026M06,DETROIT,Estados Unidos,CANCUN,Mexico,55,9194
2026M06,DETROIT,Estados Unidos,GUADALAJARA,Mexico,13,1672
2026M06,DETROIT,Estados Unidos,MEXICO,Mexico,30,3433
2026M06,DETROIT,Estados Unidos,MONTERREY,Mexico,30,1659
2026M06,DETROIT,Estados Unidos,PUERTO VALLARTA,Mexico,0,0
2026M06,DETROIT,Estados Unidos,QUERETARO,Mexico,22,1215
2026M06,DETROIT,Estados Unidos,SAN JOSÉ DEL CABO,Mexico,0,0
2026M06,DOHA,Qatar,SANTA LUCÍA,Mexico,9,0
2026M06,DUBAI,Emiratos Arabes,MEXICO,Mexico,30,2336
2026M06,DUBLIN,Irlanda,CANCUN,Mexico,3,895
2026M06,DURANGO,Mexico,CHICAGO,Estados Unidos,13,1728
2026M06,DURANGO,Mexico,DALLAS-FORT WORTH,Estados Unidos,29,3146
2026M06,EDMONTON,Canada,CANCUN,Mexico,8,1089
2026M06,EDMONTON,Canada,HUATULCO,Mexico,0,0
2026M06,EDMONTON,Canada,MAZATLAN,Mexico,0,0
2026M06,EDMONTON,Canada,PUERTO VALLARTA,Mexico,5,598
2026M06,EDMONTON,Canada,SAN JOSÉ DEL CABO,Mexico,0,0
2026M06,ESTAMBUL (ARNAVUTKOY),Turquia,CANCUN,Mexico,32,1172
2026M06,ESTAMBUL (ARNAVUTKOY),Turquia,MEXICO,Mexico,32,7252
2026M06,ESTAMBUL (ARNAVUTKOY),Turquia,SANTA LUCÍA,Mexico,4,0
2026M06,FORT LAUDERDALE,Estados Unidos,CANCUN,Mexico,58,8943
2026M06,FRANKFURT,Alemania,CANCUN,Mexico,22,5872
2026M06,FRANKFURT,Alemania,MEXICO,Mexico,30,9485
2026M06,FRANKFURT,Alemania,SAN JOSÉ DEL CABO,Mexico,0,0
2026M06,FRANKFURT,Alemania,SANTA LUCÍA,Mexico,37,0
2026M06,FRESNO,Estados Unidos,DEL BAJIO,Mexico,12,1912
2026M06,FRESNO,Estados Unidos,GUADALAJARA,Mexico,91,17649
2026M06,FRESNO,Estados Unidos,MORELIA,Mexico,18,2772
2026M06,"Fredericton, Canada",Canada,CANCUN,Mexico,0,0
2026M06,GLASGOW,Reino Unido,CANCUN,Mexico,11,3279
2026M06,GUADALAJARA,Mexico,ATLANTA,Estados Unidos,30,4608
2026M06,GUADALAJARA,Mexico,BOGOTA,Colombia,32,3175
2026M06,GUADALAJARA,Mexico,CALGARY,Canada,4,499
2026M06,GUADALAJARA,Mexico,CHARLOTTE,Estados Unidos,9,1666
2026M06,GUADALAJARA,Mexico,CHICAGO,Estados Unidos,158,21920
2026M06,GUADALAJARA,Mexico,DALLAS-FORT WORTH,Estados Unidos,119,16113
2026M06,GUADALAJARA,Mexico,DENVER,Estados Unidos,30,4603
2026M06,GUADALAJARA,Mexico,DETROIT,Estados Unidos,13,1459
2026M06,GUADALAJARA,Mexico,FRESNO,Estados Unidos,90,13848
2026M06,GUADALAJARA,Mexico,HONG KONG,HONG KONG,16,0
2026M06,GUADALAJARA,Mexico,HOUSTON,Estados Unidos,136,15564
2026M06,GUADALAJARA,Mexico,LAS VEGAS,Estados Unidos,70,10919
2026M06,GUADALAJARA,Mexico,LOS ANGELES,Estados Unidos,250,37872
2026M06,GUADALAJARA,Mexico,"LOUISVILLE, KENTUCKY",Estados Unidos,22,0
2026M06,GUADALAJARA,Mexico,LUXEMBURGO,Luxemburgo,23,0
2026M06,GUADALAJARA,Mexico,MADRID,España,26,5844
2026M06,GUADALAJARA,Mexico,MEMPHIS,Estados Unidos,49,0
2026M06,GUADALAJARA,Mexico,MIAMI,Estados Unidos,23,3219
2026M06,GUADALAJARA,Mexico,MONTREAL,Canada,1,174
2026M06,GUADALAJARA,Mexico,NEWARK,Estados Unidos,30,3849
2026M06,GUADALAJARA,Mexico,OAKLAND,Estados Unidos,73,10799
2026M06,GUADALAJARA,Mexico,ONTARIO,Estados Unidos,60,9682
2026M06,GUADALAJARA,Mexico,ORLANDO,Estados Unidos,21,3023
2026M06,GUADALAJARA,Mexico,PANAMA,Panama,37,4872
2026M06,GUADALAJARA,Mexico,PARIS,Francia,7,0
2026M06,GUADALAJARA,Mexico,PHOENIX,Estados Unidos,73,6822
2026M06,GUADALAJARA,Mexico,"PORTLAND, OREGON",Estados Unidos,42,6904
2026M06,GUADALAJARA,Mexico,RENO,Estados Unidos,22,2302
2026M06,GUADALAJARA,Mexico,SACRAMENTO,Estados Unidos,90,13330
2026M06,GUADALAJARA,Mexico,SALT LAKE CITY,Estados Unidos,43,5718
2026M06,GUADALAJARA,Mexico,SAN ANTONIO,Estados Unidos,42,6176
2026M06,GUADALAJARA,Mexico,SAN FRANCISCO,Estados Unidos,30,3316
2026M06,GUADALAJARA,Mexico,"SAN JOSE, CALIFORNIA",Estados Unidos,47,7861
2026M06,GUADALAJARA,Mexico,"SAN JOSE, COSTA RICA",Costa Rica,14,654
2026M06,GUADALAJARA,Mexico,SEATTLE,Estados Unidos,46,6934
2026M06,GUADALAJARA,Mexico,Seoul,COREA DEL SUR,11,0
2026M06,GUADALAJARA,Mexico,TORONTO,Canada,12,1632
2026M06,GUADALAJARA,Mexico,VANCOUVER,Canada,16,2587
2026M06,GUATEMALA,Guatemala,CANCUN,Mexico,30,3299
2026M06,GUATEMALA,Guatemala,MERIDA,Mexico,0,0
2026M06,GUATEMALA,Guatemala,MEXICO,Mexico,117,18884
2026M06,GUATEMALA,Guatemala,SANTA LUCÍA,Mexico,14,0
2026M06,HALIFAX,Canada,CANCUN,Mexico,0,0
2026M06,HAMILTON,Canada,CANCUN,Mexico,0,0
2026M06,HAMILTON,Canada,PUERTO VALLARTA,Mexico,0,0
2026M06,"HANGZHOU, China",China,SANTA LUCÍA,Mexico,0,0
2026M06,HARLINGEN TEXAS,Estados Unidos,CANCUN,Mexico,8,1254
2026M06,HERMOSILLO,Mexico,PHOENIX,Estados Unidos,30,1839
2026M06,HONG KONG,HONG KONG,GUADALAJARA,Mexico,33,0
2026M06,HONG KONG,HONG KONG,SANTA LUCÍA,Mexico,43,0
2026M06,HOUSTON,Estados Unidos,ACAPULCO,Mexico,8,528
2026M06,HOUSTON,Estados Unidos,AGUASCALIENTES,Mexico,60,3920
2026M06,HOUSTON,Estados Unidos,CANCUN,Mexico,311,51818
2026M06,HOUSTON,Estados Unidos,COZUMEL,Mexico,30,3991
2026M06,HOUSTON,Estados Unidos,DEL BAJIO,Mexico,107,10028
2026M06,HOUSTON,Estados Unidos,GUADALAJARA,Mexico,136,18337
2026M06,HOUSTON,Estados Unidos,IXTAPA ZIHUATANEJO,Mexico,12,736
2026M06,HOUSTON,Estados Unidos,MANZANILLO,Mexico,4,256
2026M06,HOUSTON,Estados Unidos,MAZATLAN,Mexico,4,249
2026M06,HOUSTON,Estados Unidos,MERIDA,Mexico,30,3729
2026M06,HOUSTON,Estados Unidos,MEXICO,Mexico,307,41515
2026M06,HOUSTON,Estados Unidos,MONTERREY,Mexico,239,22163
2026M06,HOUSTON,Estados Unidos,MORELIA,Mexico,43,3529
2026M06,HOUSTON,Estados Unidos,OAXACA,Mexico,29,1959
2026M06,HOUSTON,Estados Unidos,PUEBLA,Mexico,43,2475
2026M06,HOUSTON,Estados Unidos,PUERTO ESCONDIDO,Mexico,12,768
2026M06,HOUSTON,Estados Unidos,PUERTO VALLARTA,Mexico,81,10336
2026M06,HOUSTON,Estados Unidos,QUERETARO,Mexico,112,12332
2026M06,HOUSTON,Estados Unidos,SAN JOSÉ DEL CABO,Mexico,159,17522
2026M06,HOUSTON,Estados Unidos,SAN LUIS POTOSI,Mexico,73,6575
2026M06,HOUSTON,Estados Unidos,TAMPICO,Mexico,30,1872
2026M06,HOUSTON,Estados Unidos,TEPIC,Mexico,4,140
2026M06,HOUSTON,Estados Unidos,TULUM,Mexico,31,3545
2026M06,HOUSTON,Estados Unidos,VERACRUZ,Mexico,30,3418
2026M06,HUATULCO,Mexico,CALGARY,Canada,0,0
2026M06,HUATULCO,Mexico,DALLAS-FORT WORTH,Estados Unidos,8,507
2026M06,HUATULCO,Mexico,EDMONTON,Canada,0,0
2026M06,HUATULCO,Mexico,TORONTO,Canada,0,0
2026M06,HUATULCO,Mexico,VANCOUVER,Canada,0,0
2026M06,HUATULCO,Mexico,WINNIPEG,Canada,0,0
2026M06,INDIANAPOLIS,Estados Unidos,CANCUN,Mexico,8,1187
2026M06,INDIANAPOLIS,Estados Unidos,SAN JOSÉ DEL CABO,Mexico,0,0
2026M06,IXTAPA ZIHUATANEJO,Mexico,CALGARY,Canada,0,0
2026M06,IXTAPA ZIHUATANEJO,Mexico,CHICAGO,Estados Unidos,0,0
2026M06,IXTAPA ZIHUATANEJO,Mexico,DALLAS-FORT WORTH,Estados Unidos,4,206
2026M06,IXTAPA ZIHUATANEJO,Mexico,HOUSTON,Estados Unidos,12,638
2026M06,IXTAPA ZIHUATANEJO,Mexico,LOS ANGELES,Estados Unidos,8,1133
2026M06,IXTAPA ZIHUATANEJO,Mexico,MINNEAPOLIS,Estados Unidos,0,0
2026M06,IXTAPA ZIHUATANEJO,Mexico,MONTREAL,Canada,0,0
2026M06,IXTAPA ZIHUATANEJO,Mexico,PHOENIX,Estados Unidos,8,423
2026M06,IXTAPA ZIHUATANEJO,Mexico,SAN FRANCISCO,Estados Unidos,0,0
2026M06,IXTAPA ZIHUATANEJO,Mexico,TORONTO,Canada,0,0
2026M06,IXTAPA ZIHUATANEJO,Mexico,VANCOUVER,Canada,0,0
2026M06,JEBEL ALI,Emiratos Arabes,SANTA LUCÍA,Mexico,16,0
2026M06,KANSAS CITY,Estados Unidos,CANCUN,Mexico,38,5468
2026M06,KANSAS CITY,Estados Unidos,SAN JOSÉ DEL CABO,Mexico,0,0
2026M06,KELOWNA,Canada,CANCUN,Mexico,0,0
2026M06,KELOWNA,Canada,MAZATLAN,Mexico,0,0
2026M06,KELOWNA,Canada,PUERTO VALLARTA,Mexico,0,0
2026M06,KELOWNA,Canada,SAN JOSÉ DEL CABO,Mexico,0,0
2026M06,KITCHENER,Canada,CANCUN,Mexico,0,0
2026M06,LA HABANA,Cuba,CANCUN,Mexico,30,3683
2026M06,LA HABANA,Cuba,MERIDA,Mexico,13,956
2026M06,LA HABANA,Cuba,MEXICO,Mexico,30,3472
2026M06,LA HABANA,Cuba,MONTERREY,Mexico,8,985
2026M06,LA HABANA,Cuba,SANTA LUCÍA,Mexico,13,1022
2026M06,LA PAZ,Mexico,LOS ANGELES,Estados Unidos,15,964
2026M06,LAREDO,Estados Unidos,MONTERREY,Mexico,4,9
2026M06,LAS VEGAS,Estados Unidos,CANCUN,Mexico,20,3423
2026M06,LAS VEGAS,Estados Unidos,GUADALAJARA,Mexico,70,12604
2026M06,LAS VEGAS,Estados Unidos,MEXICO,Mexico,88,15118
2026M06,LAS VEGAS,Estados Unidos,MONTERREY,Mexico,29,5268
2026M06,LAS VEGAS,Estados Unidos,PUERTO VALLARTA,Mexico,0,0
2026M06,LAS VEGAS,Estados Unidos,SAN JOSÉ DEL CABO,Mexico,20,2634
2026M06,LIMA,Peru,CANCUN,Mexico,60,8757
2026M06,LIMA,Peru,MEXICO,Mexico,88,12513
2026M06,LIMA,Peru,SANTA LUCÍA,Mexico,4,0
2026M06,LISBON,Portugal,CANCUN,Mexico,7,1613
2026M06,LIÈGE,Belgica,SANTA LUCÍA,Mexico,0,0
2026M06,"LONDON, ONTARIO",Canada,CANCUN,Mexico,0,0
2026M06,LONDRES,Reino Unido,CANCUN,Mexico,47,12283
2026M06,LONDRES,Reino Unido,MEXICO,Mexico,61,11203
2026M06,LORETO,Mexico,CALGARY,Canada,0,0
2026M06,LORETO,Mexico,DALLAS-FORT WORTH,Estados Unidos,4,124
2026M06,LORETO,Mexico,LOS ANGELES,Estados Unidos,25,1519
2026M06,LORETO,Mexico,PHOENIX,Estados Unidos,21,1290
2026M06,LORETO,Mexico,SAN FRANCISCO,Estados Unidos,0,0
2026M06,LOS ANGELES,Estados Unidos,AGUASCALIENTES,Mexico,17,2453
2026M06,LOS ANGELES,Estados Unidos,CANCUN,Mexico,143,24638
2026M06,LOS ANGELES,Estados Unidos,DEL BAJIO,Mexico,17,2474
2026M06,LOS ANGELES,Estados Unidos,GUADALAJARA,Mexico,280,44301
2026M06,LOS ANGELES,Estados Unidos,IXTAPA ZIHUATANEJO,Mexico,8,1325
2026M06,LOS ANGELES,Estados Unidos,LA PAZ,Mexico,15,945
2026M06,LOS ANGELES,Estados Unidos,LORETO,Mexico,25,1500
2026M06,LOS ANGELES,Estados Unidos,MANZANILLO,Mexico,17,1218
2026M06,LOS ANGELES,Estados Unidos,MAZATLAN,Mexico,28,1847
2026M06,LOS ANGELES,Estados Unidos,MERIDA,Mexico,0,0
2026M06,LOS ANGELES,Estados Unidos,MEXICO,Mexico,260,44601
2026M06,LOS ANGELES,Estados Unidos,MONTERREY,Mexico,25,3486
2026M06,LOS ANGELES,Estados Unidos,MORELIA,Mexico,22,3148
2026M06,LOS ANGELES,Estados Unidos,OAXACA,Mexico,13,1850
2026M06,LOS ANGELES,Estados Unidos,PUEBLA,Mexico,17,1806
2026M06,LOS ANGELES,Estados Unidos,PUERTO VALLARTA,Mexico,103,16835
2026M06,LOS ANGELES,Estados Unidos,QUERETARO,Mexico,9,1126
2026M06,LOS ANGELES,Estados Unidos,SAN JOSÉ DEL CABO,Mexico,166,27726
2026M06,LOS ANGELES,Estados Unidos,SANTA LUCÍA,Mexico,57,0
2026M06,LOS ANGELES,Estados Unidos,TEPIC,Mexico,13,1450
2026M06,LOS ANGELES,Estados Unidos,URUAPAN,Mexico,9,1189
2026M06,LOS ANGELES,Estados Unidos,ZACATECAS,Mexico,18,2960
2026M06,"LOUISVILLE, KENTUCKY",Estados Unidos,GUADALAJARA,Mexico,5,0
2026M06,"LOUISVILLE, KENTUCKY",Estados Unidos,MONTERREY,Mexico,22,0
2026M06,"LOUISVILLE, KENTUCKY",Estados Unidos,SANTA LUCÍA,Mexico,22,0
2026M06,LUXEMBURGO,Luxemburgo,GUADALAJARA,Mexico,7,0
2026M06,LUXEMBURGO,Luxemburgo,SANTA LUCÍA,Mexico,12,0
2026M06,MADRID,España,CANCUN,Mexico,43,14953
2026M06,MADRID,España,GUADALAJARA,Mexico,26,6093
2026M06,MADRID,España,MEXICO,Mexico,165,41095
2026M06,MADRID,España,MONTERREY,Mexico,38,7676
2026M06,MADRID,España,QUERETARO,Mexico,8,2876
2026M06,MANAGUA,Nicaragua,MEXICO,Mexico,13,766
2026M06,MANCHESTER,Reino Unido,CANCUN,Mexico,17,5563
2026M06,MANZANILLO,Mexico,CALGARY,Canada,0,0
2026M06,MANZANILLO,Mexico,DALLAS-FORT WORTH,Estados Unidos,0,0
2026M06,MANZANILLO,Mexico,HOUSTON,Estados Unidos,4,262
2026M06,MANZANILLO,Mexico,LOS ANGELES,Estados Unidos,16,1103
2026M06,MANZANILLO,Mexico,PHOENIX,Estados Unidos,0,0
2026M06,MAZATLAN,Mexico,CALGARY,Canada,4,553
2026M06,MAZATLAN,Mexico,DALLAS-FORT WORTH,Estados Unidos,8,854
2026M06,MAZATLAN,Mexico,EDMONTON,Canada,0,0
2026M06,MAZATLAN,Mexico,HOUSTON,Estados Unidos,4,283
2026M06,MAZATLAN,Mexico,KELOWNA,Canada,0,0
2026M06,MAZATLAN,Mexico,LOS ANGELES,Estados Unidos,28,1705
2026M06,MAZATLAN,Mexico,MINNEAPOLIS,Estados Unidos,0,0
2026M06,MAZATLAN,Mexico,MONTREAL,Canada,4,462
2026M06,MAZATLAN,Mexico,PHOENIX,Estados Unidos,30,2141
2026M06,MAZATLAN,Mexico,"REGINA, Canada",Canada,0,0
2026M06,MAZATLAN,Mexico,TORONTO,Canada,0,0
2026M06,MAZATLAN,Mexico,VANCOUVER,Canada,0,0
2026M06,MAZATLAN,Mexico,WINNIPEG,Canada,0,0
2026M06,MC ALLEN,Estados Unidos,MONTERREY,Mexico,20,60
2026M06,MEDELLIN,Colombia,CANCUN,Mexico,30,4511
2026M06,MEDELLIN,Colombia,MEXICO,Mexico,60,8026
2026M06,MEDELLIN,Colombia,SANTA LUCÍA,Mexico,16,2168
2026M06,MEMPHIS,Estados Unidos,GUADALAJARA,Mexico,51,0
2026M06,MEMPHIS,Estados Unidos,MONTERREY,Mexico,25,0
2026M06,MEMPHIS,Estados Unidos,QUERETARO,Mexico,22,0
2026M06,MEMPHIS,Estados Unidos,TOLUCA,Mexico,26,0
2026M06,MERIDA,Mexico,DALLAS-FORT WORTH,Estados Unidos,21,1396
2026M06,MERIDA,Mexico,GUATEMALA,Guatemala,0,0
2026M06,MERIDA,Mexico,HOUSTON,Estados Unidos,33,3915
2026M06,MERIDA,Mexico,LA HABANA,Cuba,13,869
2026M06,MERIDA,Mexico,LOS ANGELES,Estados Unidos,0,0
2026M06,MERIDA,Mexico,MIAMI,Estados Unidos,44,4114
2026M06,MERIDA,Mexico,ORLANDO,Estados Unidos,9,994
2026M06,MERIDA,Mexico,TORONTO,Canada,0,0
2026M06,MEXICO,Mexico,AMSTERDAM,Paises Bajos,59,13784
2026M06,MEXICO,Mexico,ATLANTA,Estados Unidos,150,20854
2026M06,MEXICO,Mexico,AUSTIN,Estados Unidos,46,4064
2026M06,MEXICO,Mexico,"BARCELONA, España",España,55,8680
2026M06,MEXICO,Mexico,BOGOTA,Colombia,210,26736
2026M06,MEXICO,Mexico,BOSTON,Estados Unidos,30,3905
2026M06,MEXICO,Mexico,BUENOS AIRES,Argentina,30,5958
2026M06,MEXICO,Mexico,CALGARY,Canada,20,2401
2026M06,MEXICO,Mexico,CALI,Colombia,20,2327
2026M06,MEXICO,Mexico,CARTAGENA DE INDIAS,Colombia,30,3673
2026M06,MEXICO,Mexico,CHARLOTTE,Estados Unidos,30,4101
2026M06,MEXICO,Mexico,CHICAGO,Estados Unidos,213,33260
2026M06,MEXICO,Mexico,COMAYAGUA,Honduras,17,829
2026M06,MEXICO,Mexico,DALLAS-FORT WORTH,Estados Unidos,203,28025
2026M06,MEXICO,Mexico,DENVER,Estados Unidos,90,11384
2026M06,MEXICO,Mexico,DETROIT,Estados Unidos,30,3122
2026M06,MEXICO,Mexico,DUBAI,Emiratos Arabes,30,2057
2026M06,MEXICO,Mexico,ESTAMBUL (ARNAVUTKOY),Turquia,32,6803
2026M06,MEXICO,Mexico,FRANKFURT,Alemania,30,8920
2026M06,MEXICO,Mexico,FRESNO,Estados Unidos,0,0
2026M06,MEXICO,Mexico,GUATEMALA,Guatemala,117,15476
2026M06,MEXICO,Mexico,HOUSTON,Estados Unidos,302,37203
2026M06,MEXICO,Mexico,LA HABANA,Cuba,30,2534
2026M06,MEXICO,Mexico,LAS VEGAS,Estados Unidos,88,13606
2026M06,MEXICO,Mexico,LIMA,Peru,88,12028
2026M06,MEXICO,Mexico,LONDRES,Reino Unido,61,12449
2026M06,MEXICO,Mexico,LOS ANGELES,Estados Unidos,260,39174
2026M06,MEXICO,Mexico,MADRID,España,189,43552
2026M06,MEXICO,Mexico,MANAGUA,Nicaragua,13,796
2026M06,MEXICO,Mexico,MEDELLIN,Colombia,60,7421
2026M06,MEXICO,Mexico,MIAMI,Estados Unidos,217,29370
2026M06,MEXICO,Mexico,MINNEAPOLIS,Estados Unidos,30,3037
2026M06,MEXICO,Mexico,MONTREAL,Canada,58,8607
2026M06,MEXICO,Mexico,MUNICH,Alemania,13,3192
2026M06,MEXICO,Mexico,NEWARK,Estados Unidos,90,10544
2026M06,MEXICO,Mexico,NUEVA YORK,Estados Unidos,173,27578
2026M06,MEXICO,Mexico,OAKLAND,Estados Unidos,30,5349
2026M06,MEXICO,Mexico,ORLANDO,Estados Unidos,115,13596
2026M06,MEXICO,Mexico,PANAMA,Panama,211,26052
2026M06,MEXICO,Mexico,PARIS,Francia,92,26018
2026M06,MEXICO,Mexico,PHILADELPHIA,Estados Unidos,30,3290
2026M06,MEXICO,Mexico,PHOENIX,Estados Unidos,60,7447
2026M06,MEXICO,Mexico,PUNTA CANA,Republica Dominicana,30,4331
2026M06,MEXICO,Mexico,QUITO,Ecuador,17,1724
2026M06,MEXICO,Mexico,RALEIGH/DURHAM,Estados Unidos,30,2264
2026M06,MEXICO,Mexico,ROMA,Italia,30,6722
2026M06,MEXICO,Mexico,SACRAMENTO,Estados Unidos,0,0
2026M06,MEXICO,Mexico,SALT LAKE CITY,Estados Unidos,30,3384
2026M06,MEXICO,Mexico,SAN ANTONIO,Estados Unidos,90,11547
2026M06,MEXICO,Mexico,SAN FRANCISCO,Estados Unidos,149,16958
2026M06,MEXICO,Mexico,"SAN JOSE, COSTA RICA",Costa Rica,120,13604
2026M06,MEXICO,Mexico,SAN PEDRO SULA,Honduras,17,1202
2026M06,MEXICO,Mexico,SAN SALVADOR,El Salvador,74,8475
2026M06,MEXICO,Mexico,SANTIAGO DE CHILE,Chile,27,4490
2026M06,MEXICO,Mexico,"SANTO DOMINGO,REP DOM",Republica Dominicana,30,3347
2026M06,MEXICO,Mexico,SAO PAULO,Brasil,59,11186
2026M06,MEXICO,Mexico,SEATTLE,Estados Unidos,30,3693
2026M06,MEXICO,Mexico,SHENZHEN,China,12,1509
2026M06,MEXICO,Mexico,Seoul,COREA DEL SUR,30,3831
2026M06,MEXICO,Mexico,TAMPA,Estados Unidos,30,3742
2026M06,MEXICO,Mexico,TOKYO,Japon,59,8038
2026M06,MEXICO,Mexico,TORONTO,Canada,103,14448
2026M06,MEXICO,Mexico,VANCOUVER,Canada,74,10318
2026M06,MEXICO,Mexico,WASHINGTON,Estados Unidos,61,6540
2026M06,MIAMI,Estados Unidos,CANCUN,Mexico,129,18856
2026M06,MIAMI,Estados Unidos,COZUMEL,Mexico,29,1700
2026M06,MIAMI,Estados Unidos,GUADALAJARA,Mexico,22,3263
2026M06,MIAMI,Estados Unidos,MERIDA,Mexico,43,4507
2026M06,MIAMI,Estados Unidos,MEXICO,Mexico,217,31295
2026M06,MIAMI,Estados Unidos,MONTERREY,Mexico,49,4296
2026M06,MIAMI,Estados Unidos,SANTA LUCÍA,Mexico,4,0
2026M06,MIAMI,Estados Unidos,TULUM,Mexico,24,2265
2026M06,MILAN,Italia,CANCUN,Mexico,0,0
2026M06,MILWAUKEE,Estados Unidos,CANCUN,Mexico,0,0
2026M06,MINNEAPOLIS,Estados Unidos,CANCUN,Mexico,34,5870
2026M06,MINNEAPOLIS,Estados Unidos,COZUMEL,Mexico,0,0
2026M06,MINNEAPOLIS,Estados Unidos,IXTAPA ZIHUATANEJO,Mexico,0,0
2026M06,MINNEAPOLIS,Estados Unidos,MAZATLAN,Mexico,0,0
2026M06,MINNEAPOLIS,Estados Unidos,MEXICO,Mexico,30,3515
2026M06,MINNEAPOLIS,Estados Unidos,PUERTO VALLARTA,Mexico,0,0
2026M06,MINNEAPOLIS,Estados Unidos,SAN JOSÉ DEL CABO,Mexico,0,0
2026M06,MONCTON,Canada,CANCUN,Mexico,0,0
2026M06,MONTERREY,Mexico,ATLANTA,Estados Unidos,59,5485
2026M06,MONTERREY,Mexico,AUSTIN,Estados Unidos,19,1973
2026M06,MONTERREY,Mexico,BOGOTA,Colombia,27,2906
2026M06,MONTERREY,Mexico,BROWNSVILLE,Estados Unidos,22,108
2026M06,MONTERREY,Mexico,CHICAGO,Estados Unidos,53,6888
2026M06,MONTERREY,Mexico,DALLAS-FORT WORTH,Estados Unidos,204,16520
2026M06,MONTERREY,Mexico,DENVER,Estados Unidos,11,1647
2026M06,MONTERREY,Mexico,DETROIT,Estados Unidos,30,1822
2026M06,MONTERREY,Mexico,HOUSTON,Estados Unidos,240,20792
2026M06,MONTERREY,Mexico,LA HABANA,Cuba,8,1030
2026M06,MONTERREY,Mexico,LAREDO,Estados Unidos,7,17
2026M06,MONTERREY,Mexico,LAS VEGAS,Estados Unidos,29,5419
2026M06,MONTERREY,Mexico,LOS ANGELES,Estados Unidos,21,3046
2026M06,MONTERREY,Mexico,"LOUISVILLE, KENTUCKY",Estados Unidos,22,0
2026M06,MONTERREY,Mexico,MADRID,España,38,8404
2026M06,MONTERREY,Mexico,MC ALLEN,Estados Unidos,19,60
2026M06,MONTERREY,Mexico,MEMPHIS,Estados Unidos,26,0
2026M06,MONTERREY,Mexico,MIAMI,Estados Unidos,49,4309
2026M06,MONTERREY,Mexico,NUEVA YORK,Estados Unidos,32,3620
2026M06,MONTERREY,Mexico,OAKLAND,Estados Unidos,0,0
2026M06,MONTERREY,Mexico,ORLANDO,Estados Unidos,19,2712
2026M06,MONTERREY,Mexico,PANAMA,Panama,34,4393
2026M06,MONTERREY,Mexico,PARIS,Francia,13,3211
2026M06,MONTERREY,Mexico,PHOENIX,Estados Unidos,21,873
2026M06,MONTERREY,Mexico,SALT LAKE CITY,Estados Unidos,0,0
2026M06,MONTERREY,Mexico,SAN ANTONIO,Estados Unidos,44,4675
2026M06,MONTERREY,Mexico,SAN FRANCISCO,Estados Unidos,31,1889
2026M06,MONTERREY,Mexico,"SAN JOSE, COSTA RICA",Costa Rica,9,706
2026M06,MONTERREY,Mexico,Seoul,COREA DEL SUR,30,2921
2026M06,MONTERREY,Mexico,TOKYO,Japon,30,2661
2026M06,MONTERREY,Mexico,TORONTO,Canada,16,1975
2026M06,MONTREAL,Canada,ACAPULCO,Mexico,0,0
2026M06,MONTREAL,Canada,CANCUN,Mexico,96,16947
2026M06,MONTREAL,Canada,COZUMEL,Mexico,4,426
2026M06,MONTREAL,Canada,GUADALAJARA,Mexico,1,161
2026M06,MONTREAL,Canada,IXTAPA ZIHUATANEJO,Mexico,0,0
2026M06,MONTREAL,Canada,MAZATLAN,Mexico,4,525
2026M06,MONTREAL,Canada,MEXICO,Mexico,60,7908
2026M06,MONTREAL,Canada,PUERTO VALLARTA,Mexico,0,0
2026M06,MONTREAL,Canada,SAN JOSÉ DEL CABO,Mexico,0,0
2026M06,MONTREAL,Canada,TULUM,Mexico,0,0
2026M06,MORELIA,Mexico,CHICAGO,Estados Unidos,60,8601
2026M06,MORELIA,Mexico,DALLAS-FORT WORTH,Estados Unidos,43,4705
2026M06,MORELIA,Mexico,FRESNO,Estados Unidos,17,2165
2026M06,MORELIA,Mexico,HOUSTON,Estados Unidos,42,2697
2026M06,MORELIA,Mexico,LOS ANGELES,Estados Unidos,22,2604
2026M06,MORELIA,Mexico,OAKLAND,Estados Unidos,22,2991
2026M06,MORELIA,Mexico,ONTARIO,Estados Unidos,8,718
2026M06,MORELIA,Mexico,SACRAMENTO,Estados Unidos,17,1977
2026M06,MORELIA,Mexico,SAN ANTONIO,Estados Unidos,0,0
2026M06,MORELIA,Mexico,"SAN JOSE, CALIFORNIA",Estados Unidos,13,1620
2026M06,MUNICH,Alemania,MEXICO,Mexico,13,2837
2026M06,NASHVILLE,Estados Unidos,CANCUN,Mexico,38,6299
2026M06,NASHVILLE,Estados Unidos,SAN JOSÉ DEL CABO,Mexico,4,471
2026M06,NEWARK,Estados Unidos,CANCUN,Mexico,127,18308
2026M06,NEWARK,Estados Unidos,GUADALAJARA,Mexico,30,3822
2026M06,NEWARK,Estados Unidos,MEXICO,Mexico,92,11647
2026M06,NEWARK,Estados Unidos,PUEBLA,Mexico,16,1551
2026M06,NEWARK,Estados Unidos,PUERTO VALLARTA,Mexico,4,377
2026M06,NEWARK,Estados Unidos,SAN JOSÉ DEL CABO,Mexico,9,1080
2026M06,NEWARK,Estados Unidos,TULUM,Mexico,0,0
2026M06,NEWCASTLE,Reino Unido,CANCUN,Mexico,4,1174
2026M06,NORFOLK,Estados Unidos,CANCUN,Mexico,6,552
2026M06,NUEVA ORLEANS,Estados Unidos,CANCUN,Mexico,43,4344
2026M06,NUEVA YORK,Estados Unidos,CANCUN,Mexico,146,22910
2026M06,NUEVA YORK,Estados Unidos,MEXICO,Mexico,172,26938
2026M06,NUEVA YORK,Estados Unidos,MONTERREY,Mexico,31,3698
2026M06,NUEVA YORK,Estados Unidos,PUERTO VALLARTA,Mexico,0,0
2026M06,NUEVA YORK,Estados Unidos,SAN JOSÉ DEL CABO,Mexico,30,3872
2026M06,NUEVA YORK,Estados Unidos,TULUM,Mexico,0,0
2026M06,OAKLAND,Estados Unidos,DEL BAJIO,Mexico,13,1926
2026M06,OAKLAND,Estados Unidos,GUADALAJARA,Mexico,73,12967
2026M06,OAKLAND,Estados Unidos,MEXICO,Mexico,30,6598
2026M06,OAKLAND,Estados Unidos,MONTERREY,Mexico,0,0
2026M06,OAKLAND,Estados Unidos,MORELIA,Mexico,22,3804
2026M06,OAKLAND,Estados Unidos,SAN JOSÉ DEL CABO,Mexico,0,0
2026M06,OAKLAND,Estados Unidos,ZACATECAS,Mexico,0,0
2026M06,OAXACA,Mexico,DALLAS-FORT WORTH,Estados Unidos,29,3297
2026M06,OAXACA,Mexico,HOUSTON,Estados Unidos,29,1537
2026M06,OAXACA,Mexico,LOS ANGELES,Estados Unidos,13,1710
2026M06,ONTARIO,Estados Unidos,DEL BAJIO,Mexico,9,1025
2026M06,ONTARIO,Estados Unidos,GUADALAJARA,Mexico,60,10873
2026M06,ONTARIO,Estados Unidos,MORELIA,Mexico,8,884
2026M06,ONTARIO,Estados Unidos,SAN JOSÉ DEL CABO,Mexico,0,0
2026M06,ORLANDO,Estados Unidos,CANCUN,Mexico,70,9658
2026M06,ORLANDO,Estados Unidos,GUADALAJARA,Mexico,21,3487
2026M06,ORLANDO,Estados Unidos,MERIDA,Mexico,9,1208
2026M06,ORLANDO,Estados Unidos,MEXICO,Mexico,115,15810
2026M06,ORLANDO,Estados Unidos,MONTERREY,Mexico,19,2946
2026M06,ORLANDO,Estados Unidos,QUERETARO,Mexico,9,952
2026M06,OTTAWA,Canada,CANCUN,Mexico,8,565
2026M06,OTTAWA,Canada,PUERTO VALLARTA,Mexico,0,0
2026M06,PANAMA,Panama,CANCUN,Mexico,179,25395
2026M06,PANAMA,Panama,GUADALAJARA,Mexico,38,5414
2026M06,PANAMA,Panama,MEXICO,Mexico,211,28505
2026M06,PANAMA,Panama,MONTERREY,Mexico,34,4592
2026M06,PANAMA,Panama,SAN JOSÉ DEL CABO,Mexico,13,1463
2026M06,PANAMA,Panama,SANTA LUCÍA,Mexico,0,0
2026M06,PARIS,Francia,CANCUN,Mexico,10,2917
2026M06,PARIS,Francia,GUADALAJARA,Mexico,7,0
2026M06,PARIS,Francia,MEXICO,Mexico,93,22742
2026M06,PARIS,Francia,MONTERREY,Mexico,13,2646
2026M06,PARIS,Francia,SANTA LUCÍA,Mexico,9,0
2026M06,PHILADELPHIA,Estados Unidos,CANCUN,Mexico,83,12351
2026M06,PHILADELPHIA,Estados Unidos,MEXICO,Mexico,30,3549
2026M06,PHOENIX,Estados Unidos,CANCUN,Mexico,64,10887
2026M06,PHOENIX,Estados Unidos,CULIACAN,Mexico,8,845
2026M06,PHOENIX,Estados Unidos,GUADALAJARA,Mexico,73,8002
2026M06,PHOENIX,Estados Unidos,HERMOSILLO,Mexico,30,1773
2026M06,PHOENIX,Estados Unidos,IXTAPA ZIHUATANEJO,Mexico,8,551
2026M06,PHOENIX,Estados Unidos,LORETO,Mexico,21,1242
2026M06,PHOENIX,Estados Unidos,MANZANILLO,Mexico,0,0
2026M06,PHOENIX,Estados Unidos,MAZATLAN,Mexico,30,2154
2026M06,PHOENIX,Estados Unidos,MEXICO,Mexico,60,8328
2026M06,PHOENIX,Estados Unidos,MONTERREY,Mexico,21,1063
2026M06,PHOENIX,Estados Unidos,PUERTO VALLARTA,Mexico,60,8577
2026M06,PHOENIX,Estados Unidos,SAN JOSÉ DEL CABO,Mexico,120,16227
2026M06,PHOENIX,Estados Unidos,TIJUANA,Mexico,21,849
2026M06,PITTSBURGH,Estados Unidos,CANCUN,Mexico,4,505
2026M06,"PORTLAND, OREGON",Estados Unidos,CANCUN,Mexico,0,0
2026M06,"PORTLAND, OREGON",Estados Unidos,GUADALAJARA,Mexico,42,6956
2026M06,"PORTLAND, OREGON",Estados Unidos,PUERTO VALLARTA,Mexico,4,643
2026M06,"PORTLAND, OREGON",Estados Unidos,SAN JOSÉ DEL CABO,Mexico,4,668
2026M06,PRINCE GEORGE,Canada,PUERTO VALLARTA,Mexico,0,0
2026M06,PUEBLA,Mexico,HOUSTON,Estados Unidos,43,2576
2026M06,PUEBLA,Mexico,LOS ANGELES,Estados Unidos,17,1516
2026M06,PUEBLA,Mexico,NEWARK,Estados Unidos,17,2019
2026M06,PUERTO ESCONDIDO,Mexico,CALGARY,Canada,0,0
2026M06,PUERTO ESCONDIDO,Mexico,DALLAS-FORT WORTH,Estados Unidos,8,499
2026M06,PUERTO ESCONDIDO,Mexico,HOUSTON,Estados Unidos,12,680
2026M06,PUERTO ESCONDIDO,Mexico,TORONTO,Canada,0,0
2026M06,PUERTO VALLARTA,Mexico,ABBOTSFORD,Canada,0,0
2026M06,PUERTO VALLARTA,Mexico,ATLANTA,Estados Unidos,30,4656
2026M06,PUERTO VALLARTA,Mexico,AUSTIN,Estados Unidos,0,0
2026M06,PUERTO VALLARTA,Mexico,CALGARY,Canada,20,3185
2026M06,PUERTO VALLARTA,Mexico,CHICAGO,Estados Unidos,8,1266
2026M06,PUERTO VALLARTA,Mexico,COMOX,Canada,0,0
2026M06,PUERTO VALLARTA,Mexico,DALLAS-FORT WORTH,Estados Unidos,54,8752
2026M06,PUERTO VALLARTA,Mexico,DENVER,Estados Unidos,56,7697
2026M06,PUERTO VALLARTA,Mexico,DETROIT,Estados Unidos,0,0
2026M06,PUERTO VALLARTA,Mexico,EDMONTON,Canada,5,615
2026M06,PUERTO VALLARTA,Mexico,HAMILTON,Canada,0,0
2026M06,PUERTO VALLARTA,Mexico,HOUSTON,Estados Unidos,81,10262
2026M06,PUERTO VALLARTA,Mexico,KELOWNA,Canada,0,0
2026M06,PUERTO VALLARTA,Mexico,LAS VEGAS,Estados Unidos,0,0
2026M06,PUERTO VALLARTA,Mexico,LOS ANGELES,Estados Unidos,104,16270
2026M06,PUERTO VALLARTA,Mexico,MINNEAPOLIS,Estados Unidos,0,0
2026M06,PUERTO VALLARTA,Mexico,MONTREAL,Canada,0,0
2026M06,PUERTO VALLARTA,Mexico,NEWARK,Estados Unidos,4,393
2026M06,PUERTO VALLARTA,Mexico,NUEVA YORK,Estados Unidos,0,0
2026M06,PUERTO VALLARTA,Mexico,OTTAWA,Canada,0,0
2026M06,PUERTO VALLARTA,Mexico,PHOENIX,Estados Unidos,60,8102
2026M06,PUERTO VALLARTA,Mexico,"PORTLAND, OREGON",Estados Unidos,3,445
2026M06,PUERTO VALLARTA,Mexico,PRINCE GEORGE,Canada,0,0
2026M06,PUERTO VALLARTA,Mexico,QUEBEC,Canada,0,0
2026M06,PUERTO VALLARTA,Mexico,"REGINA, Canada",Canada,0,0
2026M06,PUERTO VALLARTA,Mexico,SACRAMENTO,Estados Unidos,4,644
2026M06,PUERTO VALLARTA,Mexico,SALT LAKE CITY,Estados Unidos,24,3499
2026M06,PUERTO VALLARTA,Mexico,SAN DIEGO,Estados Unidos,4,647
2026M06,PUERTO VALLARTA,Mexico,SAN FRANCISCO,Estados Unidos,31,4942
2026M06,PUERTO VALLARTA,Mexico,"SAN JOSE, CALIFORNIA",Estados Unidos,0,0
2026M06,PUERTO VALLARTA,Mexico,"SANTA ANA, CALIFORNIA",Estados Unidos,0,0
2026M06,PUERTO VALLARTA,Mexico,SASKATOON,Canada,0,0
2026M06,PUERTO VALLARTA,Mexico,SEATTLE,Estados Unidos,4,677
2026M06,PUERTO VALLARTA,Mexico,ST. LOUIS,Estados Unidos,0,0
2026M06,PUERTO VALLARTA,Mexico,TORONTO,Canada,4,628
2026M06,PUERTO VALLARTA,Mexico,VANCOUVER,Canada,12,1908
2026M06,PUERTO VALLARTA,Mexico,"VICTORIA, COLUMBIA",Canada,0,0
2026M06,PUERTO VALLARTA,Mexico,WINNIPEG,Canada,0,0
2026M06,PUNTA CANA,Republica Dominicana,CANCUN,Mexico,39,3582
2026M06,PUNTA CANA,Republica Dominicana,MEXICO,Mexico,30,4387
2026M06,PUNTA CANA,Republica Dominicana,SANTA LUCÍA,Mexico,30,4203
2026M06,"Providence, Rhode Island",Estados Unidos,CANCUN,Mexico,0,0
2026M06,QUEBEC,Canada,CANCUN,Mexico,9,1412
2026M06,QUEBEC,Canada,PUERTO VALLARTA,Mexico,0,0
2026M06,QUEBEC,Canada,TULUM,Mexico,0,0
2026M06,QUERETARO,Mexico,ATLANTA,Estados Unidos,30,2274
2026M06,QUERETARO,Mexico,CHICAGO,Estados Unidos,8,1203
2026M06,QUERETARO,Mexico,DALLAS-FORT WORTH,Estados Unidos,107,12755
2026M06,QUERETARO,Mexico,DENVER,Estados Unidos,8,490
2026M06,QUERETARO,Mexico,DETROIT,Estados Unidos,21,1233
2026M06,QUERETARO,Mexico,HOUSTON,Estados Unidos,111,10584
2026M06,QUERETARO,Mexico,LOS ANGELES,Estados Unidos,9,779
2026M06,QUERETARO,Mexico,MADRID,España,8,2897
2026M06,QUERETARO,Mexico,MEMPHIS,Estados Unidos,22,0
2026M06,QUERETARO,Mexico,ORLANDO,Estados Unidos,9,749
2026M06,QUERETARO,Mexico,SAN ANTONIO,Estados Unidos,54,2781
2026M06,QUITO,Ecuador,MEXICO,Mexico,18,1903
2026M06,QUITO,Ecuador,SANTA LUCÍA,Mexico,15,0
2026M06,RALEIGH/DURHAM,Estados Unidos,CANCUN,Mexico,0,0
2026M06,RALEIGH/DURHAM,Estados Unidos,MEXICO,Mexico,30,2456
2026M06,"REGINA, Canada",Canada,CANCUN,Mexico,0,0
2026M06,"REGINA, Canada",Canada,MAZATLAN,Mexico,0,0
2026M06,"REGINA, Canada",Canada,PUERTO VALLARTA,Mexico,0,0
2026M06,RENO,Estados Unidos,GUADALAJARA,Mexico,22,2743
2026M06,ROMA,Italia,CANCUN,Mexico,4,1119
2026M06,ROMA,Italia,MEXICO,Mexico,30,6234
2026M06,SACRAMENTO,Estados Unidos,DEL BAJIO,Mexico,4,605
2026M06,SACRAMENTO,Estados Unidos,GUADALAJARA,Mexico,90,14922
2026M06,SACRAMENTO,Estados Unidos,MEXICO,Mexico,0,0
2026M06,SACRAMENTO,Estados Unidos,MORELIA,Mexico,18,2744
2026M06,SACRAMENTO,Estados Unidos,PUERTO VALLARTA,Mexico,4,524
2026M06,SACRAMENTO,Estados Unidos,SAN JOSÉ DEL CABO,Mexico,28,4376
2026M06,SALT LAKE CITY,Estados Unidos,CANCUN,Mexico,30,5588
2026M06,SALT LAKE CITY,Estados Unidos,GUADALAJARA,Mexico,43,6154
2026M06,SALT LAKE CITY,Estados Unidos,MEXICO,Mexico,30,3635
2026M06,SALT LAKE CITY,Estados Unidos,MONTERREY,Mexico,0,0
2026M06,SALT LAKE CITY,Estados Unidos,PUERTO VALLARTA,Mexico,24,3581
2026M06,SALT LAKE CITY,Estados Unidos,SAN JOSÉ DEL CABO,Mexico,30,4430
2026M06,SAN ANTONIO,Estados Unidos,CANCUN,Mexico,44,6727
2026M06,SAN ANTONIO,Estados Unidos,DEL BAJIO,Mexico,4,396
2026M06,SAN ANTONIO,Estados Unidos,GUADALAJARA,Mexico,59,6349
2026M06,SAN ANTONIO,Estados Unidos,MEXICO,Mexico,90,12556
2026M06,SAN ANTONIO,Estados Unidos,MONTERREY,Mexico,45,5518
2026M06,SAN ANTONIO,Estados Unidos,MORELIA,Mexico,0,0
2026M06,SAN ANTONIO,Estados Unidos,QUERETARO,Mexico,26,3102
2026M06,SAN ANTONIO,Estados Unidos,SAN LUIS POTOSI,Mexico,13,1078
2026M06,SAN ANTONIO,Estados Unidos,TORREON,Mexico,6,438
2026M06,SAN DIEGO,Estados Unidos,PUERTO VALLARTA,Mexico,4,678
2026M06,SAN DIEGO,Estados Unidos,SAN JOSÉ DEL CABO,Mexico,75,11048
2026M06,SAN FRANCISCO,Estados Unidos,CANCUN,Mexico,68,11333
2026M06,SAN FRANCISCO,Estados Unidos,GUADALAJARA,Mexico,30,4351
2026M06,SAN FRANCISCO,Estados Unidos,IXTAPA ZIHUATANEJO,Mexico,0,0
2026M06,SAN FRANCISCO,Estados Unidos,LORETO,Mexico,0,0
2026M06,SAN FRANCISCO,Estados Unidos,MEXICO,Mexico,148,20229
2026M06,SAN FRANCISCO,Estados Unidos,MONTERREY,Mexico,30,2053
2026M06,SAN FRANCISCO,Estados Unidos,PUERTO VALLARTA,Mexico,30,4790
2026M06,SAN FRANCISCO,Estados Unidos,SAN JOSÉ DEL CABO,Mexico,96,15252
2026M06,"SAN JOSE, CALIFORNIA",Estados Unidos,DEL BAJIO,Mexico,8,1255
2026M06,"SAN JOSE, CALIFORNIA",Estados Unidos,GUADALAJARA,Mexico,47,9090
2026M06,"SAN JOSE, CALIFORNIA",Estados Unidos,MORELIA,Mexico,13,1808
2026M06,"SAN JOSE, CALIFORNIA",Estados Unidos,PUERTO VALLARTA,Mexico,0,0
2026M06,"SAN JOSE, CALIFORNIA",Estados Unidos,SAN JOSÉ DEL CABO,Mexico,0,0
2026M06,"SAN JOSE, CALIFORNIA",Estados Unidos,ZACATECAS,Mexico,9,1413
2026M06,"SAN JOSE, COSTA RICA",Costa Rica,CANCUN,Mexico,60,5221
2026M06,"SAN JOSE, COSTA RICA",Costa Rica,GUADALAJARA,Mexico,9,696
2026M06,"SAN JOSE, COSTA RICA",Costa Rica,MEXICO,Mexico,120,14805
2026M06,"SAN JOSE, COSTA RICA",Costa Rica,MONTERREY,Mexico,9,835
2026M06,SAN JOSÉ DEL CABO,Mexico,ATLANTA,Estados Unidos,34,5863
2026M06,SAN JOSÉ DEL CABO,Mexico,AUSTIN,Estados Unidos,20,2742
2026M06,SAN JOSÉ DEL CABO,Mexico,BALTIMORE,Estados Unidos,0,0
2026M06,SAN JOSÉ DEL CABO,Mexico,CALGARY,Canada,12,1806
2026M06,SAN JOSÉ DEL CABO,Mexico,CHARLOTTE,Estados Unidos,21,3335
2026M06,SAN JOSÉ DEL CABO,Mexico,CHICAGO,Estados Unidos,33,5394
2026M06,SAN JOSÉ DEL CABO,Mexico,DALLAS-FORT WORTH,Estados Unidos,130,21695
2026M06,SAN JOSÉ DEL CABO,Mexico,DENVER,Estados Unidos,82,11227
2026M06,SAN JOSÉ DEL CABO,Mexico,DETROIT,Estados Unidos,0,0
2026M06,SAN JOSÉ DEL CABO,Mexico,EDMONTON,Canada,0,0
2026M06,SAN JOSÉ DEL CABO,Mexico,FRANKFURT,Alemania,0,0
2026M06,SAN JOSÉ DEL CABO,Mexico,HOUSTON,Estados Unidos,158,18581
2026M06,SAN JOSÉ DEL CABO,Mexico,INDIANAPOLIS,Estados Unidos,0,0
2026M06,SAN JOSÉ DEL CABO,Mexico,KANSAS CITY,Estados Unidos,0,0
2026M06,SAN JOSÉ DEL CABO,Mexico,KELOWNA,Canada,0,0
2026M06,SAN JOSÉ DEL CABO,Mexico,LAS VEGAS,Estados Unidos,20,2396
2026M06,SAN JOSÉ DEL CABO,Mexico,LOS ANGELES,Estados Unidos,167,26377
2026M06,SAN JOSÉ DEL CABO,Mexico,MINNEAPOLIS,Estados Unidos,0,0
2026M06,SAN JOSÉ DEL CABO,Mexico,MONTREAL,Canada,0,0
2026M06,SAN JOSÉ DEL CABO,Mexico,NASHVILLE,Estados Unidos,4,473
2026M06,SAN JOSÉ DEL CABO,Mexico,NEWARK,Estados Unidos,8,1256
2026M06,SAN JOSÉ DEL CABO,Mexico,NUEVA YORK,Estados Unidos,29,3585
2026M06,SAN JOSÉ DEL CABO,Mexico,OAKLAND,Estados Unidos,0,0
2026M06,SAN JOSÉ DEL CABO,Mexico,ONTARIO,Estados Unidos,0,0
2026M06,SAN JOSÉ DEL CABO,Mexico,PANAMA,Panama,13,1326
2026M06,SAN JOSÉ DEL CABO,Mexico,PHOENIX,Estados Unidos,120,15704
2026M06,SAN JOSÉ DEL CABO,Mexico,"PORTLAND, OREGON",Estados Unidos,4,588
2026M06,SAN JOSÉ DEL CABO,Mexico,SACRAMENTO,Estados Unidos,28,4338
2026M06,SAN JOSÉ DEL CABO,Mexico,SALT LAKE CITY,Estados Unidos,30,4371
2026M06,SAN JOSÉ DEL CABO,Mexico,SAN DIEGO,Estados Unidos,75,10181
2026M06,SAN JOSÉ DEL CABO,Mexico,SAN FRANCISCO,Estados Unidos,96,14877
2026M06,SAN JOSÉ DEL CABO,Mexico,"SAN JOSE, CALIFORNIA",Estados Unidos,0,0
2026M06,SAN JOSÉ DEL CABO,Mexico,"SANTA ANA, CALIFORNIA",Estados Unidos,30,4282
2026M06,SAN JOSÉ DEL CABO,Mexico,SEATTLE,Estados Unidos,34,5290
2026M06,SAN JOSÉ DEL CABO,Mexico,ST. LOUIS,Estados Unidos,4,462
2026M06,SAN JOSÉ DEL CABO,Mexico,TORONTO,Canada,4,596
2026M06,SAN JOSÉ DEL CABO,Mexico,VANCOUVER,Canada,20,3076
2026M06,SAN JOSÉ DEL CABO,Mexico,"VICTORIA, COLUMBIA",Canada,0,0
2026M06,SAN JOSÉ DEL CABO,Mexico,WINNIPEG,Canada,0,0
2026M06,SAN LUIS POTOSI,Mexico,ATLANTA,Estados Unidos,0,0
2026M06,SAN LUIS POTOSI,Mexico,CHICAGO,Estados Unidos,17,1544
2026M06,SAN LUIS POTOSI,Mexico,DALLAS-FORT WORTH,Estados Unidos,43,4931
2026M06,SAN LUIS POTOSI,Mexico,HOUSTON,Estados Unidos,73,5358
2026M06,SAN LUIS POTOSI,Mexico,SAN ANTONIO,Estados Unidos,13,940
2026M06,SAN PEDRO SULA,Honduras,MEXICO,Mexico,17,1201
2026M06,SAN SALVADOR,El Salvador,MEXICO,Mexico,75,9028
2026M06,"SANTA ANA, CALIFORNIA",Estados Unidos,PUERTO VALLARTA,Mexico,0,0
2026M06,"SANTA ANA, CALIFORNIA",Estados Unidos,SAN JOSÉ DEL CABO,Mexico,30,4693
2026M06,SANTA LUCÍA,Mexico,BOGOTA,Colombia,64,5576
2026M06,SANTA LUCÍA,Mexico,CAMPINAS,Brasil,8,0
2026M06,SANTA LUCÍA,Mexico,CARACAS,Venezuela,4,935
2026M06,SANTA LUCÍA,Mexico,CARTAGENA DE INDIAS,Colombia,12,1239
2026M06,SANTA LUCÍA,Mexico,CHICAGO,Estados Unidos,0,0
2026M06,SANTA LUCÍA,Mexico,DOHA,Qatar,3,0
2026M06,SANTA LUCÍA,Mexico,ESTAMBUL (ARNAVUTKOY),Turquia,4,0
2026M06,SANTA LUCÍA,Mexico,FRANKFURT,Alemania,30,0
2026M06,SANTA LUCÍA,Mexico,GUATEMALA,Guatemala,14,0
2026M06,SANTA LUCÍA,Mexico,HONG KONG,HONG KONG,25,0
2026M06,SANTA LUCÍA,Mexico,HOUSTON,Estados Unidos,3,0
2026M06,SANTA LUCÍA,Mexico,JEBEL ALI,Emiratos Arabes,8,0
2026M06,SANTA LUCÍA,Mexico,LA HABANA,Cuba,13,1109
2026M06,SANTA LUCÍA,Mexico,LIMA,Peru,4,0
2026M06,SANTA LUCÍA,Mexico,LOS ANGELES,Estados Unidos,41,0
2026M06,SANTA LUCÍA,Mexico,"LOUISVILLE, KENTUCKY",Estados Unidos,22,0
2026M06,SANTA LUCÍA,Mexico,LUXEMBURGO,Luxemburgo,25,0
2026M06,SANTA LUCÍA,Mexico,MEDELLIN,Colombia,17,1630
2026M06,SANTA LUCÍA,Mexico,MIAMI,Estados Unidos,6,0
2026M06,SANTA LUCÍA,Mexico,MONTREAL,Canada,1,0
2026M06,SANTA LUCÍA,Mexico,PANAMA,Panama,4,0
2026M06,SANTA LUCÍA,Mexico,PARIS,Francia,9,0
2026M06,SANTA LUCÍA,Mexico,PUNTA CANA,Republica Dominicana,29,3680
2026M06,SANTA LUCÍA,Mexico,QUITO,Ecuador,13,0
2026M06,SANTA LUCÍA,Mexico,SAN ANTONIO,Estados Unidos,6,4
2026M06,SANTA LUCÍA,Mexico,"SAN JOSE, COSTA RICA",Costa Rica,4,0
2026M06,SANTA LUCÍA,Mexico,SAN PEDRO SULA,Honduras,0,0
2026M06,SANTA LUCÍA,Mexico,SANTIAGO DE CHILE,Chile,3,0
2026M06,SANTA LUCÍA,Mexico,"SANTO DOMINGO,REP DOM",Republica Dominicana,16,1983
2026M06,SANTA LUCÍA,Mexico,SHANGHAI,China,31,0
2026M06,SANTA LUCÍA,Mexico,SHENZHEN,China,3,0
2026M06,SANTA LUCÍA,Mexico,Seoul,COREA DEL SUR,9,0
2026M06,SANTA LUCÍA,Mexico,TORONTO,Canada,24,0
2026M06,SANTA LUCÍA,Mexico,"VALENCIA, Venezuela",Venezuela,0,0
2026M06,SANTA LUCÍA,Mexico,VANCOUVER,Canada,0,0
2026M06,SANTA LUCÍA,Mexico,WUXI,China,0,0
2026M06,SANTIAGO DE CHILE,Chile,CANCUN,Mexico,4,992
2026M06,SANTIAGO DE CHILE,Chile,MEXICO,Mexico,27,4577
2026M06,SANTIAGO DE CHILE,Chile,SANTA LUCÍA,Mexico,3,0
2026M06,"SANTO DOMINGO,REP DOM",Republica Dominicana,MEXICO,Mexico,30,3274
2026M06,"SANTO DOMINGO,REP DOM",Republica Dominicana,SANTA LUCÍA,Mexico,16,1724
2026M06,SAO PAULO,Brasil,MEXICO,Mexico,59,10802
2026M06,SASKATOON,Canada,CANCUN,Mexico,0,0
2026M06,SASKATOON,Canada,PUERTO VALLARTA,Mexico,0,0
2026M06,SEATTLE,Estados Unidos,CANCUN,Mexico,1,108
2026M06,SEATTLE,Estados Unidos,GUADALAJARA,Mexico,46,6567
2026M06,SEATTLE,Estados Unidos,MEXICO,Mexico,30,4080
2026M06,SEATTLE,Estados Unidos,PUERTO VALLARTA,Mexico,4,696
2026M06,SEATTLE,Estados Unidos,SAN JOSÉ DEL CABO,Mexico,35,5312
2026M06,SHANGHAI,China,SANTA LUCÍA,Mexico,42,0
2026M06,SHENZHEN,China,MEXICO,Mexico,12,1521
2026M06,SHENZHEN,China,SANTA LUCÍA,Mexico,4,0
2026M06,ST. JOHN'S,Canada,CANCUN,Mexico,0,0
2026M06,ST. LOUIS,Estados Unidos,CANCUN,Mexico,90,14098
2026M06,ST. LOUIS,Estados Unidos,PUERTO VALLARTA,Mexico,0,0
2026M06,ST. LOUIS,Estados Unidos,SAN JOSÉ DEL CABO,Mexico,4,478
2026M06,Seoul,COREA DEL SUR,GUADALAJARA,Mexico,13,0
2026M06,Seoul,COREA DEL SUR,MEXICO,Mexico,30,5816
2026M06,Seoul,COREA DEL SUR,SANTA LUCÍA,Mexico,8,0
2026M06,TAMPA,Estados Unidos,CANCUN,Mexico,31,4654
2026M06,TAMPA,Estados Unidos,MEXICO,Mexico,30,4429
2026M06,TAMPICO,Mexico,DALLAS-FORT WORTH,Estados Unidos,25,1294
2026M06,TAMPICO,Mexico,HOUSTON,Estados Unidos,29,1824
2026M06,TEPIC,Mexico,CALGARY,Canada,0,0
2026M06,TEPIC,Mexico,HOUSTON,Estados Unidos,4,74
2026M06,TEPIC,Mexico,LOS ANGELES,Estados Unidos,13,1385
2026M06,THUNDER BAY,Canada,CANCUN,Mexico,0,0
2026M06,TIJUANA,Mexico,PHOENIX,Estados Unidos,21,821
2026M06,TOKYO,Japon,MEXICO,Mexico,60,11160
2026M06,TOLUCA,Mexico,MEMPHIS,Estados Unidos,22,0
2026M06,TORONTO,Canada,CANCUN,Mexico,209,30683
2026M06,TORONTO,Canada,COZUMEL,Mexico,2,279
2026M06,TORONTO,Canada,GUADALAJARA,Mexico,12,1411
2026M06,TORONTO,Canada,HUATULCO,Mexico,0,0
2026M06,TORONTO,Canada,IXTAPA ZIHUATANEJO,Mexico,0,0
2026M06,TORONTO,Canada,MAZATLAN,Mexico,0,0
2026M06,TORONTO,Canada,MERIDA,Mexico,0,0
2026M06,TORONTO,Canada,MEXICO,Mexico,104,13827
2026M06,TORONTO,Canada,MONTERREY,Mexico,16,1824
2026M06,TORONTO,Canada,PUERTO ESCONDIDO,Mexico,0,0
2026M06,TORONTO,Canada,PUERTO VALLARTA,Mexico,4,536
2026M06,TORONTO,Canada,SAN JOSÉ DEL CABO,Mexico,4,607
2026M06,TORONTO,Canada,SANTA LUCÍA,Mexico,25,0
2026M06,TORONTO,Canada,TULUM,Mexico,0,0
2026M06,TORREON,Mexico,DALLAS-FORT WORTH,Estados Unidos,60,3173
2026M06,TORREON,Mexico,SAN ANTONIO,Estados Unidos,6,332
2026M06,TULSA,Estados Unidos,CANCUN,Mexico,8,1329
2026M06,TULUM,Mexico,ATLANTA,Estados Unidos,4,480
2026M06,TULUM,Mexico,CALGARY,Canada,0,0
2026M06,TULUM,Mexico,DALLAS-FORT WORTH,Estados Unidos,21,1365
2026M06,TULUM,Mexico,HOUSTON,Estados Unidos,31,3529
2026M06,TULUM,Mexico,MIAMI,Estados Unidos,24,2096
2026M06,TULUM,Mexico,MONTREAL,Canada,0,0
2026M06,TULUM,Mexico,NEWARK,Estados Unidos,0,0
2026M06,TULUM,Mexico,NUEVA YORK,Estados Unidos,0,0
2026M06,TULUM,Mexico,QUEBEC,Canada,0,0
2026M06,TULUM,Mexico,TORONTO,Canada,0,0
2026M06,URUAPAN,Mexico,LOS ANGELES,Estados Unidos,9,999
2026M06,"VALENCIA, Venezuela",Venezuela,CANCUN,Mexico,0,0
2026M06,"VALENCIA, Venezuela",Venezuela,SANTA LUCÍA,Mexico,0,0
2026M06,VANCOUVER,Canada,CANCUN,Mexico,23,3671
2026M06,VANCOUVER,Canada,GUADALAJARA,Mexico,15,1934
2026M06,VANCOUVER,Canada,HUATULCO,Mexico,0,0
2026M06,VANCOUVER,Canada,IXTAPA ZIHUATANEJO,Mexico,0,0
2026M06,VANCOUVER,Canada,MAZATLAN,Mexico,0,0
2026M06,VANCOUVER,Canada,MEXICO,Mexico,74,9890
2026M06,VANCOUVER,Canada,PUERTO VALLARTA,Mexico,12,1762
2026M06,VANCOUVER,Canada,SAN JOSÉ DEL CABO,Mexico,20,2716
2026M06,VERACRUZ,Mexico,DALLAS-FORT WORTH,Estados Unidos,54,2073
2026M06,VERACRUZ,Mexico,HOUSTON,Estados Unidos,30,3337
2026M06,"VICTORIA, COLUMBIA",Canada,CANCUN,Mexico,0,0
2026M06,"VICTORIA, COLUMBIA",Canada,PUERTO VALLARTA,Mexico,0,0
2026M06,"VICTORIA, COLUMBIA",Canada,SAN JOSÉ DEL CABO,Mexico,0,0
2026M06,WASHINGTON,Estados Unidos,CANCUN,Mexico,61,10137
2026M06,WASHINGTON,Estados Unidos,MEXICO,Mexico,60,6873
2026M06,WINDSOR,Canada,CANCUN,Mexico,0,0
2026M06,WINNIPEG,Canada,CANCUN,Mexico,4,535
2026M06,WINNIPEG,Canada,HUATULCO,Mexico,0,0
2026M06,WINNIPEG,Canada,MAZATLAN,Mexico,0,0
2026M06,WINNIPEG,Canada,PUERTO VALLARTA,Mexico,0,0
2026M06,WINNIPEG,Canada,SAN JOSÉ DEL CABO,Mexico,0,0
2026M06,WUXI,China,SANTA LUCÍA,Mexico,17,0
2026M06,ZACATECAS,Mexico,CHICAGO,Estados Unidos,17,2192
2026M06,ZACATECAS,Mexico,DALLAS-FORT WORTH,Estados Unidos,30,1680
2026M06,ZACATECAS,Mexico,LOS ANGELES,Estados Unidos,17,2364
2026M06,ZACATECAS,Mexico,OAKLAND,Estados Unidos,0,0
2026M06,ZACATECAS,Mexico,"SAN JOSE, CALIFORNIA",Estados Unidos,9,1252
2026M06,"ZARAGOZA, ES",España,SANTA LUCÍA,Mexico,14,0
2026M06,ZURICH,Suiza,CANCUN,Mexico,5,1431
2026M07,ABBOTSFORD,Canada,PUERTO VALLARTA,Mexico,0,0
2026M07,ACAPULCO,Mexico,DALLAS-FORT WORTH,Estados Unidos,9,585
2026M07,ACAPULCO,Mexico,HOUSTON,Estados Unidos,9,595
2026M07,ACAPULCO,Mexico,MONTREAL,Canada,0,0
2026M07,AGUASCALIENTES,Mexico,CHICAGO,Estados Unidos,17,2767
2026M07,AGUASCALIENTES,Mexico,DALLAS-FORT WORTH,Estados Unidos,62,3690
2026M07,AGUASCALIENTES,Mexico,HOUSTON,Estados Unidos,62,4214
2026M07,AGUASCALIENTES,Mexico,LOS ANGELES,Estados Unidos,17,2759
2026M07,AMSTERDAM,Paises Bajos,CANCUN,Mexico,9,2190
2026M07,AMSTERDAM,Paises Bajos,MEXICO,Mexico,62,16050
2026M07,ATLANTA,Estados Unidos,CANCUN,Mexico,193,33716
2026M07,ATLANTA,Estados Unidos,COZUMEL,Mexico,0,0
2026M07,ATLANTA,Estados Unidos,DEL BAJIO,Mexico,31,2486
2026M07,ATLANTA,Estados Unidos,GUADALAJARA,Mexico,31,5050
2026M07,ATLANTA,Estados Unidos,MEXICO,Mexico,154,24070
2026M07,ATLANTA,Estados Unidos,MONTERREY,Mexico,61,5751
2026M07,ATLANTA,Estados Unidos,PUERTO VALLARTA,Mexico,31,4384
2026M07,ATLANTA,Estados Unidos,QUERETARO,Mexico,31,2641
2026M07,ATLANTA,Estados Unidos,SAN JOSÉ DEL CABO,Mexico,35,6094
2026M07,ATLANTA,Estados Unidos,SAN LUIS POTOSI,Mexico,0,0
2026M07,ATLANTA,Estados Unidos,TULUM,Mexico,4,564
2026M07,AUSTIN,Estados Unidos,CANCUN,Mexico,60,8050
2026M07,AUSTIN,Estados Unidos,MEXICO,Mexico,31,4647
2026M07,AUSTIN,Estados Unidos,MONTERREY,Mexico,21,2574
2026M07,AUSTIN,Estados Unidos,PUERTO VALLARTA,Mexico,0,0
2026M07,AUSTIN,Estados Unidos,SAN JOSÉ DEL CABO,Mexico,22,2979
2026M07,BALTIMORE,Estados Unidos,CANCUN,Mexico,69,9295
2026M07,BALTIMORE,Estados Unidos,SAN JOSÉ DEL CABO,Mexico,0,0
2026M07,"BARCELONA, España",España,CANCUN,Mexico,4,1435
2026M07,"BARCELONA, España",España,MEXICO,Mexico,57,13211
2026M07,BELFAST,Reino Unido,CANCUN,Mexico,2,685
2026M07,BELICE,Belice,CANCUN,Mexico,30,252
2026M07,"BIRMINGHAM, INGLATERRA",Reino Unido,CANCUN,Mexico,7,2376
2026M07,BOGOTA,Colombia,CANCUN,Mexico,121,17977
2026M07,BOGOTA,Colombia,GUADALAJARA,Mexico,21,2856
2026M07,BOGOTA,Colombia,MEXICO,Mexico,206,27102
2026M07,BOGOTA,Colombia,MONTERREY,Mexico,31,3489
2026M07,BOGOTA,Colombia,SANTA LUCÍA,Mexico,54,6009
2026M07,BOSTON,Estados Unidos,CANCUN,Mexico,62,9103
2026M07,BOSTON,Estados Unidos,MEXICO,Mexico,31,4507
2026M07,BRASILIA,Brasil,CANCUN,Mexico,13,1820
2026M07,BROWNSVILLE,Estados Unidos,MONTERREY,Mexico,28,100
2026M07,BUENOS AIRES,Argentina,CANCUN,Mexico,9,1441
2026M07,BUENOS AIRES,Argentina,MEXICO,Mexico,31,7470
2026M07,CALGARY,Canada,CANCUN,Mexico,32,5297
2026M07,CALGARY,Canada,COZUMEL,Mexico,0,0
2026M07,CALGARY,Canada,GUADALAJARA,Mexico,4,523
2026M07,CALGARY,Canada,HUATULCO,Mexico,0,0
2026M07,CALGARY,Canada,IXTAPA ZIHUATANEJO,Mexico,0,0
2026M07,CALGARY,Canada,LORETO,Mexico,0,0
2026M07,CALGARY,Canada,MANZANILLO,Mexico,0,0
2026M07,CALGARY,Canada,MAZATLAN,Mexico,4,524
2026M07,CALGARY,Canada,MEXICO,Mexico,22,2571
2026M07,CALGARY,Canada,PUERTO ESCONDIDO,Mexico,0,0
2026M07,CALGARY,Canada,PUERTO VALLARTA,Mexico,27,4287
2026M07,CALGARY,Canada,SAN JOSÉ DEL CABO,Mexico,8,1169
2026M07,CALGARY,Canada,TEPIC,Mexico,0,0
2026M07,CALGARY,Canada,TULUM,Mexico,0,0
2026M07,CALI,Colombia,MEXICO,Mexico,18,2041
2026M07,CAMAGUEY,Cuba,CANCUN,Mexico,5,551
2026M07,CAMPINAS,Brasil,SANTA LUCÍA,Mexico,7,0
2026M07,CANCUN,Mexico,AMSTERDAM,Paises Bajos,9,2095
2026M07,CANCUN,Mexico,ATLANTA,Estados Unidos,193,34000
2026M07,CANCUN,Mexico,AUSTIN,Estados Unidos,60,9724
2026M07,CANCUN,Mexico,BALTIMORE,Estados Unidos,69,9924
2026M07,CANCUN,Mexico,"BARCELONA, España",España,4,1354
2026M07,CANCUN,Mexico,BELFAST,Reino Unido,4,1313
2026M07,CANCUN,Mexico,BELICE,Belice,30,242
2026M07,CANCUN,Mexico,"BIRMINGHAM, INGLATERRA",Reino Unido,5,1682
2026M07,CANCUN,Mexico,BOGOTA,Colombia,121,20286
2026M07,CANCUN,Mexico,BOSTON,Estados Unidos,61,8747
2026M07,CANCUN,Mexico,BRASILIA,Brasil,13,1972
2026M07,CANCUN,Mexico,BUENOS AIRES,Argentina,9,1343
2026M07,CANCUN,Mexico,CALGARY,Canada,32,5224
2026M07,CANCUN,Mexico,CAMAGUEY,Cuba,5,481
2026M07,CANCUN,Mexico,CARACAS,Venezuela,0,0
2026M07,CANCUN,Mexico,CHARLOTTE,Estados Unidos,120,21358
2026M07,CANCUN,Mexico,CHARLOTTETOWN,Canada,0,0
2026M07,CANCUN,Mexico,CHICAGO,Estados Unidos,225,37718
2026M07,CANCUN,Mexico,CLEVELAND,Estados Unidos,35,4307
2026M07,CANCUN,Mexico,COLORADO SPRINGS,Estados Unidos,0,0
2026M07,CANCUN,Mexico,"COLUMBUS, Ohio",Estados Unidos,22,2339
2026M07,CANCUN,Mexico,COVINGTON,Estados Unidos,9,1311
2026M07,CANCUN,Mexico,"Cardiff, Glamorgan",Reino Unido,0,0
2026M07,CANCUN,Mexico,"Charleston, Sur de Carolina",Estados Unidos,4,341
2026M07,CANCUN,Mexico,DALLAS-FORT WORTH,Estados Unidos,281,49150
2026M07,CANCUN,Mexico,DENVER,Estados Unidos,128,22907
2026M07,CANCUN,Mexico,DETROIT,Estados Unidos,62,10278
2026M07,CANCUN,Mexico,DUBLIN,Irlanda,4,1284
2026M07,CANCUN,Mexico,EDMONTON,Canada,8,1252
2026M07,CANCUN,Mexico,ESTAMBUL (ARNAVUTKOY),Turquia,31,6833
2026M07,CANCUN,Mexico,FORT LAUDERDALE,Estados Unidos,61,9285
2026M07,CANCUN,Mexico,FRANKFURT,Alemania,27,7604
2026M07,CANCUN,Mexico,"Fredericton, Canada",Canada,0,0
2026M07,CANCUN,Mexico,"GANDER, Canadá",Canada,0,0
2026M07,CANCUN,Mexico,GLASGOW,Reino Unido,13,3811
2026M07,CANCUN,Mexico,GUATEMALA,Guatemala,31,2735
2026M07,CANCUN,Mexico,HALIFAX,Canada,0,0
2026M07,CANCUN,Mexico,HAMILTON,Canada,0,0
2026M07,CANCUN,Mexico,HARLINGEN TEXAS,Estados Unidos,9,1420
2026M07,CANCUN,Mexico,HOUSTON,Estados Unidos,315,53359
2026M07,CANCUN,Mexico,INDIANAPOLIS,Estados Unidos,8,1073
2026M07,CANCUN,Mexico,KANSAS CITY,Estados Unidos,37,5918
2026M07,CANCUN,Mexico,KELOWNA,Canada,0,0
2026M07,CANCUN,Mexico,KITCHENER,Canada,0,0
2026M07,CANCUN,Mexico,LA HABANA,Cuba,31,3489
2026M07,CANCUN,Mexico,LAS VEGAS,Estados Unidos,22,3621
2026M07,CANCUN,Mexico,LIMA,Peru,80,12415
2026M07,CANCUN,Mexico,LISBON,Portugal,8,2816
2026M07,CANCUN,Mexico,"LONDON, ONTARIO",Canada,0,0
2026M07,CANCUN,Mexico,LONDRES,Reino Unido,49,14513
2026M07,CANCUN,Mexico,LOS ANGELES,Estados Unidos,146,24363
2026M07,CANCUN,Mexico,MADRID,España,61,21538
2026M07,CANCUN,Mexico,MANCHESTER,Reino Unido,13,4248
2026M07,CANCUN,Mexico,MEDELLIN,Colombia,31,5346
2026M07,CANCUN,Mexico,MIAMI,Estados Unidos,134,20021
2026M07,CANCUN,Mexico,MILAN,Italia,0,0
2026M07,CANCUN,Mexico,MILWAUKEE,Estados Unidos,0,0
2026M07,CANCUN,Mexico,MINNEAPOLIS,Estados Unidos,35,5975
2026M07,CANCUN,Mexico,MONCTON,Canada,0,0
2026M07,CANCUN,Mexico,MONTREAL,Canada,127,22883
2026M07,CANCUN,Mexico,NASHVILLE,Estados Unidos,38,6448
2026M07,CANCUN,Mexico,NEWARK,Estados Unidos,120,20262
2026M07,CANCUN,Mexico,NEWCASTLE,Reino Unido,5,1476
2026M07,CANCUN,Mexico,NORFOLK,Estados Unidos,9,771
2026M07,CANCUN,Mexico,NUEVA ORLEANS,Estados Unidos,47,5123
2026M07,CANCUN,Mexico,NUEVA YORK,Estados Unidos,150,26280
2026M07,CANCUN,Mexico,ORLANDO,Estados Unidos,62,9189
2026M07,CANCUN,Mexico,OTTAWA,Canada,9,933
2026M07,CANCUN,Mexico,PANAMA,Panama,186,29143
2026M07,CANCUN,Mexico,PARIS,Francia,22,6770
2026M07,CANCUN,Mexico,PHILADELPHIA,Estados Unidos,91,14346
2026M07,CANCUN,Mexico,PHOENIX,Estados Unidos,65,11182
2026M07,CANCUN,Mexico,PITTSBURGH,Estados Unidos,4,482
2026M07,CANCUN,Mexico,"PORTLAND, OREGON",Estados Unidos,0,0
2026M07,CANCUN,Mexico,PUNTA CANA,Republica Dominicana,39,5109
2026M07,CANCUN,Mexico,"Providence, Rhode Island",Estados Unidos,0,0
2026M07,CANCUN,Mexico,QUEBEC,Canada,12,2065
2026M07,CANCUN,Mexico,RALEIGH/DURHAM,Estados Unidos,0,0
2026M07,CANCUN,Mexico,"REGINA, Canada",Canada,0,0
2026M07,CANCUN,Mexico,ROMA,Italia,5,1647
2026M07,CANCUN,Mexico,SALT LAKE CITY,Estados Unidos,31,5518
2026M07,CANCUN,Mexico,SAN ANTONIO,Estados Unidos,48,7257
2026M07,CANCUN,Mexico,SAN FRANCISCO,Estados Unidos,66,11232
2026M07,CANCUN,Mexico,"SAN JOSE, COSTA RICA",Costa Rica,61,7811
2026M07,CANCUN,Mexico,SANTIAGO DE CHILE,Chile,4,1056
2026M07,CANCUN,Mexico,SASKATOON,Canada,0,0
2026M07,CANCUN,Mexico,SEATTLE,Estados Unidos,0,0
2026M07,CANCUN,Mexico,ST. JOHN'S,Canada,0,0
2026M07,CANCUN,Mexico,ST. LOUIS,Estados Unidos,96,14917
2026M07,CANCUN,Mexico,TAMPA,Estados Unidos,31,4666
2026M07,CANCUN,Mexico,THUNDER BAY,Canada,0,0
2026M07,CANCUN,Mexico,TORONTO,Canada,204,34464
2026M07,CANCUN,Mexico,TULSA,Estados Unidos,9,1491
2026M07,CANCUN,Mexico,"VALENCIA, Venezuela",Venezuela,1,78
2026M07,CANCUN,Mexico,VANCOUVER,Canada,23,3818
2026M07,CANCUN,Mexico,"VICTORIA, COLUMBIA",Canada,0,0
2026M07,CANCUN,Mexico,WASHINGTON,Estados Unidos,62,10711
2026M07,CANCUN,Mexico,WINDSOR,Canada,0,0
2026M07,CANCUN,Mexico,WINNIPEG,Canada,4,636
2026M07,CANCUN,Mexico,ZURICH,Suiza,8,2339
2026M07,CARACAS,Venezuela,CANCUN,Mexico,0,0
2026M07,CARACAS,Venezuela,SANTA LUCÍA,Mexico,0,0
2026M07,CARTAGENA DE INDIAS,Colombia,MEXICO,Mexico,31,4757
2026M07,CARTAGENA DE INDIAS,Colombia,SANTA LUCÍA,Mexico,14,1494
2026M07,CHARLOTTE,Estados Unidos,CANCUN,Mexico,120,21351
2026M07,CHARLOTTE,Estados Unidos,COZUMEL,Mexico,3,343
2026M07,CHARLOTTE,Estados Unidos,GUADALAJARA,Mexico,13,2499
2026M07,CHARLOTTE,Estados Unidos,MEXICO,Mexico,31,5070
2026M07,CHARLOTTE,Estados Unidos,SAN JOSÉ DEL CABO,Mexico,21,3323
2026M07,CHARLOTTETOWN,Canada,CANCUN,Mexico,0,0
2026M07,CHICAGO,Estados Unidos,AGUASCALIENTES,Mexico,17,2314
2026M07,CHICAGO,Estados Unidos,CANCUN,Mexico,227,38685
2026M07,CHICAGO,Estados Unidos,COZUMEL,Mexico,0,0
2026M07,CHICAGO,Estados Unidos,DEL BAJIO,Mexico,30,4793
2026M07,CHICAGO,Estados Unidos,DURANGO,Mexico,13,1957
2026M07,CHICAGO,Estados Unidos,GUADALAJARA,Mexico,162,27491
2026M07,CHICAGO,Estados Unidos,IXTAPA ZIHUATANEJO,Mexico,0,0
2026M07,CHICAGO,Estados Unidos,MEXICO,Mexico,248,41176
2026M07,CHICAGO,Estados Unidos,MONTERREY,Mexico,56,6922
2026M07,CHICAGO,Estados Unidos,MORELIA,Mexico,62,9448
2026M07,CHICAGO,Estados Unidos,PUERTO VALLARTA,Mexico,8,898
2026M07,CHICAGO,Estados Unidos,QUERETARO,Mexico,13,1881
2026M07,CHICAGO,Estados Unidos,SAN JOSÉ DEL CABO,Mexico,35,5461
2026M07,CHICAGO,Estados Unidos,SAN LUIS POTOSI,Mexico,17,1853
2026M07,CHICAGO,Estados Unidos,ZACATECAS,Mexico,17,2443
2026M07,CHIHUAHUA,Mexico,DALLAS-FORT WORTH,Estados Unidos,89,5214
2026M07,CHIHUAHUA,Mexico,DENVER,Estados Unidos,13,2012
2026M07,CLEVELAND,Estados Unidos,CANCUN,Mexico,35,4088
2026M07,COLORADO SPRINGS,Estados Unidos,CANCUN,Mexico,0,0
2026M07,"COLUMBUS, Ohio",Estados Unidos,CANCUN,Mexico,22,1988
2026M07,COMAYAGUA,Honduras,MEXICO,Mexico,18,1103
2026M07,COMOX,Canada,PUERTO VALLARTA,Mexico,0,0
2026M07,COVINGTON,Estados Unidos,CANCUN,Mexico,9,1228
2026M07,COZUMEL,Mexico,ATLANTA,Estados Unidos,0,0
2026M07,COZUMEL,Mexico,CALGARY,Canada,0,0
2026M07,COZUMEL,Mexico,CHARLOTTE,Estados Unidos,3,323
2026M07,COZUMEL,Mexico,CHICAGO,Estados Unidos,0,0
2026M07,COZUMEL,Mexico,DALLAS-FORT WORTH,Estados Unidos,34,5209
2026M07,COZUMEL,Mexico,DENVER,Estados Unidos,0,0
2026M07,COZUMEL,Mexico,HOUSTON,Estados Unidos,31,4060
2026M07,COZUMEL,Mexico,MIAMI,Estados Unidos,31,1900
2026M07,COZUMEL,Mexico,MINNEAPOLIS,Estados Unidos,0,0
2026M07,COZUMEL,Mexico,MONTREAL,Canada,5,848
2026M07,COZUMEL,Mexico,TORONTO,Canada,1,182
2026M07,CULIACAN,Mexico,PHOENIX,Estados Unidos,9,1414
2026M07,"Cardiff, Glamorgan",Reino Unido,CANCUN,Mexico,0,0
2026M07,"Charleston, Sur de Carolina",Estados Unidos,CANCUN,Mexico,4,299
2026M07,DALLAS-FORT WORTH,Estados Unidos,ACAPULCO,Mexico,9,559
2026M07,DALLAS-FORT WORTH,Estados Unidos,AGUASCALIENTES,Mexico,62,3597
2026M07,DALLAS-FORT WORTH,Estados Unidos,CANCUN,Mexico,281,50036
2026M07,DALLAS-FORT WORTH,Estados Unidos,CHIHUAHUA,Mexico,89,5135
2026M07,DALLAS-FORT WORTH,Estados Unidos,COZUMEL,Mexico,34,5682
2026M07,DALLAS-FORT WORTH,Estados Unidos,DEL BAJIO,Mexico,96,13976
2026M07,DALLAS-FORT WORTH,Estados Unidos,DURANGO,Mexico,31,4418
2026M07,DALLAS-FORT WORTH,Estados Unidos,GUADALAJARA,Mexico,123,20271
2026M07,DALLAS-FORT WORTH,Estados Unidos,HUATULCO,Mexico,9,600
2026M07,DALLAS-FORT WORTH,Estados Unidos,IXTAPA ZIHUATANEJO,Mexico,4,237
2026M07,DALLAS-FORT WORTH,Estados Unidos,LORETO,Mexico,4,111
2026M07,DALLAS-FORT WORTH,Estados Unidos,MANZANILLO,Mexico,0,0
2026M07,DALLAS-FORT WORTH,Estados Unidos,MAZATLAN,Mexico,9,888
2026M07,DALLAS-FORT WORTH,Estados Unidos,MERIDA,Mexico,21,1390
2026M07,DALLAS-FORT WORTH,Estados Unidos,MEXICO,Mexico,212,34599
2026M07,DALLAS-FORT WORTH,Estados Unidos,MONTERREY,Mexico,217,17850
2026M07,DALLAS-FORT WORTH,Estados Unidos,MORELIA,Mexico,44,5756
2026M07,DALLAS-FORT WORTH,Estados Unidos,OAXACA,Mexico,31,4388
2026M07,DALLAS-FORT WORTH,Estados Unidos,PUERTO ESCONDIDO,Mexico,9,542
2026M07,DALLAS-FORT WORTH,Estados Unidos,PUERTO VALLARTA,Mexico,65,10398
2026M07,DALLAS-FORT WORTH,Estados Unidos,QUERETARO,Mexico,110,17161
2026M07,DALLAS-FORT WORTH,Estados Unidos,SAN JOSÉ DEL CABO,Mexico,142,22355
2026M07,DALLAS-FORT WORTH,Estados Unidos,SAN LUIS POTOSI,Mexico,44,5771
2026M07,DALLAS-FORT WORTH,Estados Unidos,TAMPICO,Mexico,26,1503
2026M07,DALLAS-FORT WORTH,Estados Unidos,TORREON,Mexico,62,4000
2026M07,DALLAS-FORT WORTH,Estados Unidos,TULUM,Mexico,20,1368
2026M07,DALLAS-FORT WORTH,Estados Unidos,VERACRUZ,Mexico,31,2016
2026M07,DALLAS-FORT WORTH,Estados Unidos,ZACATECAS,Mexico,31,2184
2026M07,DEER LAKE,Canada,CANCUN,Mexico,0,0
2026M07,DEL BAJIO,Mexico,ATLANTA,Estados Unidos,31,2585
2026M07,DEL BAJIO,Mexico,CHICAGO,Estados Unidos,31,5313
2026M07,DEL BAJIO,Mexico,DALLAS-FORT WORTH,Estados Unidos,96,14450
2026M07,DEL BAJIO,Mexico,FRESNO,Estados Unidos,13,2200
2026M07,DEL BAJIO,Mexico,HOUSTON,Estados Unidos,128,11462
2026M07,DEL BAJIO,Mexico,LOS ANGELES,Estados Unidos,23,2985
2026M07,DEL BAJIO,Mexico,OAKLAND,Estados Unidos,18,2936
2026M07,DEL BAJIO,Mexico,ONTARIO,Estados Unidos,13,1410
2026M07,DEL BAJIO,Mexico,SACRAMENTO,Estados Unidos,12,1793
2026M07,DEL BAJIO,Mexico,SAN ANTONIO,Estados Unidos,10,1359
2026M07,DEL BAJIO,Mexico,"SAN JOSE, CALIFORNIA",Estados Unidos,9,1308
2026M07,DENVER,Estados Unidos,CANCUN,Mexico,130,22648
2026M07,DENVER,Estados Unidos,CHIHUAHUA,Mexico,13,1806
2026M07,DENVER,Estados Unidos,COZUMEL,Mexico,0,0
2026M07,DENVER,Estados Unidos,GUADALAJARA,Mexico,40,5646
2026M07,DENVER,Estados Unidos,MEXICO,Mexico,93,11836
2026M07,DENVER,Estados Unidos,MONTERREY,Mexico,17,2424
2026M07,DENVER,Estados Unidos,PUERTO VALLARTA,Mexico,53,6207
2026M07,DENVER,Estados Unidos,QUERETARO,Mexico,9,803
2026M07,DENVER,Estados Unidos,SAN JOSÉ DEL CABO,Mexico,73,8197
2026M07,DETROIT,Estados Unidos,CANCUN,Mexico,62,10401
2026M07,DETROIT,Estados Unidos,GUADALAJARA,Mexico,13,2014
2026M07,DETROIT,Estados Unidos,MEXICO,Mexico,31,3626
2026M07,DETROIT,Estados Unidos,MONTERREY,Mexico,30,1633
2026M07,DETROIT,Estados Unidos,PUERTO VALLARTA,Mexico,0,0
2026M07,DETROIT,Estados Unidos,QUERETARO,Mexico,26,1660
2026M07,DETROIT,Estados Unidos,SAN JOSÉ DEL CABO,Mexico,0,0
2026M07,DOHA,Qatar,SANTA LUCÍA,Mexico,9,0
2026M07,DUBAI,Emiratos Arabes,MEXICO,Mexico,31,2497
2026M07,DUBLIN,Irlanda,CANCUN,Mexico,2,682
2026M07,DURANGO,Mexico,CHICAGO,Estados Unidos,13,2080
2026M07,DURANGO,Mexico,DALLAS-FORT WORTH,Estados Unidos,31,4361
2026M07,EDMONTON,Canada,CANCUN,Mexico,8,1240
2026M07,EDMONTON,Canada,HUATULCO,Mexico,0,0
2026M07,EDMONTON,Canada,MAZATLAN,Mexico,0,0
2026M07,EDMONTON,Canada,PUERTO VALLARTA,Mexico,4,531
2026M07,EDMONTON,Canada,SAN JOSÉ DEL CABO,Mexico,0,0
2026M07,ESTAMBUL (ARNAVUTKOY),Turquia,CANCUN,Mexico,31,1262
2026M07,ESTAMBUL (ARNAVUTKOY),Turquia,MEXICO,Mexico,31,7272
2026M07,ESTAMBUL (ARNAVUTKOY),Turquia,SANTA LUCÍA,Mexico,5,0
2026M07,FORT LAUDERDALE,Estados Unidos,CANCUN,Mexico,61,9251
2026M07,FRANKFURT,Alemania,CANCUN,Mexico,27,8119
2026M07,FRANKFURT,Alemania,MEXICO,Mexico,31,10684
2026M07,FRANKFURT,Alemania,SAN JOSÉ DEL CABO,Mexico,0,0
2026M07,FRANKFURT,Alemania,SANTA LUCÍA,Mexico,38,0
2026M07,FRESNO,Estados Unidos,DEL BAJIO,Mexico,14,2143
2026M07,FRESNO,Estados Unidos,GUADALAJARA,Mexico,93,17234
2026M07,FRESNO,Estados Unidos,MORELIA,Mexico,17,2319
2026M07,"Fredericton, Canada",Canada,CANCUN,Mexico,0,0
2026M07,GLASGOW,Reino Unido,CANCUN,Mexico,11,3226
2026M07,GUADALAJARA,Mexico,ATLANTA,Estados Unidos,31,4954
2026M07,GUADALAJARA,Mexico,BOGOTA,Colombia,25,3468
2026M07,GUADALAJARA,Mexico,CALGARY,Canada,4,542
2026M07,GUADALAJARA,Mexico,CHARLOTTE,Estados Unidos,13,2581
2026M07,GUADALAJARA,Mexico,CHICAGO,Estados Unidos,162,29509
2026M07,GUADALAJARA,Mexico,DALLAS-FORT WORTH,Estados Unidos,123,20160
2026M07,GUADALAJARA,Mexico,DENVER,Estados Unidos,40,6915
2026M07,GUADALAJARA,Mexico,DETROIT,Estados Unidos,14,2206
2026M07,GUADALAJARA,Mexico,FRESNO,Estados Unidos,93,18474
2026M07,GUADALAJARA,Mexico,HONG KONG,HONG KONG,17,0
2026M07,GUADALAJARA,Mexico,HOUSTON,Estados Unidos,152,20252
2026M07,GUADALAJARA,Mexico,LAS VEGAS,Estados Unidos,94,17739
2026M07,GUADALAJARA,Mexico,LOS ANGELES,Estados Unidos,318,55043
2026M07,GUADALAJARA,Mexico,"LOUISVILLE, KENTUCKY",Estados Unidos,23,0
2026M07,GUADALAJARA,Mexico,LUXEMBURGO,Luxemburgo,18,0
2026M07,GUADALAJARA,Mexico,MADRID,España,31,7416
2026M07,GUADALAJARA,Mexico,MEMPHIS,Estados Unidos,52,0
2026M07,GUADALAJARA,Mexico,MIAMI,Estados Unidos,24,3926
2026M07,GUADALAJARA,Mexico,MONTREAL,Canada,0,0
2026M07,GUADALAJARA,Mexico,NEWARK,Estados Unidos,31,5047
2026M07,GUADALAJARA,Mexico,OAKLAND,Estados Unidos,97,16953
2026M07,GUADALAJARA,Mexico,ONTARIO,Estados Unidos,62,11671
2026M07,GUADALAJARA,Mexico,ORLANDO,Estados Unidos,27,4930
2026M07,GUADALAJARA,Mexico,PANAMA,Panama,36,5517
2026M07,GUADALAJARA,Mexico,PARIS,Francia,6,0
2026M07,GUADALAJARA,Mexico,PHOENIX,Estados Unidos,74,8927
2026M07,GUADALAJARA,Mexico,"PORTLAND, OREGON",Estados Unidos,41,7581
2026M07,GUADALAJARA,Mexico,RENO,Estados Unidos,23,3061
2026M07,GUADALAJARA,Mexico,SACRAMENTO,Estados Unidos,102,16805
2026M07,GUADALAJARA,Mexico,SALT LAKE CITY,Estados Unidos,45,6910
2026M07,GUADALAJARA,Mexico,SAN ANTONIO,Estados Unidos,44,7264
2026M07,GUADALAJARA,Mexico,SAN FRANCISCO,Estados Unidos,31,4386
2026M07,GUADALAJARA,Mexico,"SAN JOSE, CALIFORNIA",Estados Unidos,58,11637
2026M07,GUADALAJARA,Mexico,"SAN JOSE, COSTA RICA",Costa Rica,9,968
2026M07,GUADALAJARA,Mexico,SEATTLE,Estados Unidos,89,14006
2026M07,GUADALAJARA,Mexico,Seoul,COREA DEL SUR,14,0
2026M07,GUADALAJARA,Mexico,TORONTO,Canada,13,2167
2026M07,GUADALAJARA,Mexico,VANCOUVER,Canada,17,2941
2026M07,GUATEMALA,Guatemala,CANCUN,Mexico,31,2135
2026M07,GUATEMALA,Guatemala,MERIDA,Mexico,0,0
2026M07,GUATEMALA,Guatemala,MEXICO,Mexico,124,16283
2026M07,GUATEMALA,Guatemala,SANTA LUCÍA,Mexico,16,0
2026M07,HALIFAX,Canada,CANCUN,Mexico,0,0
2026M07,HAMILTON,Canada,CANCUN,Mexico,0,0
2026M07,HAMILTON,Canada,PUERTO VALLARTA,Mexico,0,0
2026M07,"HANGZHOU, China",China,SANTA LUCÍA,Mexico,0,0
2026M07,HARLINGEN TEXAS,Estados Unidos,CANCUN,Mexico,9,1363
2026M07,HERMOSILLO,Mexico,PHOENIX,Estados Unidos,30,2039
2026M07,HONG KONG,HONG KONG,GUADALAJARA,Mexico,32,0
2026M07,HONG KONG,HONG KONG,SANTA LUCÍA,Mexico,43,0
2026M07,HOUSTON,Estados Unidos,ACAPULCO,Mexico,9,585
2026M07,HOUSTON,Estados Unidos,AGUASCALIENTES,Mexico,61,3982
2026M07,HOUSTON,Estados Unidos,CANCUN,Mexico,317,54727
2026M07,HOUSTON,Estados Unidos,COZUMEL,Mexico,31,4207
2026M07,HOUSTON,Estados Unidos,DEL BAJIO,Mexico,115,10476
2026M07,HOUSTON,Estados Unidos,GUADALAJARA,Mexico,152,20185
2026M07,HOUSTON,Estados Unidos,IXTAPA ZIHUATANEJO,Mexico,13,798
2026M07,HOUSTON,Estados Unidos,MANZANILLO,Mexico,0,0
2026M07,HOUSTON,Estados Unidos,MAZATLAN,Mexico,4,233
2026M07,HOUSTON,Estados Unidos,MERIDA,Mexico,31,3991
2026M07,HOUSTON,Estados Unidos,MEXICO,Mexico,321,43016
2026M07,HOUSTON,Estados Unidos,MONTERREY,Mexico,245,19988
2026M07,HOUSTON,Estados Unidos,MORELIA,Mexico,44,3626
2026M07,HOUSTON,Estados Unidos,OAXACA,Mexico,31,2163
2026M07,HOUSTON,Estados Unidos,PUEBLA,Mexico,45,2618
2026M07,HOUSTON,Estados Unidos,PUERTO ESCONDIDO,Mexico,13,849
2026M07,HOUSTON,Estados Unidos,PUERTO VALLARTA,Mexico,84,9900
2026M07,HOUSTON,Estados Unidos,QUERETARO,Mexico,116,12961
2026M07,HOUSTON,Estados Unidos,SAN JOSÉ DEL CABO,Mexico,143,17280
2026M07,HOUSTON,Estados Unidos,SAN LUIS POTOSI,Mexico,75,7415
2026M07,HOUSTON,Estados Unidos,TAMPICO,Mexico,31,2008
2026M07,HOUSTON,Estados Unidos,TEPIC,Mexico,4,166
2026M07,HOUSTON,Estados Unidos,TULUM,Mexico,31,3670
2026M07,HOUSTON,Estados Unidos,VERACRUZ,Mexico,31,3336
2026M07,HUATULCO,Mexico,CALGARY,Canada,0,0
2026M07,HUATULCO,Mexico,DALLAS-FORT WORTH,Estados Unidos,9,589
2026M07,HUATULCO,Mexico,EDMONTON,Canada,0,0
2026M07,HUATULCO,Mexico,TORONTO,Canada,0,0
2026M07,HUATULCO,Mexico,VANCOUVER,Canada,0,0
2026M07,HUATULCO,Mexico,WINNIPEG,Canada,0,0
2026M07,INDIANAPOLIS,Estados Unidos,CANCUN,Mexico,8,1099
2026M07,INDIANAPOLIS,Estados Unidos,SAN JOSÉ DEL CABO,Mexico,0,0
2026M07,IXTAPA ZIHUATANEJO,Mexico,CALGARY,Canada,0,0
2026M07,IXTAPA ZIHUATANEJO,Mexico,CHICAGO,Estados Unidos,0,0
2026M07,IXTAPA ZIHUATANEJO,Mexico,DALLAS-FORT WORTH,Estados Unidos,4,230
2026M07,IXTAPA ZIHUATANEJO,Mexico,HOUSTON,Estados Unidos,13,860
2026M07,IXTAPA ZIHUATANEJO,Mexico,LOS ANGELES,Estados Unidos,9,1470
2026M07,IXTAPA ZIHUATANEJO,Mexico,MINNEAPOLIS,Estados Unidos,0,0
2026M07,IXTAPA ZIHUATANEJO,Mexico,MONTREAL,Canada,0,0
2026M07,IXTAPA ZIHUATANEJO,Mexico,PHOENIX,Estados Unidos,9,585
2026M07,IXTAPA ZIHUATANEJO,Mexico,SAN FRANCISCO,Estados Unidos,0,0
2026M07,IXTAPA ZIHUATANEJO,Mexico,TORONTO,Canada,0,0
2026M07,IXTAPA ZIHUATANEJO,Mexico,VANCOUVER,Canada,0,0
2026M07,JEBEL ALI,Emiratos Arabes,SANTA LUCÍA,Mexico,18,0
2026M07,KANSAS CITY,Estados Unidos,CANCUN,Mexico,38,5786
2026M07,KANSAS CITY,Estados Unidos,SAN JOSÉ DEL CABO,Mexico,0,0
2026M07,KELOWNA,Canada,CANCUN,Mexico,0,0
2026M07,KELOWNA,Canada,MAZATLAN,Mexico,0,0
2026M07,KELOWNA,Canada,PUERTO VALLARTA,Mexico,0,0
2026M07,KELOWNA,Canada,SAN JOSÉ DEL CABO,Mexico,0,0
2026M07,KITCHENER,Canada,CANCUN,Mexico,0,0
2026M07,LA HABANA,Cuba,CANCUN,Mexico,31,4144
2026M07,LA HABANA,Cuba,MERIDA,Mexico,13,1129
2026M07,LA HABANA,Cuba,MEXICO,Mexico,31,3805
2026M07,LA HABANA,Cuba,MONTERREY,Mexico,9,1256
2026M07,LA HABANA,Cuba,SANTA LUCÍA,Mexico,13,1364
2026M07,LA PAZ,Mexico,LOS ANGELES,Estados Unidos,13,804
2026M07,LAREDO,Estados Unidos,MONTERREY,Mexico,3,12
2026M07,LAS VEGAS,Estados Unidos,CANCUN,Mexico,22,3720
2026M07,LAS VEGAS,Estados Unidos,GUADALAJARA,Mexico,94,15348
2026M07,LAS VEGAS,Estados Unidos,MEXICO,Mexico,93,16037
2026M07,LAS VEGAS,Estados Unidos,MONTERREY,Mexico,40,6745
2026M07,LAS VEGAS,Estados Unidos,PUERTO VALLARTA,Mexico,0,0
2026M07,LAS VEGAS,Estados Unidos,SAN JOSÉ DEL CABO,Mexico,18,2465
2026M07,LIMA,Peru,CANCUN,Mexico,80,12372
2026M07,LIMA,Peru,MEXICO,Mexico,93,13864
2026M07,LIMA,Peru,SANTA LUCÍA,Mexico,3,0
2026M07,LISBON,Portugal,CANCUN,Mexico,8,2810
2026M07,LIÈGE,Belgica,SANTA LUCÍA,Mexico,0,0
2026M07,"LONDON, ONTARIO",Canada,CANCUN,Mexico,0,0
2026M07,LONDRES,Reino Unido,CANCUN,Mexico,49,15680
2026M07,LONDRES,Reino Unido,MEXICO,Mexico,62,13565
2026M07,LORETO,Mexico,CALGARY,Canada,0,0
2026M07,LORETO,Mexico,DALLAS-FORT WORTH,Estados Unidos,4,110
2026M07,LORETO,Mexico,LOS ANGELES,Estados Unidos,27,1439
2026M07,LORETO,Mexico,PHOENIX,Estados Unidos,21,1131
2026M07,LORETO,Mexico,SAN FRANCISCO,Estados Unidos,0,0
2026M07,LOS ANGELES,Estados Unidos,AGUASCALIENTES,Mexico,17,2712
2026M07,LOS ANGELES,Estados Unidos,CANCUN,Mexico,146,25289
2026M07,LOS ANGELES,Estados Unidos,DEL BAJIO,Mexico,22,2992
2026M07,LOS ANGELES,Estados Unidos,GUADALAJARA,Mexico,350,53575
2026M07,LOS ANGELES,Estados Unidos,IXTAPA ZIHUATANEJO,Mexico,9,1406
2026M07,LOS ANGELES,Estados Unidos,LA PAZ,Mexico,13,774
2026M07,LOS ANGELES,Estados Unidos,LORETO,Mexico,27,1370
2026M07,LOS ANGELES,Estados Unidos,MANZANILLO,Mexico,17,1144
2026M07,LOS ANGELES,Estados Unidos,MAZATLAN,Mexico,31,1879
2026M07,LOS ANGELES,Estados Unidos,MERIDA,Mexico,0,0
2026M07,LOS ANGELES,Estados Unidos,MEXICO,Mexico,275,46148
2026M07,LOS ANGELES,Estados Unidos,MONTERREY,Mexico,22,2666
2026M07,LOS ANGELES,Estados Unidos,MORELIA,Mexico,22,3105
2026M07,LOS ANGELES,Estados Unidos,OAXACA,Mexico,18,2755
2026M07,LOS ANGELES,Estados Unidos,PUEBLA,Mexico,18,2279
2026M07,LOS ANGELES,Estados Unidos,PUERTO VALLARTA,Mexico,105,17064
2026M07,LOS ANGELES,Estados Unidos,QUERETARO,Mexico,14,1565
2026M07,LOS ANGELES,Estados Unidos,SAN JOSÉ DEL CABO,Mexico,173,29468
2026M07,LOS ANGELES,Estados Unidos,SANTA LUCÍA,Mexico,49,0
2026M07,LOS ANGELES,Estados Unidos,TEPIC,Mexico,14,1506
2026M07,LOS ANGELES,Estados Unidos,URUAPAN,Mexico,9,1204
2026M07,LOS ANGELES,Estados Unidos,ZACATECAS,Mexico,26,4150
2026M07,"LOUISVILLE, KENTUCKY",Estados Unidos,GUADALAJARA,Mexico,4,0
2026M07,"LOUISVILLE, KENTUCKY",Estados Unidos,MONTERREY,Mexico,23,0
2026M07,"LOUISVILLE, KENTUCKY",Estados Unidos,SANTA LUCÍA,Mexico,23,0
2026M07,LUXEMBURGO,Luxemburgo,GUADALAJARA,Mexico,9,0
2026M07,LUXEMBURGO,Luxemburgo,SANTA LUCÍA,Mexico,14,0
2026M07,MADRID,España,CANCUN,Mexico,61,22169
2026M07,MADRID,España,GUADALAJARA,Mexico,31,7678
2026M07,MADRID,España,MEXICO,Mexico,178,49851
2026M07,MADRID,España,MONTERREY,Mexico,44,10986
2026M07,MADRID,España,QUERETARO,Mexico,9,3747
2026M07,MANAGUA,Nicaragua,MEXICO,Mexico,14,797
2026M07,MANCHESTER,Reino Unido,CANCUN,Mexico,17,5581
2026M07,MANZANILLO,Mexico,CALGARY,Canada,0,0
2026M07,MANZANILLO,Mexico,DALLAS-FORT WORTH,Estados Unidos,0,0
2026M07,MANZANILLO,Mexico,HOUSTON,Estados Unidos,0,0
2026M07,MANZANILLO,Mexico,LOS ANGELES,Estados Unidos,17,1207
2026M07,MANZANILLO,Mexico,PHOENIX,Estados Unidos,0,0
2026M07,MAZATLAN,Mexico,CALGARY,Canada,4,631
2026M07,MAZATLAN,Mexico,DALLAS-FORT WORTH,Estados Unidos,9,903
2026M07,MAZATLAN,Mexico,EDMONTON,Canada,0,0
2026M07,MAZATLAN,Mexico,HOUSTON,Estados Unidos,4,267
2026M07,MAZATLAN,Mexico,KELOWNA,Canada,0,0
2026M07,MAZATLAN,Mexico,LOS ANGELES,Estados Unidos,31,1946
2026M07,MAZATLAN,Mexico,MINNEAPOLIS,Estados Unidos,0,0
2026M07,MAZATLAN,Mexico,MONTREAL,Canada,4,687
2026M07,MAZATLAN,Mexico,PHOENIX,Estados Unidos,30,2179
2026M07,MAZATLAN,Mexico,"REGINA, Canada",Canada,0,0
2026M07,MAZATLAN,Mexico,TORONTO,Canada,0,0
2026M07,MAZATLAN,Mexico,VANCOUVER,Canada,0,0
2026M07,MAZATLAN,Mexico,WINNIPEG,Canada,0,0
2026M07,MC ALLEN,Estados Unidos,MONTERREY,Mexico,16,37
2026M07,MEDELLIN,Colombia,CANCUN,Mexico,31,4586
2026M07,MEDELLIN,Colombia,MEXICO,Mexico,61,7787
2026M07,MEDELLIN,Colombia,SANTA LUCÍA,Mexico,17,1607
2026M07,MEMPHIS,Estados Unidos,GUADALAJARA,Mexico,56,0
2026M07,MEMPHIS,Estados Unidos,MONTERREY,Mexico,27,0
2026M07,MEMPHIS,Estados Unidos,QUERETARO,Mexico,22,0
2026M07,MEMPHIS,Estados Unidos,TOLUCA,Mexico,26,0
2026M07,MERIDA,Mexico,DALLAS-FORT WORTH,Estados Unidos,21,1418
2026M07,MERIDA,Mexico,GUATEMALA,Guatemala,0,0
2026M07,MERIDA,Mexico,HOUSTON,Estados Unidos,31,4024
2026M07,MERIDA,Mexico,LA HABANA,Cuba,13,1111
2026M07,MERIDA,Mexico,LOS ANGELES,Estados Unidos,0,0
2026M07,MERIDA,Mexico,MIAMI,Estados Unidos,44,5031
2026M07,MERIDA,Mexico,ORLANDO,Estados Unidos,9,1653
2026M07,MERIDA,Mexico,TORONTO,Canada,0,0
2026M07,MEXICO,Mexico,AMSTERDAM,Paises Bajos,62,15561
2026M07,MEXICO,Mexico,ATLANTA,Estados Unidos,154,24131
2026M07,MEXICO,Mexico,AUSTIN,Estados Unidos,48,5564
2026M07,MEXICO,Mexico,"BARCELONA, España",España,58,10494
2026M07,MEXICO,Mexico,BOGOTA,Colombia,205,33660
2026M07,MEXICO,Mexico,BOSTON,Estados Unidos,31,4480
2026M07,MEXICO,Mexico,BUENOS AIRES,Argentina,31,7549
2026M07,MEXICO,Mexico,CALGARY,Canada,22,2758
2026M07,MEXICO,Mexico,CALI,Colombia,18,2472
2026M07,MEXICO,Mexico,CARTAGENA DE INDIAS,Colombia,31,4999
2026M07,MEXICO,Mexico,CHARLOTTE,Estados Unidos,31,5113
2026M07,MEXICO,Mexico,CHICAGO,Estados Unidos,247,41951
2026M07,MEXICO,Mexico,COMAYAGUA,Honduras,18,1158
2026M07,MEXICO,Mexico,DALLAS-FORT WORTH,Estados Unidos,213,34911
2026M07,MEXICO,Mexico,DENVER,Estados Unidos,93,14329
2026M07,MEXICO,Mexico,DETROIT,Estados Unidos,31,3588
2026M07,MEXICO,Mexico,DUBAI,Emiratos Arabes,31,2537
2026M07,MEXICO,Mexico,ESTAMBUL (ARNAVUTKOY),Turquia,31,8091
2026M07,MEXICO,Mexico,FRANKFURT,Alemania,31,10941
2026M07,MEXICO,Mexico,FRESNO,Estados Unidos,0,0
2026M07,MEXICO,Mexico,GUATEMALA,Guatemala,124,18379
2026M07,MEXICO,Mexico,HOUSTON,Estados Unidos,321,46221
2026M07,MEXICO,Mexico,LA HABANA,Cuba,31,2938
2026M07,MEXICO,Mexico,LAS VEGAS,Estados Unidos,93,17255
2026M07,MEXICO,Mexico,LIMA,Peru,93,14903
2026M07,MEXICO,Mexico,LONDRES,Reino Unido,62,13565
2026M07,MEXICO,Mexico,LOS ANGELES,Estados Unidos,275,47150
2026M07,MEXICO,Mexico,MADRID,España,209,50197
2026M07,MEXICO,Mexico,MANAGUA,Nicaragua,14,984
2026M07,MEXICO,Mexico,MEDELLIN,Colombia,62,10025
2026M07,MEXICO,Mexico,MIAMI,Estados Unidos,248,40727
2026M07,MEXICO,Mexico,MINNEAPOLIS,Estados Unidos,31,3595
2026M07,MEXICO,Mexico,MONTREAL,Canada,62,9833
2026M07,MEXICO,Mexico,MUNICH,Alemania,13,3520
2026M07,MEXICO,Mexico,NEWARK,Estados Unidos,91,12915
2026M07,MEXICO,Mexico,NUEVA YORK,Estados Unidos,185,32166
2026M07,MEXICO,Mexico,OAKLAND,Estados Unidos,31,6392
2026M07,MEXICO,Mexico,ORLANDO,Estados Unidos,122,20939
2026M07,MEXICO,Mexico,PANAMA,Panama,179,25310
2026M07,MEXICO,Mexico,PARIS,Francia,95,26581
2026M07,MEXICO,Mexico,PHILADELPHIA,Estados Unidos,31,4295
2026M07,MEXICO,Mexico,PHOENIX,Estados Unidos,61,9325
2026M07,MEXICO,Mexico,PUNTA CANA,Republica Dominicana,31,4996
2026M07,MEXICO,Mexico,QUITO,Ecuador,18,2540
2026M07,MEXICO,Mexico,RALEIGH/DURHAM,Estados Unidos,31,2669
2026M07,MEXICO,Mexico,ROMA,Italia,31,6607
2026M07,MEXICO,Mexico,SACRAMENTO,Estados Unidos,0,0
2026M07,MEXICO,Mexico,SALT LAKE CITY,Estados Unidos,31,3666
2026M07,MEXICO,Mexico,SAN ANTONIO,Estados Unidos,93,15438
2026M07,MEXICO,Mexico,SAN FRANCISCO,Estados Unidos,182,24423
2026M07,MEXICO,Mexico,"SAN JOSE, COSTA RICA",Costa Rica,124,20175
2026M07,MEXICO,Mexico,SAN PEDRO SULA,Honduras,17,1335
2026M07,MEXICO,Mexico,SAN SALVADOR,El Salvador,80,11504
2026M07,MEXICO,Mexico,SANTIAGO DE CHILE,Chile,31,6785
2026M07,MEXICO,Mexico,"SANTO DOMINGO,REP DOM",Republica Dominicana,32,4743
2026M07,MEXICO,Mexico,SAO PAULO,Brasil,61,14117
2026M07,MEXICO,Mexico,SEATTLE,Estados Unidos,31,4282
2026M07,MEXICO,Mexico,SHENZHEN,China,13,1744
2026M07,MEXICO,Mexico,Seoul,COREA DEL SUR,31,4468
2026M07,MEXICO,Mexico,TAMPA,Estados Unidos,31,5056
2026M07,MEXICO,Mexico,TOKYO,Japon,61,10382
2026M07,MEXICO,Mexico,TORONTO,Canada,110,16479
2026M07,MEXICO,Mexico,VANCOUVER,Canada,79,11477
2026M07,MEXICO,Mexico,WASHINGTON,Estados Unidos,63,9589
2026M07,MIAMI,Estados Unidos,CANCUN,Mexico,133,20171
2026M07,MIAMI,Estados Unidos,COZUMEL,Mexico,31,1548
2026M07,MIAMI,Estados Unidos,GUADALAJARA,Mexico,22,3823
2026M07,MIAMI,Estados Unidos,MERIDA,Mexico,43,4796
2026M07,MIAMI,Estados Unidos,MEXICO,Mexico,248,36610
2026M07,MIAMI,Estados Unidos,MONTERREY,Mexico,52,4702
2026M07,MIAMI,Estados Unidos,SANTA LUCÍA,Mexico,5,0
2026M07,MIAMI,Estados Unidos,TULUM,Mexico,27,2599
2026M07,MILAN,Italia,CANCUN,Mexico,0,0
2026M07,MILWAUKEE,Estados Unidos,CANCUN,Mexico,0,0
2026M07,MINNEAPOLIS,Estados Unidos,CANCUN,Mexico,35,5771
2026M07,MINNEAPOLIS,Estados Unidos,COZUMEL,Mexico,0,0
2026M07,MINNEAPOLIS,Estados Unidos,IXTAPA ZIHUATANEJO,Mexico,0,0
2026M07,MINNEAPOLIS,Estados Unidos,MAZATLAN,Mexico,0,0
2026M07,MINNEAPOLIS,Estados Unidos,MEXICO,Mexico,31,3752
2026M07,MINNEAPOLIS,Estados Unidos,PUERTO VALLARTA,Mexico,0,0
2026M07,MINNEAPOLIS,Estados Unidos,SAN JOSÉ DEL CABO,Mexico,0,0
2026M07,MONCTON,Canada,CANCUN,Mexico,0,0
2026M07,MONTERREY,Mexico,ATLANTA,Estados Unidos,61,6257
2026M07,MONTERREY,Mexico,AUSTIN,Estados Unidos,21,2134
2026M07,MONTERREY,Mexico,BOGOTA,Colombia,30,4285
2026M07,MONTERREY,Mexico,BROWNSVILLE,Estados Unidos,31,148
2026M07,MONTERREY,Mexico,CHICAGO,Estados Unidos,57,7451
2026M07,MONTERREY,Mexico,DALLAS-FORT WORTH,Estados Unidos,217,18204
2026M07,MONTERREY,Mexico,DENVER,Estados Unidos,17,2745
2026M07,MONTERREY,Mexico,DETROIT,Estados Unidos,31,2011
2026M07,MONTERREY,Mexico,HOUSTON,Estados Unidos,245,21505
2026M07,MONTERREY,Mexico,LA HABANA,Cuba,9,1143
2026M07,MONTERREY,Mexico,LAREDO,Estados Unidos,6,14
2026M07,MONTERREY,Mexico,LAS VEGAS,Estados Unidos,40,7551
2026M07,MONTERREY,Mexico,LOS ANGELES,Estados Unidos,21,3283
2026M07,MONTERREY,Mexico,"LOUISVILLE, KENTUCKY",Estados Unidos,23,0
2026M07,MONTERREY,Mexico,MADRID,España,44,9443
2026M07,MONTERREY,Mexico,MC ALLEN,Estados Unidos,18,65
2026M07,MONTERREY,Mexico,MEMPHIS,Estados Unidos,27,0
2026M07,MONTERREY,Mexico,MIAMI,Estados Unidos,52,5427
2026M07,MONTERREY,Mexico,NUEVA YORK,Estados Unidos,46,6360
2026M07,MONTERREY,Mexico,OAKLAND,Estados Unidos,0,0
2026M07,MONTERREY,Mexico,ORLANDO,Estados Unidos,22,3943
2026M07,MONTERREY,Mexico,PANAMA,Panama,36,5554
2026M07,MONTERREY,Mexico,PARIS,Francia,13,2802
2026M07,MONTERREY,Mexico,PHOENIX,Estados Unidos,23,1037
2026M07,MONTERREY,Mexico,SALT LAKE CITY,Estados Unidos,0,0
2026M07,MONTERREY,Mexico,SAN ANTONIO,Estados Unidos,55,6883
2026M07,MONTERREY,Mexico,SAN FRANCISCO,Estados Unidos,31,1761
2026M07,MONTERREY,Mexico,"SAN JOSE, COSTA RICA",Costa Rica,13,1529
2026M07,MONTERREY,Mexico,Seoul,COREA DEL SUR,31,2473
2026M07,MONTERREY,Mexico,TOKYO,Japon,31,1963
2026M07,MONTERREY,Mexico,TORONTO,Canada,0,0
2026M07,MONTREAL,Canada,ACAPULCO,Mexico,0,0
2026M07,MONTREAL,Canada,CANCUN,Mexico,128,23423
2026M07,MONTREAL,Canada,COZUMEL,Mexico,5,843
2026M07,MONTREAL,Canada,GUADALAJARA,Mexico,0,0
2026M07,MONTREAL,Canada,IXTAPA ZIHUATANEJO,Mexico,0,0
2026M07,MONTREAL,Canada,MAZATLAN,Mexico,4,684
2026M07,MONTREAL,Canada,MEXICO,Mexico,62,9576
2026M07,MONTREAL,Canada,PUERTO VALLARTA,Mexico,0,0
2026M07,MONTREAL,Canada,SAN JOSÉ DEL CABO,Mexico,0,0
2026M07,MONTREAL,Canada,TULUM,Mexico,0,0
2026M07,MORELIA,Mexico,CHICAGO,Estados Unidos,62,10179
2026M07,MORELIA,Mexico,DALLAS-FORT WORTH,Estados Unidos,44,6379
2026M07,MORELIA,Mexico,FRESNO,Estados Unidos,18,2762
2026M07,MORELIA,Mexico,HOUSTON,Estados Unidos,44,3947
2026M07,MORELIA,Mexico,LOS ANGELES,Estados Unidos,22,3433
2026M07,MORELIA,Mexico,OAKLAND,Estados Unidos,31,4850
2026M07,MORELIA,Mexico,ONTARIO,Estados Unidos,13,1820
2026M07,MORELIA,Mexico,SACRAMENTO,Estados Unidos,18,2818
2026M07,MORELIA,Mexico,SAN ANTONIO,Estados Unidos,0,0
2026M07,MORELIA,Mexico,"SAN JOSE, CALIFORNIA",Estados Unidos,18,2732
2026M07,MUNICH,Alemania,MEXICO,Mexico,13,3422
2026M07,NASHVILLE,Estados Unidos,CANCUN,Mexico,38,6098
2026M07,NASHVILLE,Estados Unidos,SAN JOSÉ DEL CABO,Mexico,3,375
2026M07,NEWARK,Estados Unidos,CANCUN,Mexico,120,20688
2026M07,NEWARK,Estados Unidos,GUADALAJARA,Mexico,31,4968
2026M07,NEWARK,Estados Unidos,MEXICO,Mexico,92,13901
2026M07,NEWARK,Estados Unidos,PUEBLA,Mexico,18,2889
2026M07,NEWARK,Estados Unidos,PUERTO VALLARTA,Mexico,4,377
2026M07,NEWARK,Estados Unidos,SAN JOSÉ DEL CABO,Mexico,8,1145
2026M07,NEWARK,Estados Unidos,TULUM,Mexico,0,0
2026M07,NEWCASTLE,Reino Unido,CANCUN,Mexico,5,1473
2026M07,NORFOLK,Estados Unidos,CANCUN,Mexico,9,768
2026M07,NUEVA ORLEANS,Estados Unidos,CANCUN,Mexico,46,4967
2026M07,NUEVA YORK,Estados Unidos,CANCUN,Mexico,150,26955
2026M07,NUEVA YORK,Estados Unidos,MEXICO,Mexico,185,31745
2026M07,NUEVA YORK,Estados Unidos,MONTERREY,Mexico,45,6108
2026M07,NUEVA YORK,Estados Unidos,PUERTO VALLARTA,Mexico,0,0
2026M07,NUEVA YORK,Estados Unidos,SAN JOSÉ DEL CABO,Mexico,30,4250
2026M07,NUEVA YORK,Estados Unidos,TULUM,Mexico,0,0
2026M07,OAKLAND,Estados Unidos,DEL BAJIO,Mexico,18,2778
2026M07,OAKLAND,Estados Unidos,GUADALAJARA,Mexico,96,14998
2026M07,OAKLAND,Estados Unidos,MEXICO,Mexico,31,6405
2026M07,OAKLAND,Estados Unidos,MONTERREY,Mexico,0,0
2026M07,OAKLAND,Estados Unidos,MORELIA,Mexico,31,4404
2026M07,OAKLAND,Estados Unidos,SAN JOSÉ DEL CABO,Mexico,0,0
2026M07,OAKLAND,Estados Unidos,ZACATECAS,Mexico,0,0
2026M07,OAXACA,Mexico,DALLAS-FORT WORTH,Estados Unidos,31,4419
2026M07,OAXACA,Mexico,HOUSTON,Estados Unidos,31,2167
2026M07,OAXACA,Mexico,LOS ANGELES,Estados Unidos,18,2933
2026M07,ONTARIO,Estados Unidos,DEL BAJIO,Mexico,13,1358
2026M07,ONTARIO,Estados Unidos,GUADALAJARA,Mexico,61,10319
2026M07,ONTARIO,Estados Unidos,MORELIA,Mexico,13,1527
2026M07,ONTARIO,Estados Unidos,SAN JOSÉ DEL CABO,Mexico,0,0
2026M07,ORLANDO,Estados Unidos,CANCUN,Mexico,62,8978
2026M07,ORLANDO,Estados Unidos,GUADALAJARA,Mexico,27,4388
2026M07,ORLANDO,Estados Unidos,MERIDA,Mexico,9,1377
2026M07,ORLANDO,Estados Unidos,MEXICO,Mexico,122,18449
2026M07,ORLANDO,Estados Unidos,MONTERREY,Mexico,22,3405
2026M07,ORLANDO,Estados Unidos,QUERETARO,Mexico,9,1145
2026M07,OTTAWA,Canada,CANCUN,Mexico,9,886
2026M07,OTTAWA,Canada,PUERTO VALLARTA,Mexico,0,0
2026M07,PANAMA,Panama,CANCUN,Mexico,186,27371
2026M07,PANAMA,Panama,GUADALAJARA,Mexico,35,4321
2026M07,PANAMA,Panama,MEXICO,Mexico,178,22347
2026M07,PANAMA,Panama,MONTERREY,Mexico,35,4542
2026M07,PANAMA,Panama,SAN JOSÉ DEL CABO,Mexico,13,1594
2026M07,PANAMA,Panama,SANTA LUCÍA,Mexico,0,0
2026M07,PARIS,Francia,CANCUN,Mexico,22,7925
2026M07,PARIS,Francia,GUADALAJARA,Mexico,6,0
2026M07,PARIS,Francia,MEXICO,Mexico,95,26786
2026M07,PARIS,Francia,MONTERREY,Mexico,13,3164
2026M07,PARIS,Francia,SANTA LUCÍA,Mexico,12,0
2026M07,PHILADELPHIA,Estados Unidos,CANCUN,Mexico,93,14131
2026M07,PHILADELPHIA,Estados Unidos,MEXICO,Mexico,31,3980
2026M07,PHOENIX,Estados Unidos,CANCUN,Mexico,64,10540
2026M07,PHOENIX,Estados Unidos,CULIACAN,Mexico,9,901
2026M07,PHOENIX,Estados Unidos,GUADALAJARA,Mexico,74,8193
2026M07,PHOENIX,Estados Unidos,HERMOSILLO,Mexico,30,1784
2026M07,PHOENIX,Estados Unidos,IXTAPA ZIHUATANEJO,Mexico,9,502
2026M07,PHOENIX,Estados Unidos,LORETO,Mexico,21,917
2026M07,PHOENIX,Estados Unidos,MANZANILLO,Mexico,0,0
2026M07,PHOENIX,Estados Unidos,MAZATLAN,Mexico,30,1996
2026M07,PHOENIX,Estados Unidos,MEXICO,Mexico,61,8724
2026M07,PHOENIX,Estados Unidos,MONTERREY,Mexico,23,1054
2026M07,PHOENIX,Estados Unidos,PUERTO VALLARTA,Mexico,61,7872
2026M07,PHOENIX,Estados Unidos,SAN JOSÉ DEL CABO,Mexico,123,14862
2026M07,PHOENIX,Estados Unidos,TIJUANA,Mexico,18,659
2026M07,PITTSBURGH,Estados Unidos,CANCUN,Mexico,4,547
2026M07,"PORTLAND, OREGON",Estados Unidos,CANCUN,Mexico,0,0
2026M07,"PORTLAND, OREGON",Estados Unidos,GUADALAJARA,Mexico,41,7275
2026M07,"PORTLAND, OREGON",Estados Unidos,PUERTO VALLARTA,Mexico,4,608
2026M07,"PORTLAND, OREGON",Estados Unidos,SAN JOSÉ DEL CABO,Mexico,4,542
2026M07,PRINCE GEORGE,Canada,PUERTO VALLARTA,Mexico,0,0
2026M07,PUEBLA,Mexico,HOUSTON,Estados Unidos,44,2616
2026M07,PUEBLA,Mexico,LOS ANGELES,Estados Unidos,18,2612
2026M07,PUEBLA,Mexico,NEWARK,Estados Unidos,17,2595
2026M07,PUERTO ESCONDIDO,Mexico,CALGARY,Canada,0,0
2026M07,PUERTO ESCONDIDO,Mexico,DALLAS-FORT WORTH,Estados Unidos,9,614
2026M07,PUERTO ESCONDIDO,Mexico,HOUSTON,Estados Unidos,13,913
2026M07,PUERTO ESCONDIDO,Mexico,TORONTO,Canada,0,0
2026M07,PUERTO VALLARTA,Mexico,ABBOTSFORD,Canada,0,0
2026M07,PUERTO VALLARTA,Mexico,ATLANTA,Estados Unidos,31,4313
2026M07,PUERTO VALLARTA,Mexico,AUSTIN,Estados Unidos,0,0
2026M07,PUERTO VALLARTA,Mexico,CALGARY,Canada,27,4567
2026M07,PUERTO VALLARTA,Mexico,CHICAGO,Estados Unidos,8,1028
2026M07,PUERTO VALLARTA,Mexico,COMOX,Canada,0,0
2026M07,PUERTO VALLARTA,Mexico,DALLAS-FORT WORTH,Estados Unidos,65,10672
2026M07,PUERTO VALLARTA,Mexico,DENVER,Estados Unidos,53,6727
2026M07,PUERTO VALLARTA,Mexico,DETROIT,Estados Unidos,0,0
2026M07,PUERTO VALLARTA,Mexico,EDMONTON,Canada,4,538
2026M07,PUERTO VALLARTA,Mexico,HAMILTON,Canada,0,0
2026M07,PUERTO VALLARTA,Mexico,HOUSTON,Estados Unidos,84,9963
2026M07,PUERTO VALLARTA,Mexico,KELOWNA,Canada,0,0
2026M07,PUERTO VALLARTA,Mexico,LAS VEGAS,Estados Unidos,0,0
2026M07,PUERTO VALLARTA,Mexico,LOS ANGELES,Estados Unidos,105,17137
2026M07,PUERTO VALLARTA,Mexico,MINNEAPOLIS,Estados Unidos,0,0
2026M07,PUERTO VALLARTA,Mexico,MONTREAL,Canada,0,0
2026M07,PUERTO VALLARTA,Mexico,NEWARK,Estados Unidos,4,453
2026M07,PUERTO VALLARTA,Mexico,NUEVA YORK,Estados Unidos,0,0
2026M07,PUERTO VALLARTA,Mexico,OTTAWA,Canada,0,0
2026M07,PUERTO VALLARTA,Mexico,PHOENIX,Estados Unidos,61,8058
2026M07,PUERTO VALLARTA,Mexico,"PORTLAND, OREGON",Estados Unidos,4,613
2026M07,PUERTO VALLARTA,Mexico,PRINCE GEORGE,Canada,0,0
2026M07,PUERTO VALLARTA,Mexico,QUEBEC,Canada,0,0
2026M07,PUERTO VALLARTA,Mexico,"REGINA, Canada",Canada,0,0
2026M07,PUERTO VALLARTA,Mexico,SACRAMENTO,Estados Unidos,3,462
2026M07,PUERTO VALLARTA,Mexico,SALT LAKE CITY,Estados Unidos,31,4470
2026M07,PUERTO VALLARTA,Mexico,SAN DIEGO,Estados Unidos,4,614
2026M07,PUERTO VALLARTA,Mexico,SAN FRANCISCO,Estados Unidos,31,5036
2026M07,PUERTO VALLARTA,Mexico,"SAN JOSE, CALIFORNIA",Estados Unidos,0,0
2026M07,PUERTO VALLARTA,Mexico,"SANTA ANA, CALIFORNIA",Estados Unidos,0,0
2026M07,PUERTO VALLARTA,Mexico,SASKATOON,Canada,0,0
2026M07,PUERTO VALLARTA,Mexico,SEATTLE,Estados Unidos,4,661
2026M07,PUERTO VALLARTA,Mexico,ST. LOUIS,Estados Unidos,0,0
2026M07,PUERTO VALLARTA,Mexico,TORONTO,Canada,4,638
2026M07,PUERTO VALLARTA,Mexico,VANCOUVER,Canada,5,828
2026M07,PUERTO VALLARTA,Mexico,"VICTORIA, COLUMBIA",Canada,0,0
2026M07,PUERTO VALLARTA,Mexico,WINNIPEG,Canada,0,0
2026M07,PUNTA CANA,Republica Dominicana,CANCUN,Mexico,40,4951
2026M07,PUNTA CANA,Republica Dominicana,MEXICO,Mexico,31,4798
2026M07,PUNTA CANA,Republica Dominicana,SANTA LUCÍA,Mexico,30,4287
2026M07,"Providence, Rhode Island",Estados Unidos,CANCUN,Mexico,0,0
2026M07,QUEBEC,Canada,CANCUN,Mexico,12,2075
2026M07,QUEBEC,Canada,PUERTO VALLARTA,Mexico,0,0
2026M07,QUEBEC,Canada,TULUM,Mexico,0,0
2026M07,QUERETARO,Mexico,ATLANTA,Estados Unidos,31,2732
2026M07,QUERETARO,Mexico,CHICAGO,Estados Unidos,13,2106
2026M07,QUERETARO,Mexico,DALLAS-FORT WORTH,Estados Unidos,108,17396
2026M07,QUERETARO,Mexico,DENVER,Estados Unidos,9,1003
2026M07,QUERETARO,Mexico,DETROIT,Estados Unidos,27,1936
2026M07,QUERETARO,Mexico,HOUSTON,Estados Unidos,116,13666
2026M07,QUERETARO,Mexico,LOS ANGELES,Estados Unidos,13,1573
2026M07,QUERETARO,Mexico,MADRID,España,9,3548
2026M07,QUERETARO,Mexico,MEMPHIS,Estados Unidos,22,0
2026M07,QUERETARO,Mexico,ORLANDO,Estados Unidos,9,1342
2026M07,QUERETARO,Mexico,SAN ANTONIO,Estados Unidos,45,3815
2026M07,QUITO,Ecuador,MEXICO,Mexico,17,1848
2026M07,QUITO,Ecuador,SANTA LUCÍA,Mexico,9,0
2026M07,RALEIGH/DURHAM,Estados Unidos,CANCUN,Mexico,0,0
2026M07,RALEIGH/DURHAM,Estados Unidos,MEXICO,Mexico,31,2528
2026M07,"REGINA, Canada",Canada,CANCUN,Mexico,0,0
2026M07,"REGINA, Canada",Canada,MAZATLAN,Mexico,0,0
2026M07,"REGINA, Canada",Canada,PUERTO VALLARTA,Mexico,0,0
2026M07,RENO,Estados Unidos,GUADALAJARA,Mexico,23,2588
2026M07,ROMA,Italia,CANCUN,Mexico,5,1689
2026M07,ROMA,Italia,MEXICO,Mexico,31,7301
2026M07,SACRAMENTO,Estados Unidos,DEL BAJIO,Mexico,13,1678
2026M07,SACRAMENTO,Estados Unidos,GUADALAJARA,Mexico,102,15914
2026M07,SACRAMENTO,Estados Unidos,MEXICO,Mexico,0,0
2026M07,SACRAMENTO,Estados Unidos,MORELIA,Mexico,17,2273
2026M07,SACRAMENTO,Estados Unidos,PUERTO VALLARTA,Mexico,3,403
2026M07,SACRAMENTO,Estados Unidos,SAN JOSÉ DEL CABO,Mexico,31,4659
2026M07,SALT LAKE CITY,Estados Unidos,CANCUN,Mexico,31,5607
2026M07,SALT LAKE CITY,Estados Unidos,GUADALAJARA,Mexico,45,6524
2026M07,SALT LAKE CITY,Estados Unidos,MEXICO,Mexico,31,3740
2026M07,SALT LAKE CITY,Estados Unidos,MONTERREY,Mexico,0,0
2026M07,SALT LAKE CITY,Estados Unidos,PUERTO VALLARTA,Mexico,31,4187
2026M07,SALT LAKE CITY,Estados Unidos,SAN JOSÉ DEL CABO,Mexico,31,4117
2026M07,SAN ANTONIO,Estados Unidos,CANCUN,Mexico,49,7481
2026M07,SAN ANTONIO,Estados Unidos,DEL BAJIO,Mexico,10,1035
2026M07,SAN ANTONIO,Estados Unidos,GUADALAJARA,Mexico,63,6156
2026M07,SAN ANTONIO,Estados Unidos,MEXICO,Mexico,93,14181
2026M07,SAN ANTONIO,Estados Unidos,MONTERREY,Mexico,54,6936
2026M07,SAN ANTONIO,Estados Unidos,MORELIA,Mexico,0,0
2026M07,SAN ANTONIO,Estados Unidos,QUERETARO,Mexico,26,3319
2026M07,SAN ANTONIO,Estados Unidos,SAN LUIS POTOSI,Mexico,14,1501
2026M07,SAN ANTONIO,Estados Unidos,TORREON,Mexico,8,567
2026M07,SAN DIEGO,Estados Unidos,PUERTO VALLARTA,Mexico,4,653
2026M07,SAN DIEGO,Estados Unidos,SAN JOSÉ DEL CABO,Mexico,55,7699
2026M07,SAN FRANCISCO,Estados Unidos,CANCUN,Mexico,66,10943
2026M07,SAN FRANCISCO,Estados Unidos,GUADALAJARA,Mexico,31,4608
2026M07,SAN FRANCISCO,Estados Unidos,IXTAPA ZIHUATANEJO,Mexico,0,0
2026M07,SAN FRANCISCO,Estados Unidos,LORETO,Mexico,0,0
2026M07,SAN FRANCISCO,Estados Unidos,MEXICO,Mexico,182,23411
2026M07,SAN FRANCISCO,Estados Unidos,MONTERREY,Mexico,31,1572
2026M07,SAN FRANCISCO,Estados Unidos,PUERTO VALLARTA,Mexico,31,4943
2026M07,SAN FRANCISCO,Estados Unidos,SAN JOSÉ DEL CABO,Mexico,97,14263
2026M07,"SAN JOSE, CALIFORNIA",Estados Unidos,DEL BAJIO,Mexico,9,1210
2026M07,"SAN JOSE, CALIFORNIA",Estados Unidos,GUADALAJARA,Mexico,58,11350
2026M07,"SAN JOSE, CALIFORNIA",Estados Unidos,MORELIA,Mexico,18,2496
2026M07,"SAN JOSE, CALIFORNIA",Estados Unidos,PUERTO VALLARTA,Mexico,0,0
2026M07,"SAN JOSE, CALIFORNIA",Estados Unidos,SAN JOSÉ DEL CABO,Mexico,0,0
2026M07,"SAN JOSE, CALIFORNIA",Estados Unidos,ZACATECAS,Mexico,9,1331
2026M07,"SAN JOSE, COSTA RICA",Costa Rica,CANCUN,Mexico,61,6930
2026M07,"SAN JOSE, COSTA RICA",Costa Rica,GUADALAJARA,Mexico,8,685
2026M07,"SAN JOSE, COSTA RICA",Costa Rica,MEXICO,Mexico,124,17411
2026M07,"SAN JOSE, COSTA RICA",Costa Rica,MONTERREY,Mexico,12,1096
2026M07,SAN JOSÉ DEL CABO,Mexico,ATLANTA,Estados Unidos,35,6137
2026M07,SAN JOSÉ DEL CABO,Mexico,AUSTIN,Estados Unidos,22,2870
2026M07,SAN JOSÉ DEL CABO,Mexico,BALTIMORE,Estados Unidos,0,0
2026M07,SAN JOSÉ DEL CABO,Mexico,CALGARY,Canada,8,1235
2026M07,SAN JOSÉ DEL CABO,Mexico,CHARLOTTE,Estados Unidos,21,3208
2026M07,SAN JOSÉ DEL CABO,Mexico,CHICAGO,Estados Unidos,35,5185
2026M07,SAN JOSÉ DEL CABO,Mexico,DALLAS-FORT WORTH,Estados Unidos,142,22275
2026M07,SAN JOSÉ DEL CABO,Mexico,DENVER,Estados Unidos,73,9018
2026M07,SAN JOSÉ DEL CABO,Mexico,DETROIT,Estados Unidos,0,0
2026M07,SAN JOSÉ DEL CABO,Mexico,EDMONTON,Canada,0,0
2026M07,SAN JOSÉ DEL CABO,Mexico,FRANKFURT,Alemania,0,0
2026M07,SAN JOSÉ DEL CABO,Mexico,HOUSTON,Estados Unidos,143,17397
2026M07,SAN JOSÉ DEL CABO,Mexico,INDIANAPOLIS,Estados Unidos,0,0
2026M07,SAN JOSÉ DEL CABO,Mexico,KANSAS CITY,Estados Unidos,0,0
2026M07,SAN JOSÉ DEL CABO,Mexico,KELOWNA,Canada,0,0
2026M07,SAN JOSÉ DEL CABO,Mexico,LAS VEGAS,Estados Unidos,18,2278
2026M07,SAN JOSÉ DEL CABO,Mexico,LOS ANGELES,Estados Unidos,173,29418
2026M07,SAN JOSÉ DEL CABO,Mexico,MINNEAPOLIS,Estados Unidos,0,0
2026M07,SAN JOSÉ DEL CABO,Mexico,MONTREAL,Canada,0,0
2026M07,SAN JOSÉ DEL CABO,Mexico,NASHVILLE,Estados Unidos,3,325
2026M07,SAN JOSÉ DEL CABO,Mexico,NEWARK,Estados Unidos,8,1167
2026M07,SAN JOSÉ DEL CABO,Mexico,NUEVA YORK,Estados Unidos,30,4038
2026M07,SAN JOSÉ DEL CABO,Mexico,OAKLAND,Estados Unidos,0,0
2026M07,SAN JOSÉ DEL CABO,Mexico,ONTARIO,Estados Unidos,0,0
2026M07,SAN JOSÉ DEL CABO,Mexico,PANAMA,Panama,13,1756
2026M07,SAN JOSÉ DEL CABO,Mexico,PHOENIX,Estados Unidos,123,15755
2026M07,SAN JOSÉ DEL CABO,Mexico,"PORTLAND, OREGON",Estados Unidos,4,540
2026M07,SAN JOSÉ DEL CABO,Mexico,SACRAMENTO,Estados Unidos,31,4754
2026M07,SAN JOSÉ DEL CABO,Mexico,SALT LAKE CITY,Estados Unidos,31,3783
2026M07,SAN JOSÉ DEL CABO,Mexico,SAN DIEGO,Estados Unidos,55,7749
2026M07,SAN JOSÉ DEL CABO,Mexico,SAN FRANCISCO,Estados Unidos,97,14596
2026M07,SAN JOSÉ DEL CABO,Mexico,"SAN JOSE, CALIFORNIA",Estados Unidos,0,0
2026M07,SAN JOSÉ DEL CABO,Mexico,"SANTA ANA, CALIFORNIA",Estados Unidos,7,1073
2026M07,SAN JOSÉ DEL CABO,Mexico,SEATTLE,Estados Unidos,31,4532
2026M07,SAN JOSÉ DEL CABO,Mexico,ST. LOUIS,Estados Unidos,3,340
2026M07,SAN JOSÉ DEL CABO,Mexico,TORONTO,Canada,5,766
2026M07,SAN JOSÉ DEL CABO,Mexico,VANCOUVER,Canada,14,2258
2026M07,SAN JOSÉ DEL CABO,Mexico,"VICTORIA, COLUMBIA",Canada,0,0
2026M07,SAN JOSÉ DEL CABO,Mexico,WINNIPEG,Canada,0,0
2026M07,SAN LUIS POTOSI,Mexico,ATLANTA,Estados Unidos,0,0
2026M07,SAN LUIS POTOSI,Mexico,CHICAGO,Estados Unidos,17,2350
2026M07,SAN LUIS POTOSI,Mexico,DALLAS-FORT WORTH,Estados Unidos,44,5980
2026M07,SAN LUIS POTOSI,Mexico,HOUSTON,Estados Unidos,75,7323
2026M07,SAN LUIS POTOSI,Mexico,SAN ANTONIO,Estados Unidos,14,1485
2026M07,SAN PEDRO SULA,Honduras,MEXICO,Mexico,17,1333
2026M07,SAN SALVADOR,El Salvador,MEXICO,Mexico,79,9533
2026M07,"SANTA ANA, CALIFORNIA",Estados Unidos,PUERTO VALLARTA,Mexico,0,0
2026M07,"SANTA ANA, CALIFORNIA",Estados Unidos,SAN JOSÉ DEL CABO,Mexico,7,1018
2026M07,SANTA LUCÍA,Mexico,BOGOTA,Colombia,62,7445
2026M07,SANTA LUCÍA,Mexico,CAMPINAS,Brasil,6,0
2026M07,SANTA LUCÍA,Mexico,CARACAS,Venezuela,0,0
2026M07,SANTA LUCÍA,Mexico,CARTAGENA DE INDIAS,Colombia,13,1702
2026M07,SANTA LUCÍA,Mexico,CHICAGO,Estados Unidos,0,0
2026M07,SANTA LUCÍA,Mexico,DOHA,Qatar,6,0
2026M07,SANTA LUCÍA,Mexico,ESTAMBUL (ARNAVUTKOY),Turquia,5,0
2026M07,SANTA LUCÍA,Mexico,FRANKFURT,Alemania,26,0
2026M07,SANTA LUCÍA,Mexico,GUATEMALA,Guatemala,16,0
2026M07,SANTA LUCÍA,Mexico,HONG KONG,HONG KONG,25,0
2026M07,SANTA LUCÍA,Mexico,HOUSTON,Estados Unidos,6,0
2026M07,SANTA LUCÍA,Mexico,JEBEL ALI,Emiratos Arabes,9,0
2026M07,SANTA LUCÍA,Mexico,LA HABANA,Cuba,13,1251
2026M07,SANTA LUCÍA,Mexico,LIMA,Peru,4,0
2026M07,SANTA LUCÍA,Mexico,LOS ANGELES,Estados Unidos,31,0
2026M07,SANTA LUCÍA,Mexico,"LOUISVILLE, KENTUCKY",Estados Unidos,23,0
2026M07,SANTA LUCÍA,Mexico,LUXEMBURGO,Luxemburgo,26,0
2026M07,SANTA LUCÍA,Mexico,MEDELLIN,Colombia,19,2583
2026M07,SANTA LUCÍA,Mexico,MIAMI,Estados Unidos,9,0
2026M07,SANTA LUCÍA,Mexico,MONTREAL,Canada,16,0
2026M07,SANTA LUCÍA,Mexico,PANAMA,Panama,5,0
2026M07,SANTA LUCÍA,Mexico,PARIS,Francia,12,0
2026M07,SANTA LUCÍA,Mexico,PUNTA CANA,Republica Dominicana,32,5198
2026M07,SANTA LUCÍA,Mexico,QUITO,Ecuador,7,0
2026M07,SANTA LUCÍA,Mexico,SAN ANTONIO,Estados Unidos,0,0
2026M07,SANTA LUCÍA,Mexico,"SAN JOSE, COSTA RICA",Costa Rica,7,0
2026M07,SANTA LUCÍA,Mexico,SAN PEDRO SULA,Honduras,1,0
2026M07,SANTA LUCÍA,Mexico,SANTIAGO DE CHILE,Chile,2,0
2026M07,SANTA LUCÍA,Mexico,"SANTO DOMINGO,REP DOM",Republica Dominicana,17,2588
2026M07,SANTA LUCÍA,Mexico,SHANGHAI,China,34,0
2026M07,SANTA LUCÍA,Mexico,SHENZHEN,China,4,0
2026M07,SANTA LUCÍA,Mexico,Seoul,COREA DEL SUR,7,0
2026M07,SANTA LUCÍA,Mexico,TORONTO,Canada,11,0
2026M07,SANTA LUCÍA,Mexico,"VALENCIA, Venezuela",Venezuela,3,560
2026M07,SANTA LUCÍA,Mexico,VANCOUVER,Canada,0,0
2026M07,SANTA LUCÍA,Mexico,WUXI,China,0,0
2026M07,SANTIAGO DE CHILE,Chile,CANCUN,Mexico,4,936
2026M07,SANTIAGO DE CHILE,Chile,MEXICO,Mexico,31,6299
2026M07,SANTIAGO DE CHILE,Chile,SANTA LUCÍA,Mexico,0,0
2026M07,"SANTO DOMINGO,REP DOM",Republica Dominicana,MEXICO,Mexico,31,4023
2026M07,"SANTO DOMINGO,REP DOM",Republica Dominicana,SANTA LUCÍA,Mexico,17,2064
2026M07,SAO PAULO,Brasil,MEXICO,Mexico,61,12907
2026M07,SASKATOON,Canada,CANCUN,Mexico,0,0
2026M07,SASKATOON,Canada,PUERTO VALLARTA,Mexico,0,0
2026M07,SEATTLE,Estados Unidos,CANCUN,Mexico,0,0
2026M07,SEATTLE,Estados Unidos,GUADALAJARA,Mexico,89,13519
2026M07,SEATTLE,Estados Unidos,MEXICO,Mexico,31,4409
2026M07,SEATTLE,Estados Unidos,PUERTO VALLARTA,Mexico,4,683
2026M07,SEATTLE,Estados Unidos,SAN JOSÉ DEL CABO,Mexico,31,4610
2026M07,SHANGHAI,China,SANTA LUCÍA,Mexico,40,0
2026M07,SHENZHEN,China,MEXICO,Mexico,13,2114
2026M07,SHENZHEN,China,SANTA LUCÍA,Mexico,4,0
2026M07,ST. JOHN'S,Canada,CANCUN,Mexico,0,0
2026M07,ST. LOUIS,Estados Unidos,CANCUN,Mexico,96,15271
2026M07,ST. LOUIS,Estados Unidos,PUERTO VALLARTA,Mexico,0,0
2026M07,ST. LOUIS,Estados Unidos,SAN JOSÉ DEL CABO,Mexico,3,376
2026M07,Seoul,COREA DEL SUR,GUADALAJARA,Mexico,14,0
2026M07,Seoul,COREA DEL SUR,MEXICO,Mexico,31,6559
2026M07,Seoul,COREA DEL SUR,SANTA LUCÍA,Mexico,4,0
2026M07,TAMPA,Estados Unidos,CANCUN,Mexico,31,4588
2026M07,TAMPA,Estados Unidos,MEXICO,Mexico,31,4591
2026M07,TAMPICO,Mexico,DALLAS-FORT WORTH,Estados Unidos,26,1515
2026M07,TAMPICO,Mexico,HOUSTON,Estados Unidos,31,2111
2026M07,TEPIC,Mexico,CALGARY,Canada,0,0
2026M07,TEPIC,Mexico,HOUSTON,Estados Unidos,4,185
2026M07,TEPIC,Mexico,LOS ANGELES,Estados Unidos,14,1922
2026M07,THUNDER BAY,Canada,CANCUN,Mexico,0,0
2026M07,TIJUANA,Mexico,PHOENIX,Estados Unidos,18,703
2026M07,TOKYO,Japon,MEXICO,Mexico,61,11188
2026M07,TOLUCA,Mexico,MEMPHIS,Estados Unidos,22,0
2026M07,TORONTO,Canada,CANCUN,Mexico,204,33806
2026M07,TORONTO,Canada,COZUMEL,Mexico,1,10
2026M07,TORONTO,Canada,GUADALAJARA,Mexico,13,1677
2026M07,TORONTO,Canada,HUATULCO,Mexico,0,0
2026M07,TORONTO,Canada,IXTAPA ZIHUATANEJO,Mexico,0,0
2026M07,TORONTO,Canada,MAZATLAN,Mexico,0,0
2026M07,TORONTO,Canada,MERIDA,Mexico,0,0
2026M07,TORONTO,Canada,MEXICO,Mexico,109,16306
2026M07,TORONTO,Canada,MONTERREY,Mexico,0,0
2026M07,TORONTO,Canada,PUERTO ESCONDIDO,Mexico,0,0
2026M07,TORONTO,Canada,PUERTO VALLARTA,Mexico,4,641
2026M07,TORONTO,Canada,SAN JOSÉ DEL CABO,Mexico,5,758
2026M07,TORONTO,Canada,SANTA LUCÍA,Mexico,29,0
2026M07,TORONTO,Canada,TULUM,Mexico,0,0
2026M07,TORREON,Mexico,DALLAS-FORT WORTH,Estados Unidos,62,3910
2026M07,TORREON,Mexico,SAN ANTONIO,Estados Unidos,8,618
2026M07,TULSA,Estados Unidos,CANCUN,Mexico,9,1514
2026M07,TULUM,Mexico,ATLANTA,Estados Unidos,4,548
2026M07,TULUM,Mexico,CALGARY,Canada,0,0
2026M07,TULUM,Mexico,DALLAS-FORT WORTH,Estados Unidos,20,1232
2026M07,TULUM,Mexico,HOUSTON,Estados Unidos,31,3393
2026M07,TULUM,Mexico,MIAMI,Estados Unidos,27,2731
2026M07,TULUM,Mexico,MONTREAL,Canada,0,0
2026M07,TULUM,Mexico,NEWARK,Estados Unidos,0,0
2026M07,TULUM,Mexico,NUEVA YORK,Estados Unidos,0,0
2026M07,TULUM,Mexico,QUEBEC,Canada,0,0
2026M07,TULUM,Mexico,TORONTO,Canada,0,0
2026M07,URUAPAN,Mexico,LOS ANGELES,Estados Unidos,9,1335
2026M07,"VALENCIA, Venezuela",Venezuela,CANCUN,Mexico,1,44
2026M07,"VALENCIA, Venezuela",Venezuela,SANTA LUCÍA,Mexico,3,464
2026M07,VANCOUVER,Canada,CANCUN,Mexico,23,3805
2026M07,VANCOUVER,Canada,GUADALAJARA,Mexico,17,2462
2026M07,VANCOUVER,Canada,HUATULCO,Mexico,0,0
2026M07,VANCOUVER,Canada,IXTAPA ZIHUATANEJO,Mexico,0,0
2026M07,VANCOUVER,Canada,MAZATLAN,Mexico,0,0
2026M07,VANCOUVER,Canada,MEXICO,Mexico,80,11494
2026M07,VANCOUVER,Canada,PUERTO VALLARTA,Mexico,5,782
2026M07,VANCOUVER,Canada,SAN JOSÉ DEL CABO,Mexico,14,1995
2026M07,VERACRUZ,Mexico,DALLAS-FORT WORTH,Estados Unidos,61,2499
2026M07,VERACRUZ,Mexico,HOUSTON,Estados Unidos,32,3763
2026M07,"VICTORIA, COLUMBIA",Canada,CANCUN,Mexico,0,0
2026M07,"VICTORIA, COLUMBIA",Canada,PUERTO VALLARTA,Mexico,0,0
2026M07,"VICTORIA, COLUMBIA",Canada,SAN JOSÉ DEL CABO,Mexico,0,0
2026M07,WASHINGTON,Estados Unidos,CANCUN,Mexico,62,10734
2026M07,WASHINGTON,Estados Unidos,MEXICO,Mexico,62,8737
2026M07,WINDSOR,Canada,CANCUN,Mexico,0,0
2026M07,WINNIPEG,Canada,CANCUN,Mexico,4,561
2026M07,WINNIPEG,Canada,HUATULCO,Mexico,0,0
2026M07,WINNIPEG,Canada,MAZATLAN,Mexico,0,0
2026M07,WINNIPEG,Canada,PUERTO VALLARTA,Mexico,0,0
2026M07,WINNIPEG,Canada,SAN JOSÉ DEL CABO,Mexico,0,0
2026M07,WUXI,China,SANTA LUCÍA,Mexico,13,0
2026M07,ZACATECAS,Mexico,CHICAGO,Estados Unidos,17,2656
2026M07,ZACATECAS,Mexico,DALLAS-FORT WORTH,Estados Unidos,31,1899
2026M07,ZACATECAS,Mexico,LOS ANGELES,Estados Unidos,27,4126
2026M07,ZACATECAS,Mexico,OAKLAND,Estados Unidos,0,0
2026M07,ZACATECAS,Mexico,"SAN JOSE, CALIFORNIA",Estados Unidos,9,1411
2026M07,"ZARAGOZA, ES",España,SANTA LUCÍA,Mexico,19,0
2026M07,ZURICH,Suiza,CANCUN,Mexico,8,1686
